id,label_id,title,artist,year,catno,discogs_url,thumb_url,details_fetched,youtube_matched,listened,wishlist,fetched_at,release_order,match_confidence,processing_error,import_source
2060,254,Ploy,Maurizio,,M-1,https://www.discogs.com/releases/2060,https://i.discogs.com/ntozUvgIXhYNNuz7tSwx68u4xD08fiSpx59ecFuRwIw/rs:fit/g:sm/q:40/h:150/w:150/czM6Ly9kaXNjb2dz/LWRhdGFiYXNlLWlt/YWdlcy9SLTIwNjAt/MTE5NTU2NDYzOC5q/cGVn.jpeg,1,0,0,1,1771445244032,38,0.0,,discogs_want
2579,541304,"I Would Do Anything For A Dairylea","Lucky & Easy",2000,"7 dsr/ lae 1",https://www.discogs.com/release/2579,https://i.discogs.com/rcvVQvSyIfVoXQB1PpSEJiL4aWUr_h6EZ4FbrzlsvdU/rs:fit/g:sm/q:40/h:150/w:150/czM6Ly9kaXNjb2dz/LWRhdGFiYXNlLWlt/YWdlcy9SLTI1Nzkt/MTQ0OTEzMDA4Mi0z/ODExLnBuZw.jpeg,1,0,1,0,1771423600229,0,0.0,"Track match issue: YouTube API error 403: {
  ""error"": {
    ""code"": 403,
    ""message"": ""Requests to this API youtube method youtube.api.v3.V3DataSearchService.List are blocked."",
    ""errors"": [
      {
        ""message"": ""Requests to this API youtube method youtube.api.v3.V3DataSearchService.List are blocked."",
        ""domain"": ""global"",
        ""reason"": ""forbidden""
      }
    ],
    ""status"": ""PERMISSION_DENIED"",
    ""details"": [
      {
        ""@type"": ""type.googleapis.com/google.rpc.ErrorInfo"",
        ""reason"": ""API_KEY_SERVICE_BLOCKED"",
        ""domain"": ""googleapis.com"",
        ""metadata"": {
          ""consumer"": ""projects/1097707475336"",
          ""service"": ""youtube.googleapis.com"",
          ""methodName"": ""youtube.api.v3.V3DataSearchService.List"",
          ""apiName"": ""youtube""
        }
      },
      {
        ""@type"": ""type.googleapis.com/google.rpc.LocalizedMessage"",
        ""locale"": ""en-US"",
        ""message"": ""Requests to this API youtube method youtube.api.v3.V3DataSearchService.List are blocked.""
      }
    ]
  }
}
",label
3117,541304,"The Lost Day EP",Norken,2000,"09 dsr/nor1",https://www.discogs.com/release/3117,https://i.discogs.com/dwtaTVaixBB33n96PYikhomrquJdI_5yDHcUuGaKGkM/rs:fit/g:sm/q:40/h:150/w:150/czM6Ly9kaXNjb2dz/LWRhdGFiYXNlLWlt/YWdlcy9SLTMxMTct/MTMwNTg0MDQzMi5q/cGVn.jpeg,1,0,1,0,1771423603165,1,0.0,"Track match issue: YouTube API error 403: {
  ""error"": {
    ""code"": 403,
    ""message"": ""Requests to this API youtube method youtube.api.v3.V3DataSearchService.List are blocked."",
    ""errors"": [
      {
        ""message"": ""Requests to this API youtube method youtube.api.v3.V3DataSearchService.List are blocked."",
        ""domain"": ""global"",
        ""reason"": ""forbidden""
      }
    ],
    ""status"": ""PERMISSION_DENIED"",
    ""details"": [
      {
        ""@type"": ""type.googleapis.com/google.rpc.ErrorInfo"",
        ""reason"": ""API_KEY_SERVICE_BLOCKED"",
        ""domain"": ""googleapis.com"",
        ""metadata"": {
          ""service"": ""youtube.googleapis.com"",
          ""consumer"": ""projects/1097707475336"",
          ""methodName"": ""youtube.api.v3.V3DataSearchService.List"",
          ""apiName"": ""youtube""
        }
      },
      {
        ""@type"": ""type.googleapis.com/google.rpc.LocalizedMessage"",
        ""locale"": ""en-US"",
        ""message"": ""Requests to this API youtube method youtube.api.v3.V3DataSearchService.List are blocked.""
      }
    ]
  }
}
",label
3119,541304,"Service Pack",CiM,1999,"5 dsr/cim 1",https://www.discogs.com/release/3119,https://i.discogs.com/eSdHnY2aUGjQ2yxrKDTaK-WAesRZmyf9vC-WQtPPN8s/rs:fit/g:sm/q:40/h:150/w:150/czM6Ly9kaXNjb2dz/LWRhdGFiYXNlLWlt/YWdlcy9SLTMxMTkt/MTY4OTAxNDM4OC0x/NzY5LmpwZWc.jpeg,1,0,1,0,1771423606203,2,0.0,"Track match issue: YouTube API error 403: {
  ""error"": {
    ""code"": 403,
    ""message"": ""Requests to this API youtube method youtube.api.v3.V3DataSearchService.List are blocked."",
    ""errors"": [
      {
        ""message"": ""Requests to this API youtube method youtube.api.v3.V3DataSearchService.List are blocked."",
        ""domain"": ""global"",
        ""reason"": ""forbidden""
      }
    ],
    ""status"": ""PERMISSION_DENIED"",
    ""details"": [
      {
        ""@type"": ""type.googleapis.com/google.rpc.ErrorInfo"",
        ""reason"": ""API_KEY_SERVICE_BLOCKED"",
        ""domain"": ""googleapis.com"",
        ""metadata"": {
          ""apiName"": ""youtube"",
          ""consumer"": ""projects/1097707475336"",
          ""methodName"": ""youtube.api.v3.V3DataSearchService.List"",
          ""service"": ""youtube.googleapis.com""
        }
      },
      {
        ""@type"": ""type.googleapis.com/google.rpc.LocalizedMessage"",
        ""locale"": ""en-US"",
        ""message"": ""Requests to this API youtube method youtube.api.v3.V3DataSearchService.List are blocked.""
      }
    ]
  }
}
",label
4670,541304,"Pharaoh's Doorway EP","Optic Nerve",2001,"16 dsr/otn1",https://www.discogs.com/release/4670,https://i.discogs.com/VFCGdDqfXWDqdnctBABf8DAWKa6tDSe9Xegna0qWbcg/rs:fit/g:sm/q:40/h:150/w:150/czM6Ly9kaXNjb2dz/LWRhdGFiYXNlLWlt/YWdlcy9SLTQ2NzAt/MTE2MTM0Mjc3MS5q/cGVn.jpeg,1,0,1,0,1771423621299,3,0.0,"Track match issue: YouTube API error 403: {
  ""error"": {
    ""code"": 403,
    ""message"": ""Requests to this API youtube method youtube.api.v3.V3DataSearchService.List are blocked."",
    ""errors"": [
      {
        ""message"": ""Requests to this API youtube method youtube.api.v3.V3DataSearchService.List are blocked."",
        ""domain"": ""global"",
        ""reason"": ""forbidden""
      }
    ],
    ""status"": ""PERMISSION_DENIED"",
    ""details"": [
      {
        ""@type"": ""type.googleapis.com/google.rpc.ErrorInfo"",
        ""reason"": ""API_KEY_SERVICE_BLOCKED"",
        ""domain"": ""googleapis.com"",
        ""metadata"": {
          ""service"": ""youtube.googleapis.com"",
          ""consumer"": ""projects/1097707475336"",
          ""methodName"": ""youtube.api.v3.V3DataSearchService.List"",
          ""apiName"": ""youtube""
        }
      },
      {
        ""@type"": ""type.googleapis.com/google.rpc.LocalizedMessage"",
        ""locale"": ""en-US"",
        ""message"": ""Requests to this API youtube method youtube.api.v3.V3DataSearchService.List are blocked.""
      }
    ]
  }
}
",label
5299,541304,"Audience EP","Peel Seamus",1997,"02 dsr/psm2",https://www.discogs.com/release/5299,https://i.discogs.com/S0akmfDjT299bt0jFw5MN__dHKec_KwDLYe1yE4siuc/rs:fit/g:sm/q:40/h:150/w:150/czM6Ly9kaXNjb2dz/LWRhdGFiYXNlLWlt/YWdlcy9SLTUyOTkt/MTQ0OTk5NTAyNS0z/ODg4LnBuZw.jpeg,1,0,0,0,1771423624057,4,0.0,"Track match issue: YouTube API error 403: {
  ""error"": {
    ""code"": 403,
    ""message"": ""Requests to this API youtube method youtube.api.v3.V3DataSearchService.List are blocked."",
    ""errors"": [
      {
        ""message"": ""Requests to this API youtube method youtube.api.v3.V3DataSearchService.List are blocked."",
        ""domain"": ""global"",
        ""reason"": ""forbidden""
      }
    ],
    ""status"": ""PERMISSION_DENIED"",
    ""details"": [
      {
        ""@type"": ""type.googleapis.com/google.rpc.ErrorInfo"",
        ""reason"": ""API_KEY_SERVICE_BLOCKED"",
        ""domain"": ""googleapis.com"",
        ""metadata"": {
          ""service"": ""youtube.googleapis.com"",
          ""consumer"": ""projects/1097707475336"",
          ""methodName"": ""youtube.api.v3.V3DataSearchService.List"",
          ""apiName"": ""youtube""
        }
      },
      {
        ""@type"": ""type.googleapis.com/google.rpc.LocalizedMessage"",
        ""locale"": ""en-US"",
        ""message"": ""Requests to this API youtube method youtube.api.v3.V3DataSearchService.List are blocked.""
      }
    ]
  }
}
",label
7221,541304,Trespassers,Newworldaquarium,2000,13dsr/nwa2,https://www.discogs.com/release/7221,https://i.discogs.com/n1Mqa1qHOiEruUsUzhNkv2J8OGm9v0lCT7k1FjTlaFo/rs:fit/g:sm/q:40/h:150/w:150/czM6Ly9kaXNjb2dz/LWRhdGFiYXNlLWlt/YWdlcy9SLTcyMjEt/MTcwMzUxNDYxNy0y/NjkyLmpwZWc.jpeg,1,0,0,0,1771423626817,5,0.0,"Track match issue: YouTube API error 403: {
  ""error"": {
    ""code"": 403,
    ""message"": ""Requests to this API youtube method youtube.api.v3.V3DataSearchService.List are blocked."",
    ""errors"": [
      {
        ""message"": ""Requests to this API youtube method youtube.api.v3.V3DataSearchService.List are blocked."",
        ""domain"": ""global"",
        ""reason"": ""forbidden""
      }
    ],
    ""status"": ""PERMISSION_DENIED"",
    ""details"": [
      {
        ""@type"": ""type.googleapis.com/google.rpc.ErrorInfo"",
        ""reason"": ""API_KEY_SERVICE_BLOCKED"",
        ""domain"": ""googleapis.com"",
        ""metadata"": {
          ""apiName"": ""youtube"",
          ""service"": ""youtube.googleapis.com"",
          ""consumer"": ""projects/1097707475336"",
          ""methodName"": ""youtube.api.v3.V3DataSearchService.List""
        }
      },
      {
        ""@type"": ""type.googleapis.com/google.rpc.LocalizedMessage"",
        ""locale"": ""en-US"",
        ""message"": ""Requests to this API youtube method youtube.api.v3.V3DataSearchService.List are blocked.""
      }
    ]
  }
}
",label
24761,1558,Sorceror,Megalon,,"Plk 007",https://www.discogs.com/releases/24761,https://i.discogs.com/YMjC1mhCk7dLAdL9ZVrRPykJs-M_RBgBa1LpD01My2c/rs:fit/g:sm/q:40/h:150/w:150/czM6Ly9kaXNjb2dz/LWRhdGFiYXNlLWlt/YWdlcy9SLTI0NzYx/LTExODIzNjIwMDMu/anBlZw.jpeg,1,0,0,1,1771445244032,47,0.0,,discogs_want
24886,238,"West On 27th",Killahurtz,,"HOOJ 91",https://www.discogs.com/releases/24886,https://i.discogs.com/KHgQkbAWVcCaz9VCOt-0QQbMSOuh_dhecaOs5ljpOGg/rs:fit/g:sm/q:40/h:150/w:150/czM6Ly9kaXNjb2dz/LWRhdGFiYXNlLWlt/YWdlcy9SLTI0ODg2/LTEyODA3MTAyMTQu/anBlZw.jpeg,1,0,0,1,1771445244032,27,0.0,,discogs_want
25891,1327,Preview,Ratio,,central06,https://www.discogs.com/releases/25891,https://i.discogs.com/F6frrg7i8HjCWjWL_QEtcl8TUS6dxC3NZKiSM2Eqo4k/rs:fit/g:sm/q:40/h:150/w:150/czM6Ly9kaXNjb2dz/LWRhdGFiYXNlLWlt/YWdlcy9SLTI1ODkx/LTEyNjc4NzkxNjYu/anBlZw.jpeg,1,0,0,1,1771445244032,18,0.0,,discogs_want
31906,891,"Chip II",Microbots,,"OVER 019-12",https://www.discogs.com/releases/31906,https://i.discogs.com/jO7aY9OLihfMHS6w0wZsbudQE2TINXCC8qYHfRItqKc/rs:fit/g:sm/q:40/h:150/w:150/czM6Ly9kaXNjb2dz/LWRhdGFiYXNlLWlt/YWdlcy9SLTMxOTA2/LTE3MjE1NDc4MjAt/OTE5Mi5wbmc.jpeg,1,0,0,1,1771445244032,43,0.0,,discogs_want
35746,541304,"Todas Las Noches",$tinkworx,2002,28dsr/$tw1,https://www.discogs.com/release/35746,https://i.discogs.com/HiBIYaT1th3p3r7nRwts0aB9lLkXA6wNxKYRVUhNssc/rs:fit/g:sm/q:40/h:150/w:150/czM6Ly9kaXNjb2dz/LWRhdGFiYXNlLWlt/YWdlcy9SLTM1NzQ2/LTE1NjI3MjU2MTUt/OTE2Ni5qcGVn.jpeg,1,0,0,0,1771423629604,6,0.0,"Track match issue: YouTube API error 403: {
  ""error"": {
    ""code"": 403,
    ""message"": ""Requests to this API youtube method youtube.api.v3.V3DataSearchService.List are blocked."",
    ""errors"": [
      {
        ""message"": ""Requests to this API youtube method youtube.api.v3.V3DataSearchService.List are blocked."",
        ""domain"": ""global"",
        ""reason"": ""forbidden""
      }
    ],
    ""status"": ""PERMISSION_DENIED"",
    ""details"": [
      {
        ""@type"": ""type.googleapis.com/google.rpc.ErrorInfo"",
        ""reason"": ""API_KEY_SERVICE_BLOCKED"",
        ""domain"": ""googleapis.com"",
        ""metadata"": {
          ""apiName"": ""youtube"",
          ""service"": ""youtube.googleapis.com"",
          ""consumer"": ""projects/1097707475336"",
          ""methodName"": ""youtube.api.v3.V3DataSearchService.List""
        }
      },
      {
        ""@type"": ""type.googleapis.com/google.rpc.LocalizedMessage"",
        ""locale"": ""en-US"",
        ""message"": ""Requests to this API youtube method youtube.api.v3.V3DataSearchService.List are blocked.""
      }
    ]
  }
}
",label
37841,541304,"Groovetechnology v1.3",Swayzak,2002,"K7122 LP, GTLP003",https://www.discogs.com/release/37841,https://i.discogs.com/hbHbHCa-rqz9hfjm7K4_xbyPXuLxz0bL_J2ErucyUo0/rs:fit/g:sm/q:40/h:150/w:150/czM6Ly9kaXNjb2dz/LWRhdGFiYXNlLWlt/YWdlcy9SLTM3ODQx/LTE2Mjg5NjE3Mjkt/OTg2My5qcGVn.jpeg,1,0,0,0,1771423632665,7,0.0,"Track match issue: YouTube API error 403: {
  ""error"": {
    ""code"": 403,
    ""message"": ""Requests to this API youtube method youtube.api.v3.V3DataSearchService.List are blocked."",
    ""errors"": [
      {
        ""message"": ""Requests to this API youtube method youtube.api.v3.V3DataSearchService.List are blocked."",
        ""domain"": ""global"",
        ""reason"": ""forbidden""
      }
    ],
    ""status"": ""PERMISSION_DENIED"",
    ""details"": [
      {
        ""@type"": ""type.googleapis.com/google.rpc.ErrorInfo"",
        ""reason"": ""API_KEY_SERVICE_BLOCKED"",
        ""domain"": ""googleapis.com"",
        ""metadata"": {
          ""service"": ""youtube.googleapis.com"",
          ""consumer"": ""projects/1097707475336"",
          ""methodName"": ""youtube.api.v3.V3DataSearchService.List"",
          ""apiName"": ""youtube""
        }
      },
      {
        ""@type"": ""type.googleapis.com/google.rpc.LocalizedMessage"",
        ""locale"": ""en-US"",
        ""message"": ""Requests to this API youtube method youtube.api.v3.V3DataSearchService.List are blocked.""
      }
    ]
  }
}
",label
40652,1367,"Fracturhythms Vol 2","Nico Awtsventin",,"BIO 008",https://www.discogs.com/releases/40652,https://i.discogs.com/DD0jVnI8kEwXiubDQbUkU1u7w9R5cXEFMMloN0pk0ps/rs:fit/g:sm/q:40/h:150/w:150/czM6Ly9kaXNjb2dz/LWRhdGFiYXNlLWlt/YWdlcy9SLTQwNjUy/LTEyMjY2NDUxMTQu/anBlZw.jpeg,1,0,0,1,1771445244032,9,0.0,,discogs_want
49845,6378,"Paraiso Obscuro","Sean Cusick",,V003,https://www.discogs.com/releases/49845,https://i.discogs.com/1mWRbQNBweoaDLSUU5fmRlBFsouh8fIORX9NGifA0YM/rs:fit/g:sm/q:40/h:150/w:150/czM6Ly9kaXNjb2dz/LWRhdGFiYXNlLWlt/YWdlcy9SLTQ5ODQ1/LTE0NDcxNDA1OTUt/NTE2NC5wbmc.jpeg,1,0,0,1,1771445244032,64,0.0,,discogs_want
54311,541304,"Alien Artform","Dimension 5*",2002,"26 dsr/dms-cd1",https://www.discogs.com/release/54311,https://i.discogs.com/MLhAKgXm1gL5x97eEs-4Gr4LOuRH8qbHJF9BvguwSeQ/rs:fit/g:sm/q:40/h:150/w:150/czM6Ly9kaXNjb2dz/LWRhdGFiYXNlLWlt/YWdlcy9SLTU0MzEx/LTEzNzcyOTg1ODQt/NDcwNC5qcGVn.jpeg,1,0,0,0,1771423636389,9,0.0,"Track match issue: YouTube API error 403: {
  ""error"": {
    ""code"": 403,
    ""message"": ""Requests to this API youtube method youtube.api.v3.V3DataSearchService.List are blocked."",
    ""errors"": [
      {
        ""message"": ""Requests to this API youtube method youtube.api.v3.V3DataSearchService.List are blocked."",
        ""domain"": ""global"",
        ""reason"": ""forbidden""
      }
    ],
    ""status"": ""PERMISSION_DENIED"",
    ""details"": [
      {
        ""@type"": ""type.googleapis.com/google.rpc.ErrorInfo"",
        ""reason"": ""API_KEY_SERVICE_BLOCKED"",
        ""domain"": ""googleapis.com"",
        ""metadata"": {
          ""apiName"": ""youtube"",
          ""methodName"": ""youtube.api.v3.V3DataSearchService.List"",
          ""consumer"": ""projects/1097707475336"",
          ""service"": ""youtube.googleapis.com""
        }
      },
      {
        ""@type"": ""type.googleapis.com/google.rpc.LocalizedMessage"",
        ""locale"": ""en-US"",
        ""message"": ""Requests to this API youtube method youtube.api.v3.V3DataSearchService.List are blocked.""
      }
    ]
  }
}
",label
54313,541304,"Message Two",Strand,2001,"19 dsr/str1",https://www.discogs.com/release/54313,https://i.discogs.com/iNmbOg0MCO9ZDBpn8-jyq70135Fdba0M2a859JwlKZM/rs:fit/g:sm/q:40/h:150/w:150/czM6Ly9kaXNjb2dz/LWRhdGFiYXNlLWlt/YWdlcy9SLTU0MzEz/LTExNzkzOTgyNjUu/anBlZw.jpeg,1,0,0,0,1771423651041,10,0.0,"Track match issue: YouTube API error 403: {
  ""error"": {
    ""code"": 403,
    ""message"": ""Requests to this API youtube method youtube.api.v3.V3DataSearchService.List are blocked."",
    ""errors"": [
      {
        ""message"": ""Requests to this API youtube method youtube.api.v3.V3DataSearchService.List are blocked."",
        ""domain"": ""global"",
        ""reason"": ""forbidden""
      }
    ],
    ""status"": ""PERMISSION_DENIED"",
    ""details"": [
      {
        ""@type"": ""type.googleapis.com/google.rpc.ErrorInfo"",
        ""reason"": ""API_KEY_SERVICE_BLOCKED"",
        ""domain"": ""googleapis.com"",
        ""metadata"": {
          ""consumer"": ""projects/1097707475336"",
          ""methodName"": ""youtube.api.v3.V3DataSearchService.List"",
          ""apiName"": ""youtube"",
          ""service"": ""youtube.googleapis.com""
        }
      },
      {
        ""@type"": ""type.googleapis.com/google.rpc.LocalizedMessage"",
        ""locale"": ""en-US"",
        ""message"": ""Requests to this API youtube method youtube.api.v3.V3DataSearchService.List are blocked.""
      }
    ]
  }
}
",label
56880,541304,"Groovetechnology v1.3",Swayzak,2002,!K7122CD,https://www.discogs.com/release/56880,https://i.discogs.com/H2c5UUmmllikkMO_-QDmYCCRgjhJPXqOyl0T97l9ooY/rs:fit/g:sm/q:40/h:150/w:150/czM6Ly9kaXNjb2dz/LWRhdGFiYXNlLWlt/YWdlcy9SLTU2ODgw/LTEzMTc0MjQ3Njku/anBlZw.jpeg,1,0,0,0,1771423653683,11,0.0,"Track match issue: YouTube API error 403: {
  ""error"": {
    ""code"": 403,
    ""message"": ""Requests to this API youtube method youtube.api.v3.V3DataSearchService.List are blocked."",
    ""errors"": [
      {
        ""message"": ""Requests to this API youtube method youtube.api.v3.V3DataSearchService.List are blocked."",
        ""domain"": ""global"",
        ""reason"": ""forbidden""
      }
    ],
    ""status"": ""PERMISSION_DENIED"",
    ""details"": [
      {
        ""@type"": ""type.googleapis.com/google.rpc.ErrorInfo"",
        ""reason"": ""API_KEY_SERVICE_BLOCKED"",
        ""domain"": ""googleapis.com"",
        ""metadata"": {
          ""apiName"": ""youtube"",
          ""methodName"": ""youtube.api.v3.V3DataSearchService.List"",
          ""service"": ""youtube.googleapis.com"",
          ""consumer"": ""projects/1097707475336""
        }
      },
      {
        ""@type"": ""type.googleapis.com/google.rpc.LocalizedMessage"",
        ""locale"": ""en-US"",
        ""message"": ""Requests to this API youtube method youtube.api.v3.V3DataSearchService.List are blocked.""
      }
    ]
  }
}
",label
69345,541304,"Message III",Strand,2002,36dsr/str2,https://www.discogs.com/release/69345,https://i.discogs.com/bSH7nYwCSG_PuKtOuGhs4p0WOdYWcNq1p_gS7uJwNs0/rs:fit/g:sm/q:40/h:150/w:150/czM6Ly9kaXNjb2dz/LWRhdGFiYXNlLWlt/YWdlcy9SLTY5MzQ1/LTExNzkzOTgzMDAu/anBlZw.jpeg,1,0,0,0,1771423657948,13,0.0,"Track match issue: YouTube API error 403: {
  ""error"": {
    ""code"": 403,
    ""message"": ""Requests to this API youtube method youtube.api.v3.V3DataSearchService.List are blocked."",
    ""errors"": [
      {
        ""message"": ""Requests to this API youtube method youtube.api.v3.V3DataSearchService.List are blocked."",
        ""domain"": ""global"",
        ""reason"": ""forbidden""
      }
    ],
    ""status"": ""PERMISSION_DENIED"",
    ""details"": [
      {
        ""@type"": ""type.googleapis.com/google.rpc.ErrorInfo"",
        ""reason"": ""API_KEY_SERVICE_BLOCKED"",
        ""domain"": ""googleapis.com"",
        ""metadata"": {
          ""service"": ""youtube.googleapis.com"",
          ""consumer"": ""projects/1097707475336"",
          ""apiName"": ""youtube"",
          ""methodName"": ""youtube.api.v3.V3DataSearchService.List""
        }
      },
      {
        ""@type"": ""type.googleapis.com/google.rpc.LocalizedMessage"",
        ""locale"": ""en-US"",
        ""message"": ""Requests to this API youtube method youtube.api.v3.V3DataSearchService.List are blocked.""
      }
    ]
  }
}
",label
71791,541304,"Re Spoken",Aardvarck,2001,"RH004, 06 dsr/rmx1",https://www.discogs.com/release/71791,https://i.discogs.com/qFY7s039z2HknglAD6yiLqnzPDFUQNHB_94TTWwpUZQ/rs:fit/g:sm/q:40/h:150/w:150/czM6Ly9kaXNjb2dz/LWRhdGFiYXNlLWlt/YWdlcy9SLTcxNzkx/LTEzMDM3NjQwNDEu/anBlZw.jpeg,1,0,0,0,1771423660595,14,0.0,"Track match issue: YouTube API error 403: {
  ""error"": {
    ""code"": 403,
    ""message"": ""Requests to this API youtube method youtube.api.v3.V3DataSearchService.List are blocked."",
    ""errors"": [
      {
        ""message"": ""Requests to this API youtube method youtube.api.v3.V3DataSearchService.List are blocked."",
        ""domain"": ""global"",
        ""reason"": ""forbidden""
      }
    ],
    ""status"": ""PERMISSION_DENIED"",
    ""details"": [
      {
        ""@type"": ""type.googleapis.com/google.rpc.ErrorInfo"",
        ""reason"": ""API_KEY_SERVICE_BLOCKED"",
        ""domain"": ""googleapis.com"",
        ""metadata"": {
          ""methodName"": ""youtube.api.v3.V3DataSearchService.List"",
          ""service"": ""youtube.googleapis.com"",
          ""consumer"": ""projects/1097707475336"",
          ""apiName"": ""youtube""
        }
      },
      {
        ""@type"": ""type.googleapis.com/google.rpc.LocalizedMessage"",
        ""locale"": ""en-US"",
        ""message"": ""Requests to this API youtube method youtube.api.v3.V3DataSearchService.List are blocked.""
      }
    ]
  }
}
",label
71867,541304,"Shifting Gears","Peel Seamus",2000,"11 dsr/psm4",https://www.discogs.com/release/71867,https://i.discogs.com/h3DSBETbrfwgj6XaKx2cFZJc_rnEDYEJeOiK93Oz5J4/rs:fit/g:sm/q:40/h:150/w:150/czM6Ly9kaXNjb2dz/LWRhdGFiYXNlLWlt/YWdlcy9SLTcxODY3/LTExMDQzNjI5NTAu/anBn.jpeg,1,0,0,0,1771423664255,15,0.0,"Track match issue: YouTube key blocked (API_KEY_SERVICE_BLOCKED). In Google Cloud: enable YouTube Data API v3 and ensure your key is allowed to call youtube.googleapis.com.",label
80603,5240,"Urban Static",Ortus,,AIRG002,https://www.discogs.com/releases/80603,https://i.discogs.com/oitlqysut02XcFPL_Mk5RYEoVQz5RQqrZ7TkCUTO788/rs:fit/g:sm/q:40/h:150/w:150/czM6Ly9kaXNjb2dz/LWRhdGFiYXNlLWlt/YWdlcy9SLTgwNjAz/LTE0Mzg3NzQ2NDIt/NzA5NC5qcGVn.jpeg,1,0,0,1,1771445244032,5,0.0,,discogs_want
82805,3923,Claire,Audiomat,,3D006,https://www.discogs.com/releases/82805,https://i.discogs.com/G2aAK6MG8xsMN55nBv0uVrReFiHtVxvA6fOIhKbQbPA/rs:fit/g:sm/q:40/h:150/w:150/czM6Ly9kaXNjb2dz/LWRhdGFiYXNlLWlt/YWdlcy9SLTgyODA1/LTE0MDk3NjYyNjYt/NzQ3NS5qcGVn.jpeg,1,0,0,1,1771445244032,0,0.0,,discogs_want
105524,1977,"Electric Nite / Atmospheric","Yoogie Van Bellen",,"MECL 0113-6",https://www.discogs.com/releases/105524,https://i.discogs.com/spU6pUVa20YxtvkL9ujoqqojd2hmP5C9tCzN_iHsytw/rs:fit/g:sm/q:40/h:150/w:150/czM6Ly9kaXNjb2dz/LWRhdGFiYXNlLWlt/YWdlcy9SLTEwNTUy/NC0xMzY3MTYwMzIx/LTc3OTQuanBlZw.jpeg,1,0,0,1,1771445244032,37,0.0,,discogs_want
113247,344431,"From Classical Composers To Hippy Explorers EP","Mono Now",,"FrostT 010",https://www.discogs.com/releases/113247,https://i.discogs.com/FiwmoIzoePwcGJAjsGb1suJQruvWo3KrQPNAElqc1nI/rs:fit/g:sm/q:40/h:150/w:150/czM6Ly9kaXNjb2dz/LWRhdGFiYXNlLWlt/YWdlcy9SLTExMzI0/Ny0xNDM1Njg1ODYy/LTQ2NTguanBlZw.jpeg,1,0,0,1,1771445244032,8,0.0,,discogs_want
129762,9459,"Housefisher EP","Christian Linder",,"BBEP 03",https://www.discogs.com/releases/129762,https://i.discogs.com/mu3nVg2t1ubpYFOXJq7YCDl3xRUg2EQFfuxogyJCFa8/rs:fit/g:sm/q:40/h:150/w:150/czM6Ly9kaXNjb2dz/LWRhdGFiYXNlLWlt/YWdlcy9SLTEyOTc2/Mi0xNTI1MjA0OTQ1/LTIwNTEuanBlZw.jpeg,1,0,0,1,1771445244032,12,0.0,,discogs_want
131853,990172,"Awaken Abyss / Opera North","The Unknown (5)",,BICE006,https://www.discogs.com/releases/131853,https://i.discogs.com/gddT8Y7Cvul9CRPl1q7yVwv6CSWROK7R9eGdfTltrWo/rs:fit/g:sm/q:40/h:150/w:150/czM6Ly9kaXNjb2dz/LWRhdGFiYXNlLWlt/YWdlcy9SLTEzMTg1/My0xNDg4NTgzNjY2/LTU0MTUuanBlZw.jpeg,1,0,0,1,1771445244032,15,0.0,,discogs_want
143037,6454,Toranaga,"Holger Flinsch",,"PHO 015",https://www.discogs.com/releases/143037,https://i.discogs.com/HpgOBgvUl3Ao8xV0vHsR-sSmMCQLIHBwucQ1Tm-kZt0/rs:fit/g:sm/q:40/h:150/w:150/czM6Ly9kaXNjb2dz/LWRhdGFiYXNlLWlt/YWdlcy9SLTE0MzAz/Ny0xMzM1MTA1MTM1/LmpwZWc.jpeg,1,0,0,1,1771445244032,45,0.0,,discogs_want
153679,10519,"The Sound","Plasma (3)",,"SM 1203",https://www.discogs.com/releases/153679,https://i.discogs.com/jfSS6uM7_es6fgsn67oz_Rh9FJo92S3grlKd9DRIjBY/rs:fit/g:sm/q:40/h:150/w:150/czM6Ly9kaXNjb2dz/LWRhdGFiYXNlLWlt/YWdlcy9SLTE1MzY3/OS0xNzQ1ODczMjY5/LTMwODQucG5n.jpeg,1,0,0,1,1771445244032,53,0.0,,discogs_want
163900,541304,Messages,Strand,2003,"40 dsr/str-cd1",https://www.discogs.com/release/163900,https://i.discogs.com/SDK2Q-wZZyXDLUXMwFCr1nUSJS1h6wmwyUtQkq-9vvo/rs:fit/g:sm/q:40/h:150/w:150/czM6Ly9kaXNjb2dz/LWRhdGFiYXNlLWlt/YWdlcy9SLTE2Mzkw/MC0wMDEuanBn.jpeg,1,0,0,0,1771423675416,16,0.0,"Track match issue: YouTube key blocked (API_KEY_SERVICE_BLOCKED). In Google Cloud: enable YouTube Data API v3 and ensure your key is allowed to call youtube.googleapis.com.",label
208856,541304,"Los Gatos Lloros EP",$tinkworx,2003,"43 dsr/$tw2",https://www.discogs.com/release/208856,https://i.discogs.com/7YcyGl7Ezd1XqIfHLaQQ2y-w3_3zIEZBubkcMZKwHSA/rs:fit/g:sm/q:40/h:150/w:150/czM6Ly9kaXNjb2dz/LWRhdGFiYXNlLWlt/YWdlcy9SLTIwODg1/Ni0xMTc5Njc4Njc3/LmpwZWc.jpeg,1,0,0,0,1771423678675,17,0.0,"Track match issue: YouTube key blocked (API_KEY_SERVICE_BLOCKED). In Google Cloud: enable YouTube Data API v3 and ensure your key is allowed to call youtube.googleapis.com.",label
230907,541304,"Traffic II",Various,2002,"CORE 012-1",https://www.discogs.com/release/230907,https://i.discogs.com/Al789FCPD_w-gm4pJEL-mxEUHVWzwoYaQI6HDhTmGPI/rs:fit/g:sm/q:40/h:150/w:150/czM6Ly9kaXNjb2dz/LWRhdGFiYXNlLWlt/YWdlcy9SLTIzMDkw/Ny0xMTQxNDI2NTMy/LmpwZWc.jpeg,1,0,0,0,1771423681513,18,0.0,"Track match issue: YouTube key blocked (API_KEY_SERVICE_BLOCKED). In Google Cloud: enable YouTube Data API v3 and ensure your key is allowed to call youtube.googleapis.com.",label
256696,21606,"Gas EP","Armin Ascari",,"DLP 7001",https://www.discogs.com/releases/256696,https://i.discogs.com/tZLufKVMAMw3pW9d75eH5ERQgCkPe12oFEmOGL7-iaw/rs:fit/g:sm/q:40/h:150/w:150/czM6Ly9kaXNjb2dz/LWRhdGFiYXNlLWlt/YWdlcy9SLTI1NjY5/Ni0xNTIzNjI0MzU2/LTEyODguanBlZw.jpeg,1,0,0,1,1771445244032,21,0.0,,discogs_want
317070,7580,"Entron EP","Nimbus (2)",,BBTQ005,https://www.discogs.com/releases/317070,https://i.discogs.com/rs4yR1b9oKCB0AHokSjxTJVd325ye2QbBcC7_DO7trM/rs:fit/g:sm/q:40/h:150/w:150/czM6Ly9kaXNjb2dz/LWRhdGFiYXNlLWlt/YWdlcy9SLTMxNzA3/MC0xNDY5NTgwMjQx/LTY5NDMuanBlZw.jpeg,1,0,0,1,1771445244032,14,0.0,,discogs_want
338213,541304,Strike,154*,2004,"27 DSR, NWA-LP1",https://www.discogs.com/release/338213,https://i.discogs.com/Toy0qmcWRmcL3tZ9IZr5dBnH_X8eucygy8-YkwBO9OU/rs:fit/g:sm/q:40/h:150/w:150/czM6Ly9kaXNjb2dz/LWRhdGFiYXNlLWlt/YWdlcy9SLTMzODIx/My0xMDk4MzY4NjUy/LmpwZw.jpeg,1,0,0,0,1771423684547,20,0.0,"Track match issue: YouTube key blocked (API_KEY_SERVICE_BLOCKED). In Google Cloud: enable YouTube Data API v3 and ensure your key is allowed to call youtube.googleapis.com.",label
392491,26938,"Bad Girls / Our Love","Donna Summer",,"BZC 4425",https://www.discogs.com/releases/392491,https://i.discogs.com/ydVh9ApaKaXPlWV8hYsucYFRsyrbX99zl5fcC3MT_Do/rs:fit/g:sm/q:40/h:150/w:150/czM6Ly9kaXNjb2dz/LWRhdGFiYXNlLWlt/YWdlcy9SLTM5MjQ5/MS0xMjcxNjc3MjM2/LmpwZWc.jpeg,1,0,0,1,1771445244032,17,0.0,,discogs_want
440583,22766,Burning,Maddoxx,,"RESX 008",https://www.discogs.com/releases/440583,https://i.discogs.com/af1QNXOTWDSQNlzlk50mruLORAhRAHPObUrqN5T1HQQ/rs:fit/g:sm/q:40/h:150/w:150/czM6Ly9kaXNjb2dz/LWRhdGFiYXNlLWlt/YWdlcy9SLTQ0MDU4/My0xNDQ2NTc5Mzcw/LTY4OTMuanBlZw.jpeg,1,0,0,1,1771445244032,48,0.0,,discogs_want
463888,83,"The Final Techture EP","Nico Awtsventin",,Super033,https://www.discogs.com/releases/463888,https://i.discogs.com/cEM2JoU3Vdiq8uvNClIKECJC9vHwZkQgFmQO-9orY3o/rs:fit/g:sm/q:40/h:150/w:150/czM6Ly9kaXNjb2dz/LWRhdGFiYXNlLWlt/YWdlcy9SLTQ2Mzg4/OC0xMTI4NzkwNjQx/LmpwZWc.jpeg,1,0,0,1,1771445244032,60,0.0,,discogs_want
550901,541304,"Groove #97/N°6",Various,2005,"#97/N°6",https://www.discogs.com/release/550901,https://i.discogs.com/_0U6wPR0LkWJ9H2V3joD3Nt773NWh0zXAOzqtgE7JNc/rs:fit/g:sm/q:40/h:150/w:150/czM6Ly9kaXNjb2dz/LWRhdGFiYXNlLWlt/YWdlcy9SLTU1MDkw/MS0xMTMxNjI2MDA5/LmpwZWc.jpeg,1,0,0,0,1771423687624,22,0.0,"Track match issue: YouTube key blocked (API_KEY_SERVICE_BLOCKED). In Google Cloud: enable YouTube Data API v3 and ensure your key is allowed to call youtube.googleapis.com.",label
673403,541304,"Neutrino EP",D5,2006,54dsr/dms3,https://www.discogs.com/release/673403,https://i.discogs.com/XX20GKwuBgBW_vqWvy6BvDd3Yt1kBwa9LSJQtBcrQkE/rs:fit/g:sm/q:40/h:150/w:150/czM6Ly9kaXNjb2dz/LWRhdGFiYXNlLWlt/YWdlcy9SLTY3MzQw/My0xMTQ5NTMzNDcz/LmdpZg.jpeg,1,0,0,0,1771423692138,23,0.0,,label
812212,147719,"High Or Die","Les Rallizes Denudes",2005,none,https://www.discogs.com/release/812212,https://i.discogs.com/47JR4s7_UxYYKj_HMyw30qOPWhJF2uPpED-ZtDw-NxI/rs:fit/g:sm/q:40/h:150/w:150/czM6Ly9kaXNjb2dz/LWRhdGFiYXNlLWlt/YWdlcy9SLTgxMjIx/Mi0xMTgzMzkyNzg3/LmpwZWc.jpeg,0,0,0,0,1771441865977,14,0.0,,label
955626,541304,"Sole Trader EP",Quince,2007,63dsr/qnc3,https://www.discogs.com/release/955626,https://i.discogs.com/r89CRp-IDc_Dar7cVZHUfjw1hrXRTn5r0FV5iTECbpc/rs:fit/g:sm/q:40/h:150/w:150/czM6Ly9kaXNjb2dz/LWRhdGFiYXNlLWlt/YWdlcy9SLTk1NTYy/Ni0xMjg0MDQ1MTEz/LmpwZWc.jpeg,1,0,0,0,1771423694756,24,0.0,,label
996249,541304,En.vi.sion,Quince,2007,66dsr/qnc-cd1,https://www.discogs.com/release/996249,https://i.discogs.com/k20GT24UV6vJTkobt1RV1lGfA7I09bNUNHBoAdbeIRk/rs:fit/g:sm/q:40/h:150/w:150/czM6Ly9kaXNjb2dz/LWRhdGFiYXNlLWlt/YWdlcy9SLTk5NjI0/OS0xMTgyMTYzODkx/LmpwZWc.jpeg,1,0,0,0,1771423697473,25,0.0,,label
1055335,147719,Untitled,"Les Rallizes Denudes",2003,none,https://www.discogs.com/release/1055335,https://i.discogs.com/mEqWhqU4-OIcN1TiabFwcxt9URvEcNYN6v_hc8xXNZI/rs:fit/g:sm/q:40/h:150/w:150/czM6Ly9kaXNjb2dz/LWRhdGFiYXNlLWlt/YWdlcy9SLTEwNTUz/MzUtMTYzMTYxMTIx/NS0zMDY5LmpwZWc.jpeg,0,0,0,0,1771441865977,24,0.0,,label
1171737,541304,"Groove 110 / CD19",Various,2007,"#110 / CD19, 110 / CD 19",https://www.discogs.com/release/1171737,https://i.discogs.com/f4ZJoSACrl6vmBjQxkc2fmKab4_U7RTcR6c7qQCjCI8/rs:fit/g:sm/q:40/h:150/w:150/czM6Ly9kaXNjb2dz/LWRhdGFiYXNlLWlt/YWdlcy9SLTExNzE3/MzctMTIwMDgzODE3/Ny5qcGVn.jpeg,1,0,0,0,1771423699736,26,0.0,,label
1209750,541304,"Afrika Man EP","Nubian Mindz",2008,"69dsr / nbm2",https://www.discogs.com/release/1209750,https://i.discogs.com/hAva2aS6eSkeCKx0LyvXTLjaeSxv-UUWPM0ftf8rmqE/rs:fit/g:sm/q:40/h:150/w:150/czM6Ly9kaXNjb2dz/LWRhdGFiYXNlLWlt/YWdlcy9SLTEyMDk3/NTAtMTMwNjI2MjQz/MC5qcGVn.jpeg,1,0,0,0,1771423701921,27,0.0,,label
1308796,541304,"Rond Bot EP","Sterac aka Steve Rachmad",2008,70dsr/str1,https://www.discogs.com/release/1308796,https://i.discogs.com/4uY8qiDWZp27DUpawfxjcnyZSw2C0P7y1RmSc1Ie5ek/rs:fit/g:sm/q:40/h:150/w:150/czM6Ly9kaXNjb2dz/LWRhdGFiYXNlLWlt/YWdlcy9SLTEzMDg3/OTYtMTIwODc4Njcy/MC5qcGVn.jpeg,1,0,0,0,1771423704592,28,0.0,,label
1313590,147719,"Down & Out In Tokyo","Hadaka No Rallizes*",,001,https://www.discogs.com/release/1313590,https://i.discogs.com/Xop3OdZQUbszvMneAn0AvkNCfGU38-qOs6p7PlRjANs/rs:fit/g:sm/q:40/h:150/w:150/czM6Ly9kaXNjb2dz/LWRhdGFiYXNlLWlt/YWdlcy9SLTEzMTM1/OTAtMTIwODg1NjIy/MS5qcGVn.jpeg,1,0,0,0,1771441883798,1,0.0,"Track match issue: YouTube quota exceeded for this key. Wait for quota reset or use another key.",label
1367007,541304,"The Last Hour EP","Ripperton & Alex Attias",2008,ann007,https://www.discogs.com/release/1367007,https://i.discogs.com/sW3QWFu_-8DXNFDujw8IiRYMUjG9V_GGwpDuk8FA6Tc/rs:fit/g:sm/q:40/h:150/w:150/czM6Ly9kaXNjb2dz/LWRhdGFiYXNlLWlt/YWdlcy9SLTEzNjcw/MDctMTIxNTg2OTk1/Ni5qcGVn.jpeg,1,0,0,0,1771423706878,29,0.0,,label
1645128,147719,"Double Heads","Les Rallizes Dénudés*",2005,none,https://www.discogs.com/release/1645128,,0,0,0,0,1771441865977,23,0.0,,label
1645140,147719,"Field Of Artificial Flower","Les Rallizes Denudes",,none,https://www.discogs.com/release/1645140,,0,0,0,0,1771441865977,22,0.0,,label
1732153,1367,"Fracturhythms Vol 2","Nico Awtsventin",,"BIO 008",https://www.discogs.com/releases/1732153,https://i.discogs.com/aOuG5FeNlyrKSgRWNhKKplvenOwHU1xbjIF5PeKoj-8/rs:fit/g:sm/q:40/h:150/w:150/czM6Ly9kaXNjb2dz/LWRhdGFiYXNlLWlt/YWdlcy9SLTE3MzIx/NTMtMTI5OTY5NDc0/Ny5qcGVn.jpeg,1,0,0,1,1771445244032,11,0.0,,discogs_want
1748585,541304,"Delsin 2.0 Remix EP1",Various,2009,74DSR/VAR-EP2,https://www.discogs.com/release/1748585,https://i.discogs.com/Hmncm3cctwxBT5FtWyHl9xgpYiZqGXhkIe3Un8kCrTQ/rs:fit/g:sm/q:40/h:150/w:150/czM6Ly9kaXNjb2dz/LWRhdGFiYXNlLWlt/YWdlcy9SLTE3NDg1/ODUtMTI0NDI4MDgw/Mi5qcGVn.jpeg,1,0,0,0,1771423709262,30,0.0,,label
1748594,541304,"Delsin 2.0 Remix EP 2",Various,2009,"75DSR / VAR EP3",https://www.discogs.com/release/1748594,https://i.discogs.com/-QO6obQgNYhMW9oKydhJzB1OgrloUzsowRruZe0O0dk/rs:fit/g:sm/q:40/h:150/w:150/czM6Ly9kaXNjb2dz/LWRhdGFiYXNlLWlt/YWdlcy9SLTE3NDg1/OTQtMTI0NDI4MDk3/NC5qcGVn.jpeg,1,0,0,0,1771423711456,31,0.0,,label
1904066,147719,"Heavier Than A Death In The Family","Les Rallizes Denudes",2002,none,https://www.discogs.com/release/1904066,https://i.discogs.com/7ndbeGKZ_NzXUvO2MaBYwexh9Znruv-tvi0bG3pifpU/rs:fit/g:sm/q:40/h:150/w:150/czM6Ly9kaXNjb2dz/LWRhdGFiYXNlLWlt/YWdlcy9SLTE5MDQw/NjYtMTI1MTQ0MDIy/My5qcGVn.jpeg,0,0,0,0,1771441865977,21,0.0,,label
1948039,541304,"The Force (Ame Remixes)",Newworldaquarium,2009,"APE 03",https://www.discogs.com/release/1948039,https://i.discogs.com/QyUOYebd-VtyWndhaCnIUVE2p0H5osmWxasVYEuRza8/rs:fit/g:sm/q:40/h:150/w:150/czM6Ly9kaXNjb2dz/LWRhdGFiYXNlLWlt/YWdlcy9SLTE5NDgw/MzktMTI1NDM0Nzg3/OS5qcGVn.jpeg,1,0,0,0,1771423713712,32,0.0,,label
1958131,541304,"The Dance Paradox / Paradox Dubs",Redshape,2009,"80dsr/rds-lp1 ltd, present black",https://www.discogs.com/release/1958131,https://i.discogs.com/i9Y5WoHq9J7miWsP597pnNIg1JqMFCVIlpzAJThGQUY/rs:fit/g:sm/q:40/h:150/w:150/czM6Ly9kaXNjb2dz/LWRhdGFiYXNlLWlt/YWdlcy9SLTE5NTgx/MzEtMTM1MTQ0MTUz/OS0yNDY1LmpwZWc.jpeg,1,0,0,0,1771423716391,33,0.0,,label
1963516,541304,"The Dance Paradox",Redshape,2009,"80dsr/rds-cd1, none",https://www.discogs.com/release/1963516,https://i.discogs.com/Sikv62Wh1kBSdp5ze-kcozZsSp1FHgQ_HcETSowcEXM/rs:fit/g:sm/q:40/h:150/w:150/czM6Ly9kaXNjb2dz/LWRhdGFiYXNlLWlt/YWdlcy9SLTE5NjM1/MTYtMTU5NjA1MjI2/OS01Nzg3LmpwZWc.jpeg,1,0,0,0,1771423718666,34,0.0,,label
1984579,541304,"Groove 121 / CD 30",Various,2009,"121 / CD 30",https://www.discogs.com/release/1984579,https://i.discogs.com/AJ0vo81Kq4kgm_cgCbMw3Zvy1Tlcam_6QyT7j1ukFd4/rs:fit/g:sm/q:40/h:150/w:150/czM6Ly9kaXNjb2dz/LWRhdGFiYXNlLWlt/YWdlcy9SLTE5ODQ1/NzktMTI1NzEwMjI4/Ny5qcGVn.jpeg,1,0,0,0,1771423720966,35,0.0,,label
2272576,541304,"Love Dubs EP","DJ Yoav B.",2010,81dsr/ybs3,https://www.discogs.com/release/2272576,https://i.discogs.com/eOj4JbKPLdbL-Cm3FXowVZ5LmK5d7ipo6hwD-To37uk/rs:fit/g:sm/q:40/h:150/w:150/czM6Ly9kaXNjb2dz/LWRhdGFiYXNlLWlt/YWdlcy9SLTIyNzI1/NzYtMTI3MzY4MTI0/NC5qcGVn.jpeg,1,0,0,0,1771423723281,36,0.0,,label
2504233,147719,"'77 Live","Les Rallizes Denudes",2002,none,https://www.discogs.com/release/2504233,https://i.discogs.com/d34_mDQxJWcSEMz_3Y3AwttyGXtICCgruGvsLQptd1g/rs:fit/g:sm/q:40/h:150/w:150/czM6Ly9kaXNjb2dz/LWRhdGFiYXNlLWlt/YWdlcy9SLTI1MDQy/MzMtMTYzMTYxMDg0/NS0xNzc1LmpwZWc.jpeg,0,0,0,0,1771441865977,20,0.0,,label
2529334,541304,"Rear Window","A Made Up Sound",2010,83dsr/ams1,https://www.discogs.com/release/2529334,https://i.discogs.com/_fVn9C5ovGtDo2zvdtC1_Llcmsq3_eq8y1Qe3DeqeA4/rs:fit/g:sm/q:40/h:150/w:150/czM6Ly9kaXNjb2dz/LWRhdGFiYXNlLWlt/YWdlcy9SLTI1Mjkz/MzQtMTI5MDUyNjk1/My5qcGVn.jpeg,1,0,0,0,1771423725557,37,0.0,,label
2575899,541304,"Rear Window","A Made Up Sound",2010,83dsr/ams1,https://www.discogs.com/release/2575899,https://i.discogs.com/5X6BNcLcCNNdxaglmbNijfMoHieb4CpZxcvxgo3E1AQ/rs:fit/g:sm/q:40/h:150/w:150/czM6Ly9kaXNjb2dz/LWRhdGFiYXNlLWlt/YWdlcy9SLTI1NzU4/OTktMTI5MTMxNDc2/Mi5qcGVn.jpeg,1,0,0,0,1771423727940,38,0.0,,label
2632557,1327,Preview,Ratio,,central06,https://www.discogs.com/releases/2632557,https://i.discogs.com/Cy63a6Fd7vECODVi0vM9oQOl4yYkDlizITk57lp1hRE/rs:fit/g:sm/q:40/h:150/w:150/czM6Ly9kaXNjb2dz/LWRhdGFiYXNlLWlt/YWdlcy9SLTI2MzI1/NTctMTUxNDQ4MDMx/Ny00ODE1LmpwZWc.jpeg,1,0,0,1,1771445244032,19,0.0,,discogs_want
2720361,541304,"Before Framework","Mike Dehnert",2011,85DSR/MDN1,https://www.discogs.com/release/2720361,https://i.discogs.com/UAXeQGlM07g2JlT2slI2hRKgX3JBEENDNV3E-WgkxyQ/rs:fit/g:sm/q:40/h:150/w:150/czM6Ly9kaXNjb2dz/LWRhdGFiYXNlLWlt/YWdlcy9SLTI3MjAz/NjEtMTI5OTYxNjkx/NS5qcGVn.jpeg,1,0,0,0,1771423730166,39,0.0,,label
2780374,541304,Framework,"Mike Dehnert",2011,86DSR/MDN-CD1,https://www.discogs.com/release/2780374,https://i.discogs.com/alx2vhivty8gTc-JF5IxscrlX5xTjdQxQ7YRQR6yOgs/rs:fit/g:sm/q:40/h:150/w:150/czM6Ly9kaXNjb2dz/LWRhdGFiYXNlLWlt/YWdlcy9SLTI3ODAz/NzQtMTMwMDcxNzM1/My5qcGVn.jpeg,1,0,0,0,1771423732478,40,0.0,,label
2950299,541304,"The Best Of: Ambient Selections 1995 - 2011","John Beltran",2011,"88 dsr/jbn-lp1",https://www.discogs.com/release/2950299,https://i.discogs.com/dTdjIC3tXp4ECObOD_f2F5RCRcLSgy4ta_Tl0Hc4h4c/rs:fit/g:sm/q:40/h:150/w:150/czM6Ly9kaXNjb2dz/LWRhdGFiYXNlLWlt/YWdlcy9SLTI5NTAy/OTktMTMyOTE2NDM1/NC5qcGVn.jpeg,1,0,0,0,1771423734735,41,0.0,,label
3198660,541304,"Inertia #2",Various,2011,inertia-2,https://www.discogs.com/release/3198660,https://i.discogs.com/g27mofJHY5uaiS3V-L16KX5Y_gE6qdz3OeuGHLEHMyw/rs:fit/g:sm/q:40/h:150/w:150/czM6Ly9kaXNjb2dz/LWRhdGFiYXNlLWlt/YWdlcy9SLTMxOTg2/NjAtMTQyNDI2Mzgw/NC0yNDE3LmpwZWc.jpeg,1,0,0,0,1771423737105,42,0.0,,label
3300138,541304,"Groove 134 / CD 43",Various,2011,"GROOVE 134 / CD 43",https://www.discogs.com/release/3300138,https://i.discogs.com/0KVGOCAiuAIhXczg_D_eOQIDaxrRHrbQSyYUQWjiyxI/rs:fit/g:sm/q:40/h:150/w:150/czM6Ly9kaXNjb2dz/LWRhdGFiYXNlLWlt/YWdlcy9SLTMzMDAx/MzgtMTMyNDk5NTMw/My5qcGVn.jpeg,1,0,0,0,1771423739408,43,0.0,,label
3458414,363756,"Mother Official","Jack Jutson",2012,MHC001,https://www.discogs.com/release/3458414,https://i.discogs.com/2NOqs0yonB5hFG76pJgBIg3LIEe61hYNkQnysdDH8HY/rs:fit/g:sm/q:40/h:150/w:150/czM6Ly9kaXNjb2dz/LWRhdGFiYXNlLWlt/YWdlcy9SLTM0NTg0/MTQtMTY2MjAzNDQ2/OS0xMzc2LnBuZw.jpeg,1,0,0,0,1771423366743,77,0.0,"Track match issue: YouTube API error 403: {
  ""error"": {
    ""code"": 403,
    ""message"": ""Requests to this API youtube method youtube.api.v3.V3DataSearchService.List are blocked."",
    ""errors"": [
      {
        ""message"": ""Requests to this API youtube method youtube.api.v3.V3DataSearchService.List are blocked."",
        ""domain"": ""global"",
        ""reason"": ""forbidden""
      }
    ],
    ""status"": ""PERMISSION_DENIED"",
    ""details"": [
      {
        ""@type"": ""type.googleapis.com/google.rpc.ErrorInfo"",
        ""reason"": ""API_KEY_SERVICE_BLOCKED"",
        ""domain"": ""googleapis.com"",
        ""metadata"": {
          ""consumer"": ""projects/1097707475336"",
          ""methodName"": ""youtube.api.v3.V3DataSearchService.List"",
          ""service"": ""youtube.googleapis.com"",
          ""apiName"": ""youtube""
        }
      },
      {
        ""@type"": ""type.googleapis.com/google.rpc.LocalizedMessage"",
        ""locale"": ""en-US"",
        ""message"": ""Requests to this API youtube method youtube.api.v3.V3DataSearchService.List are blocked.""
      }
    ]
  }
}
",label
3504275,363756,"Aquarian Foundation","Aquarian Foundation",2012,MHC002,https://www.discogs.com/release/3504275,https://i.discogs.com/93TvcXGcJsUqM_HZbMTjdpBxaZIb1GZmo3XkBTaPG9s/rs:fit/g:sm/q:40/h:150/w:150/czM6Ly9kaXNjb2dz/LWRhdGFiYXNlLWlt/YWdlcy9SLTM1MDQy/NzUtMTMzMzA0Njc5/NC5qcGVn.jpeg,1,0,0,0,1771423369696,78,0.0,"Track match issue: YouTube API error 403: {
  ""error"": {
    ""code"": 403,
    ""message"": ""Requests to this API youtube method youtube.api.v3.V3DataSearchService.List are blocked."",
    ""errors"": [
      {
        ""message"": ""Requests to this API youtube method youtube.api.v3.V3DataSearchService.List are blocked."",
        ""domain"": ""global"",
        ""reason"": ""forbidden""
      }
    ],
    ""status"": ""PERMISSION_DENIED"",
    ""details"": [
      {
        ""@type"": ""type.googleapis.com/google.rpc.ErrorInfo"",
        ""reason"": ""API_KEY_SERVICE_BLOCKED"",
        ""domain"": ""googleapis.com"",
        ""metadata"": {
          ""consumer"": ""projects/1097707475336"",
          ""methodName"": ""youtube.api.v3.V3DataSearchService.List"",
          ""service"": ""youtube.googleapis.com"",
          ""apiName"": ""youtube""
        }
      },
      {
        ""@type"": ""type.googleapis.com/google.rpc.LocalizedMessage"",
        ""locale"": ""en-US"",
        ""message"": ""Requests to this API youtube method youtube.api.v3.V3DataSearchService.List are blocked.""
      }
    ]
  }
}
",label
3575572,541304,"Groove 136 / CD 45",Various,2012,"GROOVE 136 / CD 45",https://www.discogs.com/release/3575572,https://i.discogs.com/iXOfPhqB-ClKp-wuG3qxruqYcdoBuYMenR_DpCoTlfk/rs:fit/g:sm/q:40/h:150/w:150/czM6Ly9kaXNjb2dz/LWRhdGFiYXNlLWlt/YWdlcy9SLTM1NzU1/NzItMTMzNTg5ODQ4/NC5qcGVn.jpeg,1,0,0,0,1771423741722,44,0.0,,label
3642240,541304,Traces,"Delta Funktionen",2012,"93DSR, 93dsr",https://www.discogs.com/release/3642240,https://i.discogs.com/CdsGfO12GCsCvTGd7GBkg1FKxAgArTe2NBNqG2gTs1U/rs:fit/g:sm/q:40/h:150/w:150/czM6Ly9kaXNjb2dz/LWRhdGFiYXNlLWlt/YWdlcy9SLTM2NDIy/NDAtMTMzODU1ODQy/My03MDUyLmpwZWc.jpeg,1,0,0,0,1771423744177,45,0.0,,label
3708068,363756,"New Recipe","No Gold",2012,none,https://www.discogs.com/release/3708068,https://i.discogs.com/s7E2jSOmyj1VlEylMAIUkLVOfk5ao6pkEZwbTnt9_hQ/rs:fit/g:sm/q:40/h:150/w:150/czM6Ly9kaXNjb2dz/LWRhdGFiYXNlLWlt/YWdlcy9SLTM3MDgw/NjgtMTM0MTE4NzYx/Ni0yNTMzLmpwZWc.jpeg,1,0,0,0,1771423461704,92,0.0,"Track match issue: YouTube API error 403: {
  ""error"": {
    ""code"": 403,
    ""message"": ""Requests to this API youtube method youtube.api.v3.V3DataSearchService.List are blocked."",
    ""errors"": [
      {
        ""message"": ""Requests to this API youtube method youtube.api.v3.V3DataSearchService.List are blocked."",
        ""domain"": ""global"",
        ""reason"": ""forbidden""
      }
    ],
    ""status"": ""PERMISSION_DENIED"",
    ""details"": [
      {
        ""@type"": ""type.googleapis.com/google.rpc.ErrorInfo"",
        ""reason"": ""API_KEY_SERVICE_BLOCKED"",
        ""domain"": ""googleapis.com"",
        ""metadata"": {
          ""consumer"": ""projects/1097707475336"",
          ""methodName"": ""youtube.api.v3.V3DataSearchService.List"",
          ""service"": ""youtube.googleapis.com"",
          ""apiName"": ""youtube""
        }
      },
      {
        ""@type"": ""type.googleapis.com/google.rpc.LocalizedMessage"",
        ""locale"": ""en-US"",
        ""message"": ""Requests to this API youtube method youtube.api.v3.V3DataSearchService.List are blocked.""
      }
    ]
  }
}
",label
4075762,147719,"Hosei University 1982","Les Rallizes Denudes",,none,https://www.discogs.com/release/4075762,https://i.discogs.com/LezcqAy5JD5zvEZWrqQ_UA6qyJP_AwCSCqvRjqXIp0U/rs:fit/g:sm/q:40/h:150/w:150/czM6Ly9kaXNjb2dz/LWRhdGFiYXNlLWlt/YWdlcy9SLTQwNzU3/NjItMTM3MzkyMzYz/NS0xMTA4LmpwZWc.jpeg,0,0,0,0,1771441865977,19,0.0,,label
4205217,363756,"III / XII / IX","Aquarian Foundation",2012,MHC003,https://www.discogs.com/release/4205217,https://i.discogs.com/Nop2MWp1TXKz4TIraT1cTpsXurjax3hVmJh4PgWC_nE/rs:fit/g:sm/q:40/h:150/w:150/czM6Ly9kaXNjb2dz/LWRhdGFiYXNlLWlt/YWdlcy9SLTQyMDUy/MTctMTM1ODUwNDQw/OC01MTkzLmpwZWc.jpeg,1,0,0,0,1771423413263,81,0.0,"Track match issue: YouTube API error 403: {
  ""error"": {
    ""code"": 403,
    ""message"": ""Requests to this API youtube method youtube.api.v3.V3DataSearchService.List are blocked."",
    ""errors"": [
      {
        ""message"": ""Requests to this API youtube method youtube.api.v3.V3DataSearchService.List are blocked."",
        ""domain"": ""global"",
        ""reason"": ""forbidden""
      }
    ],
    ""status"": ""PERMISSION_DENIED"",
    ""details"": [
      {
        ""@type"": ""type.googleapis.com/google.rpc.ErrorInfo"",
        ""reason"": ""API_KEY_SERVICE_BLOCKED"",
        ""domain"": ""googleapis.com"",
        ""metadata"": {
          ""service"": ""youtube.googleapis.com"",
          ""apiName"": ""youtube"",
          ""methodName"": ""youtube.api.v3.V3DataSearchService.List"",
          ""consumer"": ""projects/1097707475336""
        }
      },
      {
        ""@type"": ""type.googleapis.com/google.rpc.LocalizedMessage"",
        ""locale"": ""en-US"",
        ""message"": ""Requests to this API youtube method youtube.api.v3.V3DataSearchService.List are blocked.""
      }
    ]
  }
}
",label
4484275,541304,"Amazing Things","John Beltran",2013,98DSR/JBT-CD2,https://www.discogs.com/release/4484275,https://i.discogs.com/YArt4N5tT5cLh0DcI_UcpfhUXf27DYxZr9_WSYvZnqg/rs:fit/g:sm/q:40/h:150/w:150/czM6Ly9kaXNjb2dz/LWRhdGFiYXNlLWlt/YWdlcy9SLTQ0ODQy/NzUtMTU2MTE1NTM0/NC00OTg5LmpwZWc.jpeg,1,0,0,0,1771423746504,46,0.0,,label
4492488,363756," Mood Hut Mix 004 (Warm-ups And Isolations)",Various,2012,none,https://www.discogs.com/release/4492488,https://i.discogs.com/QXWAS85_DJ_YN9PmbZrZ3bCfinEIMmRtF9Zllmumcos/rs:fit/g:sm/q:40/h:150/w:150/czM6Ly9kaXNjb2dz/LWRhdGFiYXNlLWlt/YWdlcy9SLTQ0OTI0/ODgtMTQxMzM4OTUy/NS02OTU5LmpwZWc.jpeg,1,0,0,0,1771423455532,90,0.0,"Track match issue: YouTube API error 403: {
  ""error"": {
    ""code"": 403,
    ""message"": ""Requests to this API youtube method youtube.api.v3.V3DataSearchService.List are blocked."",
    ""errors"": [
      {
        ""message"": ""Requests to this API youtube method youtube.api.v3.V3DataSearchService.List are blocked."",
        ""domain"": ""global"",
        ""reason"": ""forbidden""
      }
    ],
    ""status"": ""PERMISSION_DENIED"",
    ""details"": [
      {
        ""@type"": ""type.googleapis.com/google.rpc.ErrorInfo"",
        ""reason"": ""API_KEY_SERVICE_BLOCKED"",
        ""domain"": ""googleapis.com"",
        ""metadata"": {
          ""methodName"": ""youtube.api.v3.V3DataSearchService.List"",
          ""service"": ""youtube.googleapis.com"",
          ""consumer"": ""projects/1097707475336"",
          ""apiName"": ""youtube""
        }
      },
      {
        ""@type"": ""type.googleapis.com/google.rpc.LocalizedMessage"",
        ""locale"": ""en-US"",
        ""message"": ""Requests to this API youtube method youtube.api.v3.V3DataSearchService.List are blocked.""
      }
    ]
  }
}
",label
4579756,1367,"Fracturhythms Vol 2","Nico Awtsventin",,"BIO 008",https://www.discogs.com/releases/4579756,https://i.discogs.com/YV0vqON6vig5mvm2jUDJSaxb59b2ASuEPM0VUi88ao0/rs:fit/g:sm/q:40/h:150/w:150/czM6Ly9kaXNjb2dz/LWRhdGFiYXNlLWlt/YWdlcy9SLTQ1Nzk3/NTYtMTM2ODk3NjU1/Ni05OTIxLmpwZWc.jpeg,1,0,0,1,1771445244032,10,0.0,,discogs_want
4730289,363756,"Devonian Garden",Cloudface,2013,MH001,https://www.discogs.com/release/4730289,https://i.discogs.com/ntdXPJZrbhY7rwqGgDmTZCTHs03NcH3XAgAJd9eWDME/rs:fit/g:sm/q:40/h:150/w:150/czM6Ly9kaXNjb2dz/LWRhdGFiYXNlLWlt/YWdlcy9SLTQ3MzAy/ODktMTM5MzQyOTU3/Ni02NjAxLmpwZWc.jpeg,1,0,0,0,1771423194400,11,0.0,"Track match issue: YouTube API error 403: {
  ""error"": {
    ""code"": 403,
    ""message"": ""Requests to this API youtube method youtube.api.v3.V3DataSearchService.List are blocked."",
    ""errors"": [
      {
        ""message"": ""Requests to this API youtube method youtube.api.v3.V3DataSearchService.List are blocked."",
        ""domain"": ""global"",
        ""reason"": ""forbidden""
      }
    ],
    ""status"": ""PERMISSION_DENIED"",
    ""details"": [
      {
        ""@type"": ""type.googleapis.com/google.rpc.ErrorInfo"",
        ""reason"": ""API_KEY_SERVICE_BLOCKED"",
        ""domain"": ""googleapis.com"",
        ""metadata"": {
          ""methodName"": ""youtube.api.v3.V3DataSearchService.List"",
          ""consumer"": ""projects/1097707475336"",
          ""service"": ""youtube.googleapis.com"",
          ""apiName"": ""youtube""
        }
      },
      {
        ""@type"": ""type.googleapis.com/google.rpc.LocalizedMessage"",
        ""locale"": ""en-US"",
        ""message"": ""Requests to this API youtube method youtube.api.v3.V3DataSearchService.List are blocked.""
      }
    ]
  }
}
",label
4843497,363756,"Language Of The Hand","Aquarian Foundation",2013,MH002,https://www.discogs.com/release/4843497,https://i.discogs.com/Zth4QNMJ-z1YaEKcGWF1t7lVy0X5-Oq6zLB2L6x6KFo/rs:fit/g:sm/q:40/h:150/w:150/czM6Ly9kaXNjb2dz/LWRhdGFiYXNlLWlt/YWdlcy9SLTQ4NDM0/OTctMTQwODk2ODA0/OC05Nzg4LmpwZWc.jpeg,1,0,0,0,1771423199437,13,0.0,"Track match issue: YouTube API error 403: {
  ""error"": {
    ""code"": 403,
    ""message"": ""Requests to this API youtube method youtube.api.v3.V3DataSearchService.List are blocked."",
    ""errors"": [
      {
        ""message"": ""Requests to this API youtube method youtube.api.v3.V3DataSearchService.List are blocked."",
        ""domain"": ""global"",
        ""reason"": ""forbidden""
      }
    ],
    ""status"": ""PERMISSION_DENIED"",
    ""details"": [
      {
        ""@type"": ""type.googleapis.com/google.rpc.ErrorInfo"",
        ""reason"": ""API_KEY_SERVICE_BLOCKED"",
        ""domain"": ""googleapis.com"",
        ""metadata"": {
          ""methodName"": ""youtube.api.v3.V3DataSearchService.List"",
          ""service"": ""youtube.googleapis.com"",
          ""consumer"": ""projects/1097707475336"",
          ""apiName"": ""youtube""
        }
      },
      {
        ""@type"": ""type.googleapis.com/google.rpc.LocalizedMessage"",
        ""locale"": ""en-US"",
        ""message"": ""Requests to this API youtube method youtube.api.v3.V3DataSearchService.List are blocked.""
      }
    ]
  }
}
",label
4979025,363756,"Life In The Zone","Pender Street Steppers",2013,MHC006,https://www.discogs.com/release/4979025,https://i.discogs.com/m9yRwQqExQGfJ_u2NqQDkflkKAWm3OtfryEypEsMeuU/rs:fit/g:sm/q:40/h:150/w:150/czM6Ly9kaXNjb2dz/LWRhdGFiYXNlLWlt/YWdlcy9SLTQ5Nzkw/MjUtMTQwNDA0OTk3/OC0xMzMxLmpwZWc.jpeg,1,0,0,0,1771423445925,87,0.0,"Track match issue: YouTube API error 403: {
  ""error"": {
    ""code"": 403,
    ""message"": ""Requests to this API youtube method youtube.api.v3.V3DataSearchService.List are blocked."",
    ""errors"": [
      {
        ""message"": ""Requests to this API youtube method youtube.api.v3.V3DataSearchService.List are blocked."",
        ""domain"": ""global"",
        ""reason"": ""forbidden""
      }
    ],
    ""status"": ""PERMISSION_DENIED"",
    ""details"": [
      {
        ""@type"": ""type.googleapis.com/google.rpc.ErrorInfo"",
        ""reason"": ""API_KEY_SERVICE_BLOCKED"",
        ""domain"": ""googleapis.com"",
        ""metadata"": {
          ""consumer"": ""projects/1097707475336"",
          ""methodName"": ""youtube.api.v3.V3DataSearchService.List"",
          ""apiName"": ""youtube"",
          ""service"": ""youtube.googleapis.com""
        }
      },
      {
        ""@type"": ""type.googleapis.com/google.rpc.LocalizedMessage"",
        ""locale"": ""en-US"",
        ""message"": ""Requests to this API youtube method youtube.api.v3.V3DataSearchService.List are blocked.""
      }
    ]
  }
}
",label
5020355,46332,"Yellow Sky Over Reykjavik",Thor,,cns062-6,https://www.discogs.com/releases/5020355,https://i.discogs.com/KEZ3ZxxwJEHgcwL9xztJ9UhUg0Q50iGetSo0vOVJU4g/rs:fit/g:sm/q:40/h:150/w:150/czM6Ly9kaXNjb2dz/LWRhdGFiYXNlLWlt/YWdlcy9SLTUwMjAz/NTUtMTQ5NjkxNzE3/MS02MzY2LmpwZWc.jpeg,1,0,0,1,1771445244032,20,0.0,,discogs_want
5023205,363756,"On The Inner Plains","Ttam Renat",2013,MH003,https://www.discogs.com/release/5023205,https://i.discogs.com/Sd5du3jDE9l6_joALU17Sc-lmfXKMBlBIb_x0c39ORY/rs:fit/g:sm/q:40/h:150/w:150/czM6Ly9kaXNjb2dz/LWRhdGFiYXNlLWlt/YWdlcy9SLTUwMjMy/MDUtMTM5MjA2MjM3/MC00ODY5LmpwZWc.jpeg,1,0,0,0,1771423204742,15,0.0,"Track match issue: YouTube API error 403: {
  ""error"": {
    ""code"": 403,
    ""message"": ""Requests to this API youtube method youtube.api.v3.V3DataSearchService.List are blocked."",
    ""errors"": [
      {
        ""message"": ""Requests to this API youtube method youtube.api.v3.V3DataSearchService.List are blocked."",
        ""domain"": ""global"",
        ""reason"": ""forbidden""
      }
    ],
    ""status"": ""PERMISSION_DENIED"",
    ""details"": [
      {
        ""@type"": ""type.googleapis.com/google.rpc.ErrorInfo"",
        ""reason"": ""API_KEY_SERVICE_BLOCKED"",
        ""domain"": ""googleapis.com"",
        ""metadata"": {
          ""service"": ""youtube.googleapis.com"",
          ""consumer"": ""projects/1097707475336"",
          ""apiName"": ""youtube"",
          ""methodName"": ""youtube.api.v3.V3DataSearchService.List""
        }
      },
      {
        ""@type"": ""type.googleapis.com/google.rpc.LocalizedMessage"",
        ""locale"": ""en-US"",
        ""message"": ""Requests to this API youtube method youtube.api.v3.V3DataSearchService.List are blocked.""
      }
    ]
  }
}
",label
5090346,363756,"Mother Official Volume II","Jack Jutson",2013,MHC004,https://www.discogs.com/release/5090346,https://i.discogs.com/tNsvsN1yxk5SZF00_-qJxlRfmsoo-zjOwJnqDyo3WeE/rs:fit/g:sm/q:40/h:150/w:150/czM6Ly9kaXNjb2dz/LWRhdGFiYXNlLWlt/YWdlcy9SLTUwOTAz/NDYtMTQwNDA0Njcx/OS0xODkyLmpwZWc.jpeg,1,0,0,0,1771423434230,83,0.0,"Track match issue: YouTube API error 403: {
  ""error"": {
    ""code"": 403,
    ""message"": ""Requests to this API youtube method youtube.api.v3.V3DataSearchService.List are blocked."",
    ""errors"": [
      {
        ""message"": ""Requests to this API youtube method youtube.api.v3.V3DataSearchService.List are blocked."",
        ""domain"": ""global"",
        ""reason"": ""forbidden""
      }
    ],
    ""status"": ""PERMISSION_DENIED"",
    ""details"": [
      {
        ""@type"": ""type.googleapis.com/google.rpc.ErrorInfo"",
        ""reason"": ""API_KEY_SERVICE_BLOCKED"",
        ""domain"": ""googleapis.com"",
        ""metadata"": {
          ""consumer"": ""projects/1097707475336"",
          ""service"": ""youtube.googleapis.com"",
          ""apiName"": ""youtube"",
          ""methodName"": ""youtube.api.v3.V3DataSearchService.List""
        }
      },
      {
        ""@type"": ""type.googleapis.com/google.rpc.LocalizedMessage"",
        ""locale"": ""en-US"",
        ""message"": ""Requests to this API youtube method youtube.api.v3.V3DataSearchService.List are blocked.""
      }
    ]
  }
}
",label
5090368,363756,"Interior Fountains","Dream Carpets",2013,MHC005,https://www.discogs.com/release/5090368,https://i.discogs.com/PkenwVTX2YgnyuhYFRg0m9sTbf1K5tcLXA7eRIE7qxY/rs:fit/g:sm/q:40/h:150/w:150/czM6Ly9kaXNjb2dz/LWRhdGFiYXNlLWlt/YWdlcy9SLTUwOTAz/NjgtMTQwNDA0ODE3/My03MTAwLmpwZWc.jpeg,1,0,0,0,1771423440356,85,0.0,"Track match issue: YouTube API error 403: {
  ""error"": {
    ""code"": 403,
    ""message"": ""Requests to this API youtube method youtube.api.v3.V3DataSearchService.List are blocked."",
    ""errors"": [
      {
        ""message"": ""Requests to this API youtube method youtube.api.v3.V3DataSearchService.List are blocked."",
        ""domain"": ""global"",
        ""reason"": ""forbidden""
      }
    ],
    ""status"": ""PERMISSION_DENIED"",
    ""details"": [
      {
        ""@type"": ""type.googleapis.com/google.rpc.ErrorInfo"",
        ""reason"": ""API_KEY_SERVICE_BLOCKED"",
        ""domain"": ""googleapis.com"",
        ""metadata"": {
          ""methodName"": ""youtube.api.v3.V3DataSearchService.List"",
          ""consumer"": ""projects/1097707475336"",
          ""apiName"": ""youtube"",
          ""service"": ""youtube.googleapis.com""
        }
      },
      {
        ""@type"": ""type.googleapis.com/google.rpc.LocalizedMessage"",
        ""locale"": ""en-US"",
        ""message"": ""Requests to this API youtube method youtube.api.v3.V3DataSearchService.List are blocked.""
      }
    ]
  }
}
",label
5090398,363756,MHC000,"Slow Riffs",2013,MHC000,https://www.discogs.com/release/5090398,https://i.discogs.com/sDlo9gkoLEfXJqOLoEPLAQFJDmtlbl-AXBo8wlb11bw/rs:fit/g:sm/q:40/h:150/w:150/czM6Ly9kaXNjb2dz/LWRhdGFiYXNlLWlt/YWdlcy9SLTUwOTAz/OTgtMTU0ODg2MjUw/OC0xNTE2LnBuZw.jpeg,1,0,0,0,1771423358481,74,0.0,"Track match issue: YouTube API error 403: {
  ""error"": {
    ""code"": 403,
    ""message"": ""Requests to this API youtube method youtube.api.v3.V3DataSearchService.List are blocked."",
    ""errors"": [
      {
        ""message"": ""Requests to this API youtube method youtube.api.v3.V3DataSearchService.List are blocked."",
        ""domain"": ""global"",
        ""reason"": ""forbidden""
      }
    ],
    ""status"": ""PERMISSION_DENIED"",
    ""details"": [
      {
        ""@type"": ""type.googleapis.com/google.rpc.ErrorInfo"",
        ""reason"": ""API_KEY_SERVICE_BLOCKED"",
        ""domain"": ""googleapis.com"",
        ""metadata"": {
          ""consumer"": ""projects/1097707475336"",
          ""methodName"": ""youtube.api.v3.V3DataSearchService.List"",
          ""service"": ""youtube.googleapis.com"",
          ""apiName"": ""youtube""
        }
      },
      {
        ""@type"": ""type.googleapis.com/google.rpc.LocalizedMessage"",
        ""locale"": ""en-US"",
        ""message"": ""Requests to this API youtube method youtube.api.v3.V3DataSearchService.List are blocked.""
      }
    ]
  }
}
",label
5186071,541304,"Kinetic Image",Conforce,2013,102dsr/cfc-cd2,https://www.discogs.com/release/5186071,https://i.discogs.com/Xud9Jwti65mdft0evLHcifSQhLZCh4YtC72w7JXqM8A/rs:fit/g:sm/q:40/h:150/w:150/czM6Ly9kaXNjb2dz/LWRhdGFiYXNlLWlt/YWdlcy9SLTUxODYw/NzEtMTUzMTM4Nzg1/OS0yOTY3LmpwZWc.jpeg,1,0,0,0,1771423748729,47,0.0,,label
5241033,541304,"Nocturnal Passions Part I","Area Forty_One",2013,DSR-E3,https://www.discogs.com/release/5241033,https://i.discogs.com/4JmlYxVBGpN7skMi95PK1kxDnDz4ZsV6riy6ckzpFNw/rs:fit/g:sm/q:40/h:150/w:150/czM6Ly9kaXNjb2dz/LWRhdGFiYXNlLWlt/YWdlcy9SLTUyNDEw/MzMtMTM5NzgzODQx/MC01Mzk4LmpwZWc.jpeg,1,0,0,0,1771423750953,48,0.0,,label
5246939,541304,100DSR,Various,2013,100DSR,https://www.discogs.com/release/5246939,https://i.discogs.com/jY-klR4gXcLbEJFHq9nfygdzHRQFMaeWuBoxsJfrJnE/rs:fit/g:sm/q:40/h:150/w:150/czM6Ly9kaXNjb2dz/LWRhdGFiYXNlLWlt/YWdlcy9SLTUyNDY5/MzktMTM4ODY2MDcx/NS0zNTA5LmpwZWc.jpeg,1,0,0,0,1771423753194,49,0.0,,label
5334004,363756,"Bubble World","Pender Street Steppers",2014,MH004,https://www.discogs.com/release/5334004,https://i.discogs.com/EQ0tnUd9HodBWlnM_UewXf0AX-oMPJyZhdJehRWg9IY/rs:fit/g:sm/q:40/h:150/w:150/czM6Ly9kaXNjb2dz/LWRhdGFiYXNlLWlt/YWdlcy9SLTUzMzQw/MDQtMTM5Nzk4NzUx/Ny0zOTMxLmpwZWc.jpeg,1,0,0,0,1771423212405,18,0.0,"Track match issue: YouTube API error 403: {
  ""error"": {
    ""code"": 403,
    ""message"": ""Requests to this API youtube method youtube.api.v3.V3DataSearchService.List are blocked."",
    ""errors"": [
      {
        ""message"": ""Requests to this API youtube method youtube.api.v3.V3DataSearchService.List are blocked."",
        ""domain"": ""global"",
        ""reason"": ""forbidden""
      }
    ],
    ""status"": ""PERMISSION_DENIED"",
    ""details"": [
      {
        ""@type"": ""type.googleapis.com/google.rpc.ErrorInfo"",
        ""reason"": ""API_KEY_SERVICE_BLOCKED"",
        ""domain"": ""googleapis.com"",
        ""metadata"": {
          ""consumer"": ""projects/1097707475336"",
          ""apiName"": ""youtube"",
          ""service"": ""youtube.googleapis.com"",
          ""methodName"": ""youtube.api.v3.V3DataSearchService.List""
        }
      },
      {
        ""@type"": ""type.googleapis.com/google.rpc.LocalizedMessage"",
        ""locale"": ""en-US"",
        ""message"": ""Requests to this API youtube method youtube.api.v3.V3DataSearchService.List are blocked.""
      }
    ]
  }
}
",label
5351693,1426,"Soul Sounds",Sasse,,"MOODMUSIC 031",https://www.discogs.com/releases/5351693,https://i.discogs.com/4VORBbeC3X94Rh0U94IuhhxV1ZmiiiK_yLLzBZj_CQc/rs:fit/g:sm/q:40/h:150/w:150/czM6Ly9kaXNjb2dz/LWRhdGFiYXNlLWlt/YWdlcy9SLTUzNTE2/OTMtMTM5MTI1NzE5/Mi04MDM2LmpwZWc.jpeg,1,0,0,1,1771445244032,39,0.0,,discogs_want
5723035,363756,"The Dolphin Hotel Affair Vol. 1","House Of Doors",2014,"MH005 ",https://www.discogs.com/release/5723035,https://i.discogs.com/9ZKcF1nW6YCN-4H0ACdOMqerCRl-aY52ZHzLKaTR50M/rs:fit/g:sm/q:40/h:150/w:150/czM6Ly9kaXNjb2dz/LWRhdGFiYXNlLWlt/YWdlcy9SLTU3MjMw/MzUtMTQwODk2NzMy/MS00MjIxLmpwZWc.jpeg,1,0,0,0,1771423219878,21,0.0,"Track match issue: YouTube API error 403: {
  ""error"": {
    ""code"": 403,
    ""message"": ""Requests to this API youtube method youtube.api.v3.V3DataSearchService.List are blocked."",
    ""errors"": [
      {
        ""message"": ""Requests to this API youtube method youtube.api.v3.V3DataSearchService.List are blocked."",
        ""domain"": ""global"",
        ""reason"": ""forbidden""
      }
    ],
    ""status"": ""PERMISSION_DENIED"",
    ""details"": [
      {
        ""@type"": ""type.googleapis.com/google.rpc.ErrorInfo"",
        ""reason"": ""API_KEY_SERVICE_BLOCKED"",
        ""domain"": ""googleapis.com"",
        ""metadata"": {
          ""consumer"": ""projects/1097707475336"",
          ""apiName"": ""youtube"",
          ""service"": ""youtube.googleapis.com"",
          ""methodName"": ""youtube.api.v3.V3DataSearchService.List""
        }
      },
      {
        ""@type"": ""type.googleapis.com/google.rpc.LocalizedMessage"",
        ""locale"": ""en-US"",
        ""message"": ""Requests to this API youtube method youtube.api.v3.V3DataSearchService.List are blocked.""
      }
    ]
  }
}
",label
5786093,541304,Sleepygirls,Yagya,2014,106dsr/ygy-cd1,https://www.discogs.com/release/5786093,https://i.discogs.com/Q2saVC7zeEIo2cFW3cRF1xANfd3h3P6zPCaS2682qGk/rs:fit/g:sm/q:40/h:150/w:150/czM6Ly9kaXNjb2dz/LWRhdGFiYXNlLWlt/YWdlcy9SLTU3ODYw/OTMtMTc0NzQzNTcx/NC0yMTIzLmpwZWc.jpeg,1,0,0,0,1771423755490,50,0.0,,label
5853011,363756,"Looking Forward To You","Jack J*",2014,MH007,https://www.discogs.com/release/5853011,https://i.discogs.com/O1zGIb-rwEHMD6FFMWNnI-4m8fS12xMoZKsBf5j3HmQ/rs:fit/g:sm/q:40/h:150/w:150/czM6Ly9kaXNjb2dz/LWRhdGFiYXNlLWlt/YWdlcy9SLTU4NTMw/MTEtMTQwODczMTg3/OS01MzI2LmpwZWc.jpeg,1,0,0,0,1771423232894,26,0.0,"Track match issue: YouTube API error 403: {
  ""error"": {
    ""code"": 403,
    ""message"": ""Requests to this API youtube method youtube.api.v3.V3DataSearchService.List are blocked."",
    ""errors"": [
      {
        ""message"": ""Requests to this API youtube method youtube.api.v3.V3DataSearchService.List are blocked."",
        ""domain"": ""global"",
        ""reason"": ""forbidden""
      }
    ],
    ""status"": ""PERMISSION_DENIED"",
    ""details"": [
      {
        ""@type"": ""type.googleapis.com/google.rpc.ErrorInfo"",
        ""reason"": ""API_KEY_SERVICE_BLOCKED"",
        ""domain"": ""googleapis.com"",
        ""metadata"": {
          ""consumer"": ""projects/1097707475336"",
          ""methodName"": ""youtube.api.v3.V3DataSearchService.List"",
          ""service"": ""youtube.googleapis.com"",
          ""apiName"": ""youtube""
        }
      },
      {
        ""@type"": ""type.googleapis.com/google.rpc.LocalizedMessage"",
        ""locale"": ""en-US"",
        ""message"": ""Requests to this API youtube method youtube.api.v3.V3DataSearchService.List are blocked.""
      }
    ]
  }
}
",label
6087146,541304,Coil,Bnjmn,2014,DSR-E5,https://www.discogs.com/release/6087146,,1,0,0,0,1771423757705,51,0.0,,label
6373338,541304,"Machine Conspiracy",Conforce,2014,dsr-x7-cd,https://www.discogs.com/release/6373338,https://i.discogs.com/NdeT9wSsvU2o7inxZPBXXCM15mEBC_gHgiwvCThE8-k/rs:fit/g:sm/q:40/h:150/w:150/czM6Ly9kaXNjb2dz/LWRhdGFiYXNlLWlt/YWdlcy9SLTYzNzMz/MzgtMTQxNzYzOTU0/OC00NzgzLmpwZWc.jpeg,1,0,0,0,1771423760446,52,0.0,,label
6440250,363756,"Looking Forward To You","Jack J*",2014,MH007,https://www.discogs.com/release/6440250,https://i.discogs.com/JQD23t8uZVNst3aDv649d_dSMj3EseMsbivjw9KAx5g/rs:fit/g:sm/q:40/h:150/w:150/czM6Ly9kaXNjb2dz/LWRhdGFiYXNlLWlt/YWdlcy9SLTY0NDAy/NTAtMTQxOTg2OTc4/MC01OTU2LmpwZWc.jpeg,1,0,0,0,1771423230453,25,0.0,"Track match issue: YouTube API error 403: {
  ""error"": {
    ""code"": 403,
    ""message"": ""Requests to this API youtube method youtube.api.v3.V3DataSearchService.List are blocked."",
    ""errors"": [
      {
        ""message"": ""Requests to this API youtube method youtube.api.v3.V3DataSearchService.List are blocked."",
        ""domain"": ""global"",
        ""reason"": ""forbidden""
      }
    ],
    ""status"": ""PERMISSION_DENIED"",
    ""details"": [
      {
        ""@type"": ""type.googleapis.com/google.rpc.ErrorInfo"",
        ""reason"": ""API_KEY_SERVICE_BLOCKED"",
        ""domain"": ""googleapis.com"",
        ""metadata"": {
          ""service"": ""youtube.googleapis.com"",
          ""consumer"": ""projects/1097707475336"",
          ""apiName"": ""youtube"",
          ""methodName"": ""youtube.api.v3.V3DataSearchService.List""
        }
      },
      {
        ""@type"": ""type.googleapis.com/google.rpc.LocalizedMessage"",
        ""locale"": ""en-US"",
        ""message"": ""Requests to this API youtube method youtube.api.v3.V3DataSearchService.List are blocked.""
      }
    ]
  }
}
",label
6500912,363756,"Devonian Garden",Cloudface,2015,MH001,https://www.discogs.com/release/6500912,https://i.discogs.com/8sb1V8v6OXDb8A5DLaYv0YtdosMwrXZ5k-oaTKbaEPM/rs:fit/g:sm/q:40/h:150/w:150/czM6Ly9kaXNjb2dz/LWRhdGFiYXNlLWlt/YWdlcy9SLTY1MDA5/MTItMTQyMTI1OTI5/NS04NjU5LmpwZWc.jpeg,1,0,0,0,1771423189064,9,0.0,"Track match issue: YouTube API error 403: {
  ""error"": {
    ""code"": 403,
    ""message"": ""Requests to this API youtube method youtube.api.v3.V3DataSearchService.List are blocked."",
    ""errors"": [
      {
        ""message"": ""Requests to this API youtube method youtube.api.v3.V3DataSearchService.List are blocked."",
        ""domain"": ""global"",
        ""reason"": ""forbidden""
      }
    ],
    ""status"": ""PERMISSION_DENIED"",
    ""details"": [
      {
        ""@type"": ""type.googleapis.com/google.rpc.ErrorInfo"",
        ""reason"": ""API_KEY_SERVICE_BLOCKED"",
        ""domain"": ""googleapis.com"",
        ""metadata"": {
          ""service"": ""youtube.googleapis.com"",
          ""consumer"": ""projects/1097707475336"",
          ""apiName"": ""youtube"",
          ""methodName"": ""youtube.api.v3.V3DataSearchService.List""
        }
      },
      {
        ""@type"": ""type.googleapis.com/google.rpc.LocalizedMessage"",
        ""locale"": ""en-US"",
        ""message"": ""Requests to this API youtube method youtube.api.v3.V3DataSearchService.List are blocked.""
      }
    ]
  }
}
",label
6572710,541304,Portal,"Vril (2)",2015,"110DSR, ann021",https://www.discogs.com/release/6572710,https://i.discogs.com/InsQ61ubw5qrG63xGS19QepDBBQJ9XOLx-0fzecMuCk/rs:fit/g:sm/q:40/h:150/w:150/czM6Ly9kaXNjb2dz/LWRhdGFiYXNlLWlt/YWdlcy9SLTY1NzI3/MTAtMTQyMjM2NTE3/OC02MzQ1LmpwZWc.jpeg,1,0,0,0,1771423762808,53,0.0,,label
6588265,541304,Portal,"Vril (2)",2015,"110DSR, ann021",https://www.discogs.com/release/6588265,https://i.discogs.com/Y5xCAhUzwf8YoBsYghBFq2n4oF6QoIWPiQw872Rw5Xk/rs:fit/g:sm/q:40/h:150/w:150/czM6Ly9kaXNjb2dz/LWRhdGFiYXNlLWlt/YWdlcy9SLTY1ODgy/NjUtMTQyMjYyMTI5/MC00ODI2LmpwZWc.jpeg,1,0,0,0,1771423765780,54,0.0,,label
6619479,363756,"Bubble World","Pender Street Steppers",2015,MH004,https://www.discogs.com/release/6619479,https://i.discogs.com/jowjLticYyWU0uS1NWL9EN93LXyDmyH7_dgFG3GT9mQ/rs:fit/g:sm/q:40/h:150/w:150/czM6Ly9kaXNjb2dz/LWRhdGFiYXNlLWlt/YWdlcy9SLTY2MTk0/NzktMTQyNDI3NDEz/Mi0yNTMwLmpwZWc.jpeg,1,0,0,0,1771423209771,17,0.0,"Track match issue: YouTube API error 403: {
  ""error"": {
    ""code"": 403,
    ""message"": ""Requests to this API youtube method youtube.api.v3.V3DataSearchService.List are blocked."",
    ""errors"": [
      {
        ""message"": ""Requests to this API youtube method youtube.api.v3.V3DataSearchService.List are blocked."",
        ""domain"": ""global"",
        ""reason"": ""forbidden""
      }
    ],
    ""status"": ""PERMISSION_DENIED"",
    ""details"": [
      {
        ""@type"": ""type.googleapis.com/google.rpc.ErrorInfo"",
        ""reason"": ""API_KEY_SERVICE_BLOCKED"",
        ""domain"": ""googleapis.com"",
        ""metadata"": {
          ""service"": ""youtube.googleapis.com"",
          ""methodName"": ""youtube.api.v3.V3DataSearchService.List"",
          ""consumer"": ""projects/1097707475336"",
          ""apiName"": ""youtube""
        }
      },
      {
        ""@type"": ""type.googleapis.com/google.rpc.LocalizedMessage"",
        ""locale"": ""en-US"",
        ""message"": ""Requests to this API youtube method youtube.api.v3.V3DataSearchService.List are blocked.""
      }
    ]
  }
}
",label
6761029,541304,seconds:minutes:hours,Son.sine,2015,dsr-c2,https://www.discogs.com/release/6761029,https://i.discogs.com/F4YPfpVPj6BbAh9Yq4MIS7l-ZX9OFocrgOqjbRHk-gU/rs:fit/g:sm/q:40/h:150/w:150/czM6Ly9kaXNjb2dz/LWRhdGFiYXNlLWlt/YWdlcy9SLTY3NjEw/MjktMTQyODE1Njcw/OS0yNDM0LmpwZWc.jpeg,1,0,0,0,1771423768035,55,0.0,,label
6925884,147719,"December's Black Children (Live at Shibuya Yaneura, Tokyo 13/12/1980)","Les Rallizes Denudes",1989,none,https://www.discogs.com/release/6925884,https://i.discogs.com/qVkdK5U4sn_pfnYDro-WwZuiSetInwMwJNLtvz8SdVA/rs:fit/g:sm/q:40/h:150/w:150/czM6Ly9kaXNjb2dz/LWRhdGFiYXNlLWlt/YWdlcy9SLTY5MjU4/ODQtMTQyOTY0ODA1/OC0yNTA4LmpwZWc.jpeg,0,0,0,0,1771441865977,18,0.0,,label
6946862,363756,"The Glass City / Golden Garden","Pender Street Steppers",2015,MH008,https://www.discogs.com/release/6946862,https://i.discogs.com/Lh2QeAohrKdppMxgcDM9VHFEqSlKvp_aKTZxToj2x94/rs:fit/g:sm/q:40/h:150/w:150/czM6Ly9kaXNjb2dz/LWRhdGFiYXNlLWlt/YWdlcy9SLTY5NDY4/NjItMTUwMTkwMTUz/Ny02MDA5LmpwZWc.jpeg,1,0,0,0,1771423235364,27,0.0,"Track match issue: YouTube API error 403: {
  ""error"": {
    ""code"": 403,
    ""message"": ""Requests to this API youtube method youtube.api.v3.V3DataSearchService.List are blocked."",
    ""errors"": [
      {
        ""message"": ""Requests to this API youtube method youtube.api.v3.V3DataSearchService.List are blocked."",
        ""domain"": ""global"",
        ""reason"": ""forbidden""
      }
    ],
    ""status"": ""PERMISSION_DENIED"",
    ""details"": [
      {
        ""@type"": ""type.googleapis.com/google.rpc.ErrorInfo"",
        ""reason"": ""API_KEY_SERVICE_BLOCKED"",
        ""domain"": ""googleapis.com"",
        ""metadata"": {
          ""service"": ""youtube.googleapis.com"",
          ""consumer"": ""projects/1097707475336"",
          ""apiName"": ""youtube"",
          ""methodName"": ""youtube.api.v3.V3DataSearchService.List""
        }
      },
      {
        ""@type"": ""type.googleapis.com/google.rpc.LocalizedMessage"",
        ""locale"": ""en-US"",
        ""message"": ""Requests to this API youtube method youtube.api.v3.V3DataSearchService.List are blocked.""
      }
    ]
  }
}
",label
7030290,117386,"Thirstin'","Jack Jutson",,FT029,https://www.discogs.com/releases/7030290,https://i.discogs.com/6R-vupxRq1wEoqPcr955fF-obUWphRijOw__Q-MV4zs/rs:fit/g:sm/q:40/h:150/w:150/czM6Ly9kaXNjb2dz/LWRhdGFiYXNlLWlt/YWdlcy9SLTcwMzAy/OTAtMTQzOTIyOTg5/Mi0yMjI3LmpwZWc.jpeg,1,0,0,1,1771445244032,25,0.0,,discogs_want
7036708,847737,Bells,"Xen (9)",2015,MT001,https://www.discogs.com/release/7036708,https://i.discogs.com/tcgWQwHKg6tFQfeIGiaPIWA2Vt9_d1x8a5J8KMmGyEw/rs:fit/g:sm/q:40/h:150/w:150/czM6Ly9kaXNjb2dz/LWRhdGFiYXNlLWlt/YWdlcy9SLTcwMzY3/MDgtMTQzMjIyNDgw/My03MTYzLmpwZWc.jpeg,1,1,0,0,1771441865398,0,1.0,,label
7078098,852291,"Bride Of Re-Animator (Original Motion Picture Soundtrack)","Richard Band",2015,DDR603,https://www.discogs.com/release/7078098,https://i.discogs.com/1lGBcr_HvAY33RKq64aY6Yeqaus3xo4gDQ4JQEBNQI0/rs:fit/g:sm/q:40/h:150/w:150/czM6Ly9kaXNjb2dz/LWRhdGFiYXNlLWlt/YWdlcy9SLTcwNzgw/OTgtMTQzMzE4NTcw/OS05NjE4LmpwZWc.jpeg,0,0,0,0,1771441866461,67,0.0,,label
7085844,541304,"My Home Is Sonic",Exos,2015,dsr-x9,https://www.discogs.com/release/7085844,https://i.discogs.com/wm9NaNFy1bzuHpnNc4BLzwX12YjdEdrJqOgBL9fPh1g/rs:fit/g:sm/q:40/h:150/w:150/czM6Ly9kaXNjb2dz/LWRhdGFiYXNlLWlt/YWdlcy9SLTcwODU4/NDQtMTQzMzM3MDc5/NS01NDk0LmpwZWc.jpeg,1,0,0,0,1771423770258,56,0.0,,label
7158628,363756,Starcave,"House Of Doors",2015,MH009,https://www.discogs.com/release/7158628,https://i.discogs.com/EFrp31dwbCDBa-AYuLU_AppRZAiXy71C2LjioYZwqEw/rs:fit/g:sm/q:40/h:150/w:150/czM6Ly9kaXNjb2dz/LWRhdGFiYXNlLWlt/YWdlcy9SLTcxNTg2/MjgtMTQzNTM0NDI0/Ny0zNDgzLmpwZWc.jpeg,1,0,0,0,1771423245756,31,0.0,"Track match issue: YouTube API error 403: {
  ""error"": {
    ""code"": 403,
    ""message"": ""Requests to this API youtube method youtube.api.v3.V3DataSearchService.List are blocked."",
    ""errors"": [
      {
        ""message"": ""Requests to this API youtube method youtube.api.v3.V3DataSearchService.List are blocked."",
        ""domain"": ""global"",
        ""reason"": ""forbidden""
      }
    ],
    ""status"": ""PERMISSION_DENIED"",
    ""details"": [
      {
        ""@type"": ""type.googleapis.com/google.rpc.ErrorInfo"",
        ""reason"": ""API_KEY_SERVICE_BLOCKED"",
        ""domain"": ""googleapis.com"",
        ""metadata"": {
          ""methodName"": ""youtube.api.v3.V3DataSearchService.List"",
          ""service"": ""youtube.googleapis.com"",
          ""consumer"": ""projects/1097707475336"",
          ""apiName"": ""youtube""
        }
      },
      {
        ""@type"": ""type.googleapis.com/google.rpc.LocalizedMessage"",
        ""locale"": ""en-US"",
        ""message"": ""Requests to this API youtube method youtube.api.v3.V3DataSearchService.List are blocked.""
      }
    ]
  }
}
",label
7185316,541304,"Presentism  ",Conforce,2015,111DSR,https://www.discogs.com/release/7185316,https://i.discogs.com/VOIPmATNYmFe1xBdOvmvQWrUepWna9mYMqc1Xn_F-cU/rs:fit/g:sm/q:40/h:150/w:150/czM6Ly9kaXNjb2dz/LWRhdGFiYXNlLWlt/YWdlcy9SLTcxODUz/MTYtMTQzNjI3NTEy/OC0yMDQzLmpwZWc.jpeg,1,0,0,0,1771423772756,57,0.0,,label
7208364,541304,"Presentism  ",Conforce,2015,"111 DSR",https://www.discogs.com/release/7208364,https://i.discogs.com/RBqJbNQMYkqthUnmdf7qykmUIyrqQPbC1z_h3vPGGzI/rs:fit/g:sm/q:40/h:150/w:150/czM6Ly9kaXNjb2dz/LWRhdGFiYXNlLWlt/YWdlcy9SLTcyMDgz/NjQtMTQzNjE5NTI2/MS00MzcxLmpwZWc.jpeg,1,0,0,0,1771423775044,58,0.0,,label
7213874,541304,Presentism,Conforce,2015,111DSR,https://www.discogs.com/release/7213874,https://i.discogs.com/Rt3PQJllD0d3sPdhasrxLF3xo5QfppTNMjk8PpBGwJQ/rs:fit/g:sm/q:40/h:150/w:150/czM6Ly9kaXNjb2dz/LWRhdGFiYXNlLWlt/YWdlcy9SLTcyMTM4/NzQtMTUzMjk1MzI2/MC0xMjA1LmpwZWc.jpeg,1,0,0,0,1771423777328,59,0.0,,label
7247155,541304,Espais,"John Beltran",2015,DSR-D3-CD,https://www.discogs.com/release/7247155,https://i.discogs.com/lyhI5a1hqGk10Vkmn9usX4cSg1XcfPMDMeB6ocfP6Vo/rs:fit/g:sm/q:40/h:150/w:150/czM6Ly9kaXNjb2dz/LWRhdGFiYXNlLWlt/YWdlcy9SLTcyNDcx/NTUtMTQ0Mzg5NzM2/Mi03NzQ2LmpwZWc.jpeg,1,0,0,0,1771423779707,60,0.0,,label
7269169,541304,Espais,"John Beltran",2015,"DSR-D3-CD, IMFYL075",https://www.discogs.com/release/7269169,https://i.discogs.com/spD6C1ubUNCQSPYjSd0fXSLmOD4Qtx0POysMvwFp5J8/rs:fit/g:sm/q:40/h:150/w:150/czM6Ly9kaXNjb2dz/LWRhdGFiYXNlLWlt/YWdlcy9SLTcyNjkx/NjktMTQzNzY0MzE5/NS01MjQyLmpwZWc.jpeg,1,0,0,0,1771423782268,61,0.0,,label
7439907,21050,Re-Melted,Merv,,"Styrax Records - Merv",https://www.discogs.com/releases/7439907,https://i.discogs.com/G5qzUWLNKMAWLKYHfW0QdMbals5Rjr2GxkU1oc3z5Ow/rs:fit/g:sm/q:40/h:150/w:150/czM6Ly9kaXNjb2dz/LWRhdGFiYXNlLWlt/YWdlcy9SLTc0Mzk5/MDctMTQ0MjU2NTQz/NS02MjcwLmpwZWc.jpeg,1,0,0,1,1771445244032,56,0.0,,discogs_want
7440002,21050,Re-Melted,Merv,,"Styrax Records - Merv",https://www.discogs.com/releases/7440002,https://i.discogs.com/OvvuGCyZtB2HhyNVWugnjaMgbO1k7KCm9TFctUTNUkc/rs:fit/g:sm/q:40/h:150/w:150/czM6Ly9kaXNjb2dz/LWRhdGFiYXNlLWlt/YWdlcy9SLTc0NDAw/MDItMTQ0MTU1MDU4/MS03ODczLmpwZWc.jpeg,1,0,0,1,1771445244032,55,0.0,,discogs_want
7493926,363756,"Gong Bath","Slow Riffs",2015,"MH010, mh010",https://www.discogs.com/release/7493926,https://i.discogs.com/oqS_Mps4gLgyRUGTehoK97_Ufel0wzDawsHQRsX59pA/rs:fit/g:sm/q:40/h:150/w:150/czM6Ly9kaXNjb2dz/LWRhdGFiYXNlLWlt/YWdlcy9SLTc0OTM5/MjYtMTQ0MzAwNDcx/MC00NzQzLmpwZWc.jpeg,1,0,0,0,1771423250649,33,0.0,"Track match issue: YouTube API error 403: {
  ""error"": {
    ""code"": 403,
    ""message"": ""Requests to this API youtube method youtube.api.v3.V3DataSearchService.List are blocked."",
    ""errors"": [
      {
        ""message"": ""Requests to this API youtube method youtube.api.v3.V3DataSearchService.List are blocked."",
        ""domain"": ""global"",
        ""reason"": ""forbidden""
      }
    ],
    ""status"": ""PERMISSION_DENIED"",
    ""details"": [
      {
        ""@type"": ""type.googleapis.com/google.rpc.ErrorInfo"",
        ""reason"": ""API_KEY_SERVICE_BLOCKED"",
        ""domain"": ""googleapis.com"",
        ""metadata"": {
          ""methodName"": ""youtube.api.v3.V3DataSearchService.List"",
          ""apiName"": ""youtube"",
          ""consumer"": ""projects/1097707475336"",
          ""service"": ""youtube.googleapis.com""
        }
      },
      {
        ""@type"": ""type.googleapis.com/google.rpc.LocalizedMessage"",
        ""locale"": ""en-US"",
        ""message"": ""Requests to this API youtube method youtube.api.v3.V3DataSearchService.List are blocked.""
      }
    ]
  }
}
",label
7499317,541304,Framework,"Mike Dehnert",2011,86DSR/MDN-CD1,https://www.discogs.com/release/7499317,,1,0,0,0,1771423784651,62,0.0,,label
7502982,852291,"Retribution (Original Motion Picture Soundtrack)","Alan Howarth",2015,DDR605,https://www.discogs.com/release/7502982,https://i.discogs.com/aswS_jLnIxvdhHbeKoT6sP1bVps-hkO1mjlisU4OEAQ/rs:fit/g:sm/q:40/h:150/w:150/czM6Ly9kaXNjb2dz/LWRhdGFiYXNlLWlt/YWdlcy9SLTc1MDI5/ODItMTcxMTcyMTUx/Ny01OTc4LmpwZWc.jpeg,0,0,0,0,1771441866461,69,0.0,,label
7651711,541304,"Breaths Written Outside Gloom",Voiski,2015,dsr-c5,https://www.discogs.com/release/7651711,https://i.discogs.com/l1EuRQByeBtmXErRZ5LwJUzCVzVtu26Cv2w4_StmKGg/rs:fit/g:sm/q:40/h:150/w:150/czM6Ly9kaXNjb2dz/LWRhdGFiYXNlLWlt/YWdlcy9SLTc2NTE3/MTEtMTQ0NTk2Nzcw/MS0zNTg0LmpwZWc.jpeg,1,0,0,0,1771423786915,63,0.0,,label
7676339,7580,"Entron EP","Nimbus (2)",,BBTQ005,https://www.discogs.com/releases/7676339,https://i.discogs.com/PMKs11Occm4Qb3OiquyFKecq6ayKeFXpUkJKrNg0XeM/rs:fit/g:sm/q:40/h:150/w:150/czM6Ly9kaXNjb2dz/LWRhdGFiYXNlLWlt/YWdlcy9SLTc2NzYz/MzktMTQ0NjQ5NDU3/Mi03MDc3LmpwZWc.jpeg,1,0,0,1,1771445244032,13,0.0,,discogs_want
7690715,921036,"The First Annual Fundraiser - War Child",Various,2015,CKNOW1,https://www.discogs.com/release/7690715,https://i.discogs.com/i0jHgn42HYRCdu2bLG09UNMlJwoGylGL8recWfxLGv0/rs:fit/g:sm/q:40/h:150/w:150/czM6Ly9kaXNjb2dz/LWRhdGFiYXNlLWlt/YWdlcy9SLTc2OTA3/MTUtMTQ0NjgyMjgx/OC01MTgwLmpwZWc.jpeg,0,0,0,0,1771441861415,11,0.0,,label
7793017,852291,"Thirst (Original Motion Picture Soundtrack)","Brian May (2)",2015,DDR606,https://www.discogs.com/release/7793017,https://i.discogs.com/-xkTrvZ5Y8w25eBxCMlTwGO8dzUoMJZOwLdUYYquGvY/rs:fit/g:sm/q:40/h:150/w:150/czM6Ly9kaXNjb2dz/LWRhdGFiYXNlLWlt/YWdlcy9SLTc3OTMw/MTctMTY5MDgzODU3/Mi00MzA5LmpwZWc.jpeg,0,0,0,0,1771441866461,70,0.0,,label
7829306,847737,"El Fadaa",Khidja,2015,MT003,https://www.discogs.com/release/7829306,https://i.discogs.com/nUpZcYyKrm776WavYTuBoQsBMqBaMvKb-fd6StVEISs/rs:fit/g:sm/q:40/h:150/w:150/czM6Ly9kaXNjb2dz/LWRhdGFiYXNlLWlt/YWdlcy9SLTc4Mjkz/MDYtMTU3MjYyMzky/NC00NzMxLmpwZWc.jpeg,1,1,0,0,1771441882477,2,1.0,,label
7851727,541304,"Sides Of Space ",D5,2015,"112dsr , 112dsr-lp",https://www.discogs.com/release/7851727,https://i.discogs.com/Hd_6x0ofMF_G4ZGzzCZpfw7fqkkGvt3cudYFmJEOWj8/rs:fit/g:sm/q:40/h:150/w:150/czM6Ly9kaXNjb2dz/LWRhdGFiYXNlLWlt/YWdlcy9SLTc4NTE3/MjctMTQ1MDE2NzA4/Ny00MTk4LmpwZWc.jpeg,1,0,0,0,1771423789289,64,0.0,,label
7908909,541304,"Sides Of Space ",D5,2015,"112dsr, 112dsr-cd",https://www.discogs.com/release/7908909,https://i.discogs.com/pAcQDNibwh7vBgDLDMsxhqAw5mPNyP5OtSUGCv5q5fI/rs:fit/g:sm/q:40/h:150/w:150/czM6Ly9kaXNjb2dz/LWRhdGFiYXNlLWlt/YWdlcy9SLTc5MDg5/MDktMTQ2MjkxMjM0/My00Mjg5LmpwZWc.jpeg,1,0,0,0,1771423791780,65,0.0,,label
7971614,847737,"Botanical Garden",Yovav*,2016,MT002,https://www.discogs.com/release/7971614,https://i.discogs.com/TyKkRs0_T99HYky04H35rxIWnBdeL27x6xVKTknlrmM/rs:fit/g:sm/q:40/h:150/w:150/czM6Ly9kaXNjb2dz/LWRhdGFiYXNlLWlt/YWdlcy9SLTc5NzE2/MTQtMTQ1Mjk1Mzky/My01MTU4LmpwZWc.jpeg,0,0,0,0,1771441863768,4,0.0,,label
7984620,952963,"Atipic 001","Adrian Niculae",2016,"Atipic 001",https://www.discogs.com/release/7984620,https://i.discogs.com/xR9HSxZ9027OGdqs9uReJL5U1N7W6YFF2TeQhU9aRVM/rs:fit/g:sm/q:40/h:150/w:150/czM6Ly9kaXNjb2dz/LWRhdGFiYXNlLWlt/YWdlcy9SLTc5ODQ2/MjAtMTQ1Mjk0MzM5/MC05MzY1LmpwZWc.jpeg,1,1,0,0,1771443519608,6,1.0,"Track match issue: FOREIGN KEY constraint failed",label
8048441,852291,"A Sound Of Thunder (Original Motion Picture Soundtrack)","Nick Glennie-Smith",2015,DDR600,https://www.discogs.com/release/8048441,https://i.discogs.com/p2lFS6eTQzpJzi0DepirxRC2NINLr4sP_T8fd03Bb0w/rs:fit/g:sm/q:40/h:150/w:150/czM6Ly9kaXNjb2dz/LWRhdGFiYXNlLWlt/YWdlcy9SLTgwNDg0/NDEtMTQ1NDE2MDk3/NC00MTAxLmpwZWc.jpeg,1,1,0,0,1771441870715,0,0.0526315789473684,"Track match issue: YouTube quota exceeded for this key. Wait for quota reset or use another key.",label
8150869,541304,"Music For Machines","John Beltran",2014,DSR-D1,https://www.discogs.com/release/8150869,https://i.discogs.com/sEqU66wgtcKxVKgvwM3woY68nj0PaJMMWFQtm0TT-9I/rs:fit/g:sm/q:40/h:150/w:150/czM6Ly9kaXNjb2dz/LWRhdGFiYXNlLWlt/YWdlcy9SLTgxNTA4/NjktMTQ1NjA4Mjcz/NS0yMTQ0LmpwZWc.jpeg,1,0,0,0,1771423794241,66,0.0,,label
8260458,541304,"Nocturnal Passions Part II","Area Forty_One",2016,DSR-E8,https://www.discogs.com/release/8260458,https://i.discogs.com/-g0hZWZWvW0OA7VYY5UgGHmS9p6O4p1puBIAcS9n3nI/rs:fit/g:sm/q:40/h:150/w:150/czM6Ly9kaXNjb2dz/LWRhdGFiYXNlLWlt/YWdlcy9SLTgyNjA0/NTgtMTU3MDg4Njcy/MS01NDA4LmpwZWc.jpeg,1,0,0,0,1771423796519,67,0.0,,label
8267943,541304,"Nocturnal Passions Part II","Area Forty_One",2016,DSR-E8,https://www.discogs.com/release/8267943,https://i.discogs.com/KB-9nwUycjYUiUQWyR9szX7W5Xasypql-n9iwKZ0tf8/rs:fit/g:sm/q:40/h:150/w:150/czM6Ly9kaXNjb2dz/LWRhdGFiYXNlLWlt/YWdlcy9SLTgyNjc5/NDMtMTQ5OTcyMzA0/NS02MTc5LmpwZWc.jpeg,1,0,0,0,1771423798885,68,0.0,,label
8334239,363756,"Disco Mantras Vol. 1",Various,2016,MH012,https://www.discogs.com/release/8334239,https://i.discogs.com/kdye6bjCCZXDWMpdsJ-PlCh6QrLRyXZEjyF6KQ5aRTk/rs:fit/g:sm/q:40/h:150/w:150/czM6Ly9kaXNjb2dz/LWRhdGFiYXNlLWlt/YWdlcy9SLTgzMzQy/MzktMTQ2MDM4NzMx/Ni01NjM3LmpwZWc.jpeg,1,0,0,0,1771423255650,35,0.0,"Track match issue: YouTube API error 403: {
  ""error"": {
    ""code"": 403,
    ""message"": ""Requests to this API youtube method youtube.api.v3.V3DataSearchService.List are blocked."",
    ""errors"": [
      {
        ""message"": ""Requests to this API youtube method youtube.api.v3.V3DataSearchService.List are blocked."",
        ""domain"": ""global"",
        ""reason"": ""forbidden""
      }
    ],
    ""status"": ""PERMISSION_DENIED"",
    ""details"": [
      {
        ""@type"": ""type.googleapis.com/google.rpc.ErrorInfo"",
        ""reason"": ""API_KEY_SERVICE_BLOCKED"",
        ""domain"": ""googleapis.com"",
        ""metadata"": {
          ""service"": ""youtube.googleapis.com"",
          ""apiName"": ""youtube"",
          ""consumer"": ""projects/1097707475336"",
          ""methodName"": ""youtube.api.v3.V3DataSearchService.List""
        }
      },
      {
        ""@type"": ""type.googleapis.com/google.rpc.LocalizedMessage"",
        ""locale"": ""en-US"",
        ""message"": ""Requests to this API youtube method youtube.api.v3.V3DataSearchService.List are blocked.""
      }
    ]
  }
}
",label
8391358,852291,"Revenge (Original Motion Picture Soundtrack)","Jack Nitzsche",2016,DDR612,https://www.discogs.com/release/8391358,https://i.discogs.com/GFdzbPuv8-hvs-xI7Bim6cUA5uPIoy1pGeoDWw-Cqtk/rs:fit/g:sm/q:40/h:150/w:150/czM6Ly9kaXNjb2dz/LWRhdGFiYXNlLWlt/YWdlcy9SLTgzOTEz/NTgtMTc0NzI4NjA2/Ny05NjE5LmpwZWc.jpeg,0,0,0,0,1771441866461,76,0.0,,label
8391417,852291,"Shy People (Original Motion Picture Soundtrack)","Tangerine Dream",2016,DDR607,https://www.discogs.com/release/8391417,https://i.discogs.com/Tm2Pq66ifqfKLGlzjPR-lIiPmg7TCO5C-MJgU-ctc8A/rs:fit/g:sm/q:40/h:150/w:150/czM6Ly9kaXNjb2dz/LWRhdGFiYXNlLWlt/YWdlcy9SLTgzOTE0/MTctMTc0MTkxNjg2/Ni0xMzc2LmpwZWc.jpeg,1,0,0,0,1771441883248,1,0.0,"Track match issue: YouTube quota exceeded for this key. Wait for quota reset or use another key.",label
8409813,847737,Rebirth,J.A.K.A.M.,2016,MT004,https://www.discogs.com/release/8409813,https://i.discogs.com/RqMJ_MLVqPUqYVPatnYhphR019jSKC2RlevNEQ2yWlw/rs:fit/g:sm/q:40/h:150/w:150/czM6Ly9kaXNjb2dz/LWRhdGFiYXNlLWlt/YWdlcy9SLTg0MDk4/MTMtMTQ2MTA2MjU2/NC00OTIxLmpwZWc.jpeg,0,0,0,0,1771441863768,6,0.0,,label
8559382,541304,"In Absentia: Tome 1","Shlømo",2016,dsr-c7,https://www.discogs.com/release/8559382,https://i.discogs.com/b28S_tejpVaJrZfIvHhqK255X_7RtdEvAfFEnrbqaVo/rs:fit/g:sm/q:40/h:150/w:150/czM6Ly9kaXNjb2dz/LWRhdGFiYXNlLWlt/YWdlcy9SLTg1NTkz/ODItMTQ2NDAzMDEz/Ni01OTc0LmpwZWc.jpeg,1,0,0,0,1771423801315,69,0.0,,label
8568045,1015857,"Heavy Consciousness","Invisible Menders",2016,"AOP 001",https://www.discogs.com/release/8568045,https://i.discogs.com/coA4GYiCFCFQXgqUkR-NVq-JDWa6aE-Tyvhp5cfvlBw/rs:fit/g:sm/q:40/h:150/w:150/czM6Ly9kaXNjb2dz/LWRhdGFiYXNlLWlt/YWdlcy9SLTg1Njgw/NDUtMTQ2NDIwNDQ1/OS04MTc4LmpwZWc.jpeg,1,1,0,1,1771441872394,1,1.0,,label
8572351,541304,"In Absentia: Tome 1","Shlømo",2016,dsr-c7,https://www.discogs.com/release/8572351,https://i.discogs.com/JHGo9AYCoQMH-h8DU5IXfW9LpzB5B3JwEmakVbuXV6Y/rs:fit/g:sm/q:40/h:150/w:150/czM6Ly9kaXNjb2dz/LWRhdGFiYXNlLWlt/YWdlcy9SLTg1NzIz/NTEtMTQ2NTAzNjE2/My04NTk5LmpwZWc.jpeg,1,0,0,0,1771423804336,70,0.0,,label
8657336,363756,"Ooze City",Lnrdcroy,2016,MH011,https://www.discogs.com/release/8657336,https://i.discogs.com/XG-dxqN7Z0_RYNqCO1iD9zWI-sIJSacpVDffSB_N5O4/rs:fit/g:sm/q:40/h:150/w:150/czM6Ly9kaXNjb2dz/LWRhdGFiYXNlLWlt/YWdlcy9SLTg2NTcz/MzYtMTQ3MDkwNjgz/OC04OTM1LmpwZWc.jpeg,1,0,0,0,1771423253140,34,0.0,"Track match issue: YouTube API error 403: {
  ""error"": {
    ""code"": 403,
    ""message"": ""Requests to this API youtube method youtube.api.v3.V3DataSearchService.List are blocked."",
    ""errors"": [
      {
        ""message"": ""Requests to this API youtube method youtube.api.v3.V3DataSearchService.List are blocked."",
        ""domain"": ""global"",
        ""reason"": ""forbidden""
      }
    ],
    ""status"": ""PERMISSION_DENIED"",
    ""details"": [
      {
        ""@type"": ""type.googleapis.com/google.rpc.ErrorInfo"",
        ""reason"": ""API_KEY_SERVICE_BLOCKED"",
        ""domain"": ""googleapis.com"",
        ""metadata"": {
          ""consumer"": ""projects/1097707475336"",
          ""methodName"": ""youtube.api.v3.V3DataSearchService.List"",
          ""service"": ""youtube.googleapis.com"",
          ""apiName"": ""youtube""
        }
      },
      {
        ""@type"": ""type.googleapis.com/google.rpc.LocalizedMessage"",
        ""locale"": ""en-US"",
        ""message"": ""Requests to this API youtube method youtube.api.v3.V3DataSearchService.List are blocked.""
      }
    ]
  }
}
",label
8661449,363756,"The Dolphin Hotel Affair Vol. 1","House Of Doors",2016,"MH005 ",https://www.discogs.com/release/8661449,https://i.discogs.com/9h3lV0xPpwv_MNTx3y-riIHJj26w7sWLbs_pOR5QnkE/rs:fit/g:sm/q:40/h:150/w:150/czM6Ly9kaXNjb2dz/LWRhdGFiYXNlLWlt/YWdlcy9SLTg2NjE0/NDktMTQ2NjExODY4/MS01Mjk2LmpwZWc.jpeg,1,0,0,0,1771423217461,20,0.0,"Track match issue: YouTube API error 403: {
  ""error"": {
    ""code"": 403,
    ""message"": ""Requests to this API youtube method youtube.api.v3.V3DataSearchService.List are blocked."",
    ""errors"": [
      {
        ""message"": ""Requests to this API youtube method youtube.api.v3.V3DataSearchService.List are blocked."",
        ""domain"": ""global"",
        ""reason"": ""forbidden""
      }
    ],
    ""status"": ""PERMISSION_DENIED"",
    ""details"": [
      {
        ""@type"": ""type.googleapis.com/google.rpc.ErrorInfo"",
        ""reason"": ""API_KEY_SERVICE_BLOCKED"",
        ""domain"": ""googleapis.com"",
        ""metadata"": {
          ""service"": ""youtube.googleapis.com"",
          ""consumer"": ""projects/1097707475336"",
          ""apiName"": ""youtube"",
          ""methodName"": ""youtube.api.v3.V3DataSearchService.List""
        }
      },
      {
        ""@type"": ""type.googleapis.com/google.rpc.LocalizedMessage"",
        ""locale"": ""en-US"",
        ""message"": ""Requests to this API youtube method youtube.api.v3.V3DataSearchService.List are blocked.""
      }
    ]
  }
}
",label
8689405,541304,"The Dance Paradox",Redshape,2009,80dsr/rds-cd1,https://www.discogs.com/release/8689405,https://i.discogs.com/ePbYmY-58HpVAvs4GoPdqm8tpBHJbu54lcAdUOY_Ryo/rs:fit/g:sm/q:40/h:150/w:150/czM6Ly9kaXNjb2dz/LWRhdGFiYXNlLWlt/YWdlcy9SLTg2ODk0/MDUtMTcxNDUxOTc3/NS04MDY4LmpwZWc.jpeg,1,0,0,0,1771423806555,71,0.0,,label
8778040,1038740,"Own Cut EP","Marco Pellegrino",2016,"DISCARDED101, DSCGM101",https://www.discogs.com/release/8778040,https://i.discogs.com/FNPenWmPekWb3MF42mhkgM2fHyQgSlGGAs7fFkh_cPs/rs:fit/g:sm/q:40/h:150/w:150/czM6Ly9kaXNjb2dz/LWRhdGFiYXNlLWlt/YWdlcy9SLTg3Nzgw/NDAtMTQ2ODU3Njgw/MC00NTk2LmpwZWc.jpeg,1,1,0,0,1771447976785,10,0.5,"Track match issue: YouTube quota exceeded for this key. Wait for quota reset or use another key.",label
8796423,921036,"Beckoned EP","Carl Finlow*",2016,CKNOWEP1,https://www.discogs.com/release/8796423,https://i.discogs.com/ap78gLbVHrcfMkJY19XiUBZCuq4f3gZkjv_Zzq4XcFA/rs:fit/g:sm/q:40/h:150/w:150/czM6Ly9kaXNjb2dz/LWRhdGFiYXNlLWlt/YWdlcy9SLTg3OTY0/MjMtMTQ2ODk0Nzk5/NS01MzE0LmpwZWc.jpeg,0,0,0,0,1771441861415,26,0.0,,label
8807511,541304,"Orbiting Souls ",B12,2016,"113DSR, Ann022, Ann-022CD",https://www.discogs.com/release/8807511,https://i.discogs.com/foJYtRyDLfl6uF-YG9ZOw2k0a1LId0H4Wwo1BqoB_DI/rs:fit/g:sm/q:40/h:150/w:150/czM6Ly9kaXNjb2dz/LWRhdGFiYXNlLWlt/YWdlcy9SLTg4MDc1/MTEtMTU3ODgxNjE1/NS05NjE1LmpwZWc.jpeg,1,0,0,0,1771423808821,72,0.0,,label
8832675,921036,"Knowes Universal Broadcast Seg. 1",Various,2016,"CKNOWEP 2",https://www.discogs.com/release/8832675,https://i.discogs.com/znxeY21ZvdToUx20ACsT1RUbbpNQeVM9of99L6AZIKU/rs:fit/g:sm/q:40/h:150/w:150/czM6Ly9kaXNjb2dz/LWRhdGFiYXNlLWlt/YWdlcy9SLTg4MzI2/NzUtMTU0NDg2NzEz/Ny05NzMzLmpwZWc.jpeg,0,0,0,0,1771441861415,19,0.0,,label
8899824,363756,"Better / Fever","Unknown Artist",2016,"MH013 ",https://www.discogs.com/release/8899824,https://i.discogs.com/Dk6ArNa50Ko6DEDIu9myn22YuBWpJZayuuM4tRPvHHk/rs:fit/g:sm/q:40/h:150/w:150/czM6Ly9kaXNjb2dz/LWRhdGFiYXNlLWlt/YWdlcy9SLTg4OTk4/MjQtMTQ3MTQzMjI5/MC02NjkzLmpwZWc.jpeg,1,0,0,0,1771423263891,38,0.0,"Track match issue: YouTube API error 403: {
  ""error"": {
    ""code"": 403,
    ""message"": ""Requests to this API youtube method youtube.api.v3.V3DataSearchService.List are blocked."",
    ""errors"": [
      {
        ""message"": ""Requests to this API youtube method youtube.api.v3.V3DataSearchService.List are blocked."",
        ""domain"": ""global"",
        ""reason"": ""forbidden""
      }
    ],
    ""status"": ""PERMISSION_DENIED"",
    ""details"": [
      {
        ""@type"": ""type.googleapis.com/google.rpc.ErrorInfo"",
        ""reason"": ""API_KEY_SERVICE_BLOCKED"",
        ""domain"": ""googleapis.com"",
        ""metadata"": {
          ""service"": ""youtube.googleapis.com"",
          ""apiName"": ""youtube"",
          ""methodName"": ""youtube.api.v3.V3DataSearchService.List"",
          ""consumer"": ""projects/1097707475336""
        }
      },
      {
        ""@type"": ""type.googleapis.com/google.rpc.LocalizedMessage"",
        ""locale"": ""en-US"",
        ""message"": ""Requests to this API youtube method youtube.api.v3.V3DataSearchService.List are blocked.""
      }
    ]
  }
}
",label
8946301,21050,Re-Melted,Merv,,"Styrax Records - Merv",https://www.discogs.com/releases/8946301,https://i.discogs.com/9Vn5f5FNbVYde9MV42aN9seYRPfQw6ZZm1nh1bfoJKw/rs:fit/g:sm/q:40/h:150/w:150/czM6Ly9kaXNjb2dz/LWRhdGFiYXNlLWlt/YWdlcy9SLTg5NDYz/MDEtMTQ3MTk5Nzk4/MS0yMDMyLmpwZWc.jpeg,1,0,0,1,1771445244032,54,0.0,,discogs_want
8998013,363756,"Looking Forward To You","Jack J*",,MH007,https://www.discogs.com/release/8998013,https://i.discogs.com/gVXwJepQTRHaxL9o8HBmJnaCbWB9ytUma10IuB4Xa9E/rs:fit/g:sm/q:40/h:150/w:150/czM6Ly9kaXNjb2dz/LWRhdGFiYXNlLWlt/YWdlcy9SLTg5OTgw/MTMtMTQ3MzAwNDAz/Ny0xOTM3LmpwZWc.jpeg,1,0,0,0,1771423227853,24,0.0,"Track match issue: YouTube API error 403: {
  ""error"": {
    ""code"": 403,
    ""message"": ""Requests to this API youtube method youtube.api.v3.V3DataSearchService.List are blocked."",
    ""errors"": [
      {
        ""message"": ""Requests to this API youtube method youtube.api.v3.V3DataSearchService.List are blocked."",
        ""domain"": ""global"",
        ""reason"": ""forbidden""
      }
    ],
    ""status"": ""PERMISSION_DENIED"",
    ""details"": [
      {
        ""@type"": ""type.googleapis.com/google.rpc.ErrorInfo"",
        ""reason"": ""API_KEY_SERVICE_BLOCKED"",
        ""domain"": ""googleapis.com"",
        ""metadata"": {
          ""consumer"": ""projects/1097707475336"",
          ""methodName"": ""youtube.api.v3.V3DataSearchService.List"",
          ""service"": ""youtube.googleapis.com"",
          ""apiName"": ""youtube""
        }
      },
      {
        ""@type"": ""type.googleapis.com/google.rpc.LocalizedMessage"",
        ""locale"": ""en-US"",
        ""message"": ""Requests to this API youtube method youtube.api.v3.V3DataSearchService.List are blocked.""
      }
    ]
  }
}
",label
9148392,363756,"Always On","Music People (2)",2016,MH014,https://www.discogs.com/release/9148392,https://i.discogs.com/5pQsfUwx974RV0g-2ccUzNqaJ3fRfBo1Bgr5L-BkN5s/rs:fit/g:sm/q:40/h:150/w:150/czM6Ly9kaXNjb2dz/LWRhdGFiYXNlLWlt/YWdlcy9SLTkxNDgz/OTItMTQ3NTYxMzI5/NS0xOTYyLnBuZw.jpeg,1,0,0,0,1771423266406,39,0.0,"Track match issue: YouTube API error 403: {
  ""error"": {
    ""code"": 403,
    ""message"": ""Requests to this API youtube method youtube.api.v3.V3DataSearchService.List are blocked."",
    ""errors"": [
      {
        ""message"": ""Requests to this API youtube method youtube.api.v3.V3DataSearchService.List are blocked."",
        ""domain"": ""global"",
        ""reason"": ""forbidden""
      }
    ],
    ""status"": ""PERMISSION_DENIED"",
    ""details"": [
      {
        ""@type"": ""type.googleapis.com/google.rpc.ErrorInfo"",
        ""reason"": ""API_KEY_SERVICE_BLOCKED"",
        ""domain"": ""googleapis.com"",
        ""metadata"": {
          ""apiName"": ""youtube"",
          ""service"": ""youtube.googleapis.com"",
          ""consumer"": ""projects/1097707475336"",
          ""methodName"": ""youtube.api.v3.V3DataSearchService.List""
        }
      },
      {
        ""@type"": ""type.googleapis.com/google.rpc.LocalizedMessage"",
        ""locale"": ""en-US"",
        ""message"": ""Requests to this API youtube method youtube.api.v3.V3DataSearchService.List are blocked.""
      }
    ]
  }
}
",label
9190021,952963,"Atipic 002",VincentIulian,2016,"Atipic 002",https://www.discogs.com/release/9190021,https://i.discogs.com/MB7mZFr63dU6o816FWyk9exPK5yJOXqqtcDQ00kInvA/rs:fit/g:sm/q:40/h:150/w:150/czM6Ly9kaXNjb2dz/LWRhdGFiYXNlLWlt/YWdlcy9SLTkxOTAw/MjEtMTQ3ODI1MDI4/Ny00MTYzLmpwZWc.jpeg,1,1,0,0,1771444080145,7,1.0,"Track match issue: FOREIGN KEY constraint failed",label
9325793,847737,"40 Gram Beton","The Kloom",2016,MT005,https://www.discogs.com/release/9325793,https://i.discogs.com/70XDqVJd9CfisSqwlsVT3Aiun289p2nh8HTjrAyPGzA/rs:fit/g:sm/q:40/h:150/w:150/czM6Ly9kaXNjb2dz/LWRhdGFiYXNlLWlt/YWdlcy9SLTkzMjU3/OTMtMTUxODM2MzIx/MS0zNzI4LmpwZWc.jpeg,0,0,0,0,1771441863768,8,0.0,,label
9358185,363756,"Music For Beings","Kinetic Electronix",2016,MH015,https://www.discogs.com/release/9358185,https://i.discogs.com/TzfLNQb5PvyidmItJG6o8wUEDGJNzDh1zrYGNNvcbjE/rs:fit/g:sm/q:40/h:150/w:150/czM6Ly9kaXNjb2dz/LWRhdGFiYXNlLWlt/YWdlcy9SLTkzNTgx/ODUtMTQ4MTkzMDMz/MS01NjcyLmpwZWc.jpeg,1,0,0,0,1771423177849,4,0.0,"Track match issue: YouTube API error 403: {
  ""error"": {
    ""code"": 403,
    ""message"": ""Requests to this API youtube method youtube.api.v3.V3DataSearchService.List are blocked."",
    ""errors"": [
      {
        ""message"": ""Requests to this API youtube method youtube.api.v3.V3DataSearchService.List are blocked."",
        ""domain"": ""global"",
        ""reason"": ""forbidden""
      }
    ],
    ""status"": ""PERMISSION_DENIED"",
    ""details"": [
      {
        ""@type"": ""type.googleapis.com/google.rpc.ErrorInfo"",
        ""reason"": ""API_KEY_SERVICE_BLOCKED"",
        ""domain"": ""googleapis.com"",
        ""metadata"": {
          ""consumer"": ""projects/1097707475336"",
          ""service"": ""youtube.googleapis.com"",
          ""apiName"": ""youtube"",
          ""methodName"": ""youtube.api.v3.V3DataSearchService.List""
        }
      },
      {
        ""@type"": ""type.googleapis.com/google.rpc.LocalizedMessage"",
        ""locale"": ""en-US"",
        ""message"": ""Requests to this API youtube method youtube.api.v3.V3DataSearchService.List are blocked.""
      }
    ]
  }
}
",label
9405588,541304,"North To South - Part 2",Conforce,2016,119dsr,https://www.discogs.com/release/9405588,https://i.discogs.com/WY2q0X2_npKrlj4w_SFcn_ePsGjdhYsButgcDkqh3c8/rs:fit/g:sm/q:40/h:150/w:150/czM6Ly9kaXNjb2dz/LWRhdGFiYXNlLWlt/YWdlcy9SLTk0MDU1/ODgtMTQ3OTk5Nzk4/MC02NjEyLmpwZWc.jpeg,1,0,0,0,1771423811070,73,0.0,,label
9417379,541304,"Everything At Once","John Beltran",2016,dsr-d4-cd,https://www.discogs.com/release/9417379,https://i.discogs.com/a5ongs3BcNGacJCtSgLyq4H1riLup4PBJ_mAEgjV6Qk/rs:fit/g:sm/q:40/h:150/w:150/czM6Ly9kaXNjb2dz/LWRhdGFiYXNlLWlt/YWdlcy9SLTk0MTcz/NzktMTQ4MDIwNTUw/Ny05NzY2LmpwZWc.jpeg,1,0,0,0,1771423813606,74,0.0,,label
9496477,541304,"Stars And Dust",Yagya,2016,"118dsr-cd, 118dsr",https://www.discogs.com/release/9496477,https://i.discogs.com/DMxvqLerMgC-To4tCp5bdm5hykyVpfvxSfAHwVKo7BM/rs:fit/g:sm/q:40/h:150/w:150/czM6Ly9kaXNjb2dz/LWRhdGFiYXNlLWlt/YWdlcy9SLTk0OTY0/NzctMTQ4MzAxNjMz/NC04MTQ3LmpwZWc.jpeg,1,0,0,0,1771423816061,75,0.0,,label
9512930,847737,"Oodnadatta Rain","Die Orangen",2016,MT006,https://www.discogs.com/release/9512930,https://i.discogs.com/ABv0L16XnO6PMPKJ4T6hIAIpRlkMtm3gPfJf_56ta7Y/rs:fit/g:sm/q:40/h:150/w:150/czM6Ly9kaXNjb2dz/LWRhdGFiYXNlLWlt/YWdlcy9SLTk1MTI5/MzAtMTQ4MTg4NzQ0/OC0xOTA0LmpwZWc.jpeg,0,0,0,0,1771441863768,10,0.0,,label
9513907,1120990,"Somewhere In The Tapes",Jacy*,2017,OYSTER1,https://www.discogs.com/release/9513907,https://i.discogs.com/qg3nFCvMZMBCFVhhva63Zjs0zf5b5_CCfpODVJtvEVI/rs:fit/g:sm/q:40/h:150/w:150/czM6Ly9kaXNjb2dz/LWRhdGFiYXNlLWlt/YWdlcy9SLTk1MTM5/MDctMTQ5NzU1NTQ5/Ny04NjkzLmpwZWc.jpeg,0,0,0,0,1771441850683,29,0.0,,label
9528507,921036,"The Second Annual Fundraiser - War Child",Various,2016,CKNOW2,https://www.discogs.com/release/9528507,https://i.discogs.com/q_xuCchqWyC0tsBgYb1Qmp4bQ46HgKh7Rv6kw-X82SU/rs:fit/g:sm/q:40/h:150/w:150/czM6Ly9kaXNjb2dz/LWRhdGFiYXNlLWlt/YWdlcy9SLTk1Mjg1/MDctMTUyMzM5NzE2/OS0zMjcyLmpwZWc.jpeg,0,0,0,0,1771441861415,12,0.0,,label
9529127,1121895,"Untitled (1996) / Untitled (1997)",J.S.Zeiter,,"Revoke 002",https://www.discogs.com/releases/9529127,https://i.discogs.com/7-o6p3H_NGsJxc5Bx2MA-ZWB7Lzk0csYW67sHHLJx2c/rs:fit/g:sm/q:40/h:150/w:150/czM6Ly9kaXNjb2dz/LWRhdGFiYXNlLWlt/YWdlcy9SLTk1Mjkx/MjctMTQ5MDk1MzE4/Ny0xODk2LmpwZWc.jpeg,1,0,0,1,1771445244032,49,0.0,,discogs_want
9533339,541304,"Stars And Dust",Yagya,2016,"118dsr, 118dsr-lp",https://www.discogs.com/release/9533339,https://i.discogs.com/d-U0eL3QTUTKDYmQ8cTwB5Aqit6jscmXOqwoHB4c7Ec/rs:fit/g:sm/q:40/h:150/w:150/czM6Ly9kaXNjb2dz/LWRhdGFiYXNlLWlt/YWdlcy9SLTk1MzMz/MzktMTQ4NDY5MzEx/OC0zMjgxLmpwZWc.jpeg,1,0,0,0,1771423818293,76,0.0,,label
9619490,363756,"Phobiza ""Noite"" Vol. 2",Ramzi,2017,mh016,https://www.discogs.com/release/9619490,https://i.discogs.com/sY3tJQiWN2p-ES1Rb_5EVZeV344gaTIx4Rd5wSmAQoc/rs:fit/g:sm/q:40/h:150/w:150/czM6Ly9kaXNjb2dz/LWRhdGFiYXNlLWlt/YWdlcy9SLTk2MTk0/OTAtMTQ4NjQyMjQ2/Ni01MzEzLmpwZWc.jpeg,1,0,0,0,1771423271678,43,0.0,"Track match issue: YouTube API error 403: {
  ""error"": {
    ""code"": 403,
    ""message"": ""Requests to this API youtube method youtube.api.v3.V3DataSearchService.List are blocked."",
    ""errors"": [
      {
        ""message"": ""Requests to this API youtube method youtube.api.v3.V3DataSearchService.List are blocked."",
        ""domain"": ""global"",
        ""reason"": ""forbidden""
      }
    ],
    ""status"": ""PERMISSION_DENIED"",
    ""details"": [
      {
        ""@type"": ""type.googleapis.com/google.rpc.ErrorInfo"",
        ""reason"": ""API_KEY_SERVICE_BLOCKED"",
        ""domain"": ""googleapis.com"",
        ""metadata"": {
          ""service"": ""youtube.googleapis.com"",
          ""consumer"": ""projects/1097707475336"",
          ""apiName"": ""youtube"",
          ""methodName"": ""youtube.api.v3.V3DataSearchService.List""
        }
      },
      {
        ""@type"": ""type.googleapis.com/google.rpc.LocalizedMessage"",
        ""locale"": ""en-US"",
        ""message"": ""Requests to this API youtube method youtube.api.v3.V3DataSearchService.List are blocked.""
      }
    ]
  }
}
",label
9756501,847737,Tarantella,Tapan,2017,MT008,https://www.discogs.com/release/9756501,https://i.discogs.com/_SnN1WVcGIewfvQvCvPrCK1vXvEG7ZrbKzSDv6_qTeY/rs:fit/g:sm/q:40/h:150/w:150/czM6Ly9kaXNjb2dz/LWRhdGFiYXNlLWlt/YWdlcy9SLTk3NTY1/MDEtMTU0OTYyMzU4/OC00NjMwLmpwZWc.jpeg,0,0,0,0,1771441863768,12,0.0,,label
9908853,147719,"Oz Days Live ","Les Rallizes Denudes / Taj Mahal Travellers*",,none,https://www.discogs.com/release/9908853,https://i.discogs.com/7WN39hvSxBUlAPTvpkE3V21QXYmIiTNViAzMWbFv1D0/rs:fit/g:sm/q:40/h:150/w:150/czM6Ly9kaXNjb2dz/LWRhdGFiYXNlLWlt/YWdlcy9SLTk5MDg4/NTMtMTQ4ODM2MTc3/OC04MzcxLmpwZWc.jpeg,0,0,0,0,1771441865977,17,0.0,,label
9909796,852291,"Timemaster (Original Motion Picture Soundtrack)","Harry Manfredini",2017,DDR622,https://www.discogs.com/release/9909796,https://i.discogs.com/ljxP2LCNufDYXtSvagsQZ4S1lb1WXUVxUp8djloWMlI/rs:fit/g:sm/q:40/h:150/w:150/czM6Ly9kaXNjb2dz/LWRhdGFiYXNlLWlt/YWdlcy9SLTk5MDk3/OTYtMTY5MjU5ODMy/Ny02MTQ2LmpwZWc.jpeg,0,0,0,0,1771441866461,2,0.0,,label
9909882,852291,"Second Time Lucky (Original Motion Picture Soundtrack)","Garry McDonald (2), Laurie Stone (3)",2016,DDR623,https://www.discogs.com/release/9909882,,0,0,0,0,1771441866461,85,0.0,,label
9975057,363756,Untitled,"Neo Image",2017,"MH 017",https://www.discogs.com/release/9975057,https://i.discogs.com/l67aipCyNQ-qAU9DzTEzWFanTRzREnatVEnrp3oK6Uc/rs:fit/g:sm/q:40/h:150/w:150/czM6Ly9kaXNjb2dz/LWRhdGFiYXNlLWlt/YWdlcy9SLTk5NzUw/NTctMTQ5NjA4NDE4/OC04MzU1LnBuZw.jpeg,1,0,0,0,1771423183207,7,0.0,"Track match issue: YouTube API error 403: {
  ""error"": {
    ""code"": 403,
    ""message"": ""Requests to this API youtube method youtube.api.v3.V3DataSearchService.List are blocked."",
    ""errors"": [
      {
        ""message"": ""Requests to this API youtube method youtube.api.v3.V3DataSearchService.List are blocked."",
        ""domain"": ""global"",
        ""reason"": ""forbidden""
      }
    ],
    ""status"": ""PERMISSION_DENIED"",
    ""details"": [
      {
        ""@type"": ""type.googleapis.com/google.rpc.ErrorInfo"",
        ""reason"": ""API_KEY_SERVICE_BLOCKED"",
        ""domain"": ""googleapis.com"",
        ""metadata"": {
          ""methodName"": ""youtube.api.v3.V3DataSearchService.List"",
          ""service"": ""youtube.googleapis.com"",
          ""apiName"": ""youtube"",
          ""consumer"": ""projects/1097707475336""
        }
      },
      {
        ""@type"": ""type.googleapis.com/google.rpc.LocalizedMessage"",
        ""locale"": ""en-US"",
        ""message"": ""Requests to this API youtube method youtube.api.v3.V3DataSearchService.List are blocked.""
      }
    ]
  }
}
",label
10044749,541304,"In Absentia: Tome 1","Shlømo",2016,dsr-c7,https://www.discogs.com/release/10044749,https://i.discogs.com/ZcsoVgzY6Qy0t6qWR71XAQndGnJ1fkqbCNtGf3qXb2s/rs:fit/g:sm/q:40/h:150/w:150/czM6Ly9kaXNjb2dz/LWRhdGFiYXNlLWlt/YWdlcy9SLTEwMDQ0/NzQ5LTE0OTA2NDU2/NzktNDQzMS5qcGVn.jpeg,1,0,0,0,1771423820629,77,0.0,,label
10056974,1120990,"Hand In Hand","Erell Ranson",2017,OYSTER3,https://www.discogs.com/release/10056974,https://i.discogs.com/mX4YV3tjmLtbT7VKlkVc-AnOdTgDIvF7decuP3ObxUo/rs:fit/g:sm/q:40/h:150/w:150/czM6Ly9kaXNjb2dz/LWRhdGFiYXNlLWlt/YWdlcy9SLTEwMDU2/OTc0LTE1MzU4Mzc5/ODgtNDc2Ni5qcGVn.jpeg,0,0,0,0,1771441850683,59,0.0,,label
10057014,1120990,"Blow It Up",Tapp,2017,OYSTER2,https://www.discogs.com/release/10057014,https://i.discogs.com/Ml8v4iLctffix9MeiLjSr2tu5CLAzLVIcSmshdiVLgg/rs:fit/g:sm/q:40/h:150/w:150/czM6Ly9kaXNjb2dz/LWRhdGFiYXNlLWlt/YWdlcy9SLTEwMDU3/MDE0LTE0OTA4NzA3/NDYtNzIxMy5qcGVn.jpeg,0,0,0,0,1771441850683,42,0.0,,label
10122062,847737,Perfidia,"Alien Alien Feat Igino*",2017,MT007,https://www.discogs.com/release/10122062,https://i.discogs.com/iotPe0XDCbj0WLTlU5eBJ1KdfOOOrW3GxBzsmbv087w/rs:fit/g:sm/q:40/h:150/w:150/czM6Ly9kaXNjb2dz/LWRhdGFiYXNlLWlt/YWdlcy9SLTEwMTIy/MDYyLTE1OTg4MTIy/MDQtMzI0OC5qcGVn.jpeg,0,0,0,0,1771441863768,14,0.0,,label
10155895,852291,"The Lighthorsemen (Original Motion Picture Soundtrack)","Mario Millo",2016,DDR608,https://www.discogs.com/release/10155895,https://i.discogs.com/IDPas0bFnpAWc4_m-3MPOlnriQNRdk-8udwimoCPbuU/rs:fit/g:sm/q:40/h:150/w:150/czM6Ly9kaXNjb2dz/LWRhdGFiYXNlLWlt/YWdlcy9SLTEwMTU1/ODk1LTE2NTEyMTkw/ODQtNTY0MC5qcGVn.jpeg,0,0,0,0,1771441866461,72,0.0,,label
10156162,852291,"El Pueblo Del Sol","Lee Holdridge / The London Symphony Orchestra*",2017,DDR624,https://www.discogs.com/release/10156162,https://i.discogs.com/eNYYZbDPSuPCdjKXZLoZVc2Q0LZoMdhDqhVNicxq9Nk/rs:fit/g:sm/q:40/h:150/w:150/czM6Ly9kaXNjb2dz/LWRhdGFiYXNlLWlt/YWdlcy9SLTEwMTU2/MTYyLTE0OTI1OTg5/NDYtOTcwNy5naWY.jpeg,0,0,0,0,1771441866461,86,0.0,,label
10156189,852291,"The Beastmaster ","Lee Holdridge",2016,DDR619,https://www.discogs.com/release/10156189,https://i.discogs.com/yG_CP-ZlzHpZOZUO1fl2v65DZfSf97ts99cC3Gh1NVw/rs:fit/g:sm/q:40/h:150/w:150/czM6Ly9kaXNjb2dz/LWRhdGFiYXNlLWlt/YWdlcy9SLTEwMTU2/MTg5LTE2NDcxNjE3/MjItNTA0MC5qcGVn.jpeg,0,0,0,0,1771441866461,81,0.0,,label
10165993,541304,Preface,Sentomea,2017,"123DSR, Ann026",https://www.discogs.com/release/10165993,https://i.discogs.com/6iMSuP1Tm5v8id9_O6uPtYpTqmXecGyg4V8J8X0gAvc/rs:fit/g:sm/q:40/h:150/w:150/czM6Ly9kaXNjb2dz/LWRhdGFiYXNlLWlt/YWdlcy9SLTEwMTY1/OTkzLTE3NTIzMjEy/MDYtMjgwOC5qcGVn.jpeg,1,0,0,0,1771423822929,78,0.0,,label
10232021,952963,"Atipic 003","Andu Simion",2017,"Atipic 003",https://www.discogs.com/release/10232021,https://i.discogs.com/XBkpONQ1_VOqfl52-79nEue5adfaVqOIzTJeQ28fwRQ/rs:fit/g:sm/q:40/h:150/w:150/czM6Ly9kaXNjb2dz/LWRhdGFiYXNlLWlt/YWdlcy9SLTEwMjMy/MDIxLTE0OTM4MTcy/ODctNzg0MS5qcGVn.jpeg,1,1,1,1,1771441871239,2,1.0,,label
10285116,847737,Zest,"Die Orangen",2017,MTLP001,https://www.discogs.com/release/10285116,https://i.discogs.com/7ckt0dqHZLlBs45amZ4bAjEBRTkgSs8rm1V6O27L2s8/rs:fit/g:sm/q:40/h:150/w:150/czM6Ly9kaXNjb2dz/LWRhdGFiYXNlLWlt/YWdlcy9SLTEwMjg1/MTE2LTE0OTQ2Njk2/MjUtNTU1My5wbmc.jpeg,0,0,0,0,1771441863768,93,0.0,,label
10328365,1247544,"Prime Meridian",Various,2017,HARMONY000,https://www.discogs.com/release/10328365,https://i.discogs.com/5MbPwB9ZvXwkucfZNhM3yohVtXR0BivBPTGYjIhi88A/rs:fit/g:sm/q:40/h:150/w:150/czM6Ly9kaXNjb2dz/LWRhdGFiYXNlLWlt/YWdlcy9SLTEwMzI4/MzY1LTE0OTU0MDEy/ODUtMTYxNS5qcGVn.jpeg,0,0,0,0,1771441860116,23,0.0,,label
10331243,1120990,"X-Ray Records 1992-1994","Raymond Castoldi*",2017,OYSTER4,https://www.discogs.com/release/10331243,https://i.discogs.com/uacL-PSpc3MdUXBbCjx9Exk9Qf0tWv2bXmdQJoh6gao/rs:fit/g:sm/q:40/h:150/w:150/czM6Ly9kaXNjb2dz/LWRhdGFiYXNlLWlt/YWdlcy9SLTEwMzMx/MjQzLTE1MDI0NTA3/NzQtNDQyMS5qcGVn.jpeg,1,1,0,0,1771441853553,0,1.0,,label
10366568,1038740,"Order Stalker EP","OCP (6) aka The Analogue Cops",2017,DISCARDED102,https://www.discogs.com/release/10366568,https://i.discogs.com/TH8fzC9lqF_F8FLtbqm8wvyXFtOAiwA-H6NN2AKb3fA/rs:fit/g:sm/q:40/h:150/w:150/czM6Ly9kaXNjb2dz/LWRhdGFiYXNlLWlt/YWdlcy9SLTEwMzY2/NTY4LTE0OTYwNzc0/MTQtOTEwMi5qcGVn.jpeg,1,1,0,0,1771447994037,11,0.5,"Track match issue: YouTube quota exceeded for this key. Wait for quota reset or use another key.",label
10398922,541304,"Kassem Mosse & Sven Weisemann Remixes","John Beltran",2011,87dsr/jbt1,https://www.discogs.com/release/10398922,https://i.discogs.com/mSez8e_yQ6xdU69hMR9x24bfZm8pU7IXHo3UTKCt-Sw/rs:fit/g:sm/q:40/h:150/w:150/czM6Ly9kaXNjb2dz/LWRhdGFiYXNlLWlt/YWdlcy9SLTEwMzk4/OTIyLTE0OTY2Nzk0/NzktODg2Ny5qcGVn.jpeg,1,1,0,0,1771441852918,79,1.0,,label
10415059,819847,Powerline,"PLO Man",,PRESS06,https://www.discogs.com/releases/10415059,https://i.discogs.com/YxqERcUFpTfQheQ4_T4zIphGdtMZYp8owuoiqDqIdfk/rs:fit/g:sm/q:40/h:150/w:150/czM6Ly9kaXNjb2dz/LWRhdGFiYXNlLWlt/YWdlcy9SLTEwNDE1/MDU5LTE0OTcyODIy/OTItNTg2OS5qcGVn.jpeg,1,0,0,1,1771445244032,1,0.0,,discogs_want
10458302,852291,"The Brian May Fantasy Film Music Collection","Brian May (2)",2016,DDR610,https://www.discogs.com/release/10458302,https://i.discogs.com/T7BNY9SpoWezocff7eKny9_xJRQOD4QDcjVuFaug6JI/rs:fit/g:sm/q:40/h:150/w:150/czM6Ly9kaXNjb2dz/LWRhdGFiYXNlLWlt/YWdlcy9SLTEwNDU4/MzAyLTE0OTc4NDc2/MTUtMjMzMS5wbmc.jpeg,0,0,0,0,1771441866461,74,0.0,,label
10464522,847737,Microb,Khidja,2017,MT011,https://www.discogs.com/release/10464522,https://i.discogs.com/vHmGMTJVIKGZ3a9iDpuawN8sVISqeEwSs0LXsrI7mfo/rs:fit/g:sm/q:40/h:150/w:150/czM6Ly9kaXNjb2dz/LWRhdGFiYXNlLWlt/YWdlcy9SLTEwNDY0/NTIyLTE1MDE3NTc2/OTEtMzUwMi5qcGVn.jpeg,0,0,0,0,1771441863768,16,0.0,,label
10475437,852291,"Treasure Of The Yankee Zephyr","Brian May (2)",2016,DDR615,https://www.discogs.com/release/10475437,https://i.discogs.com/Knoli6bBNMUdUxxyVh7j0jnPg9yz8YMML9mQ170DTgE/rs:fit/g:sm/q:40/h:150/w:150/czM6Ly9kaXNjb2dz/LWRhdGFiYXNlLWlt/YWdlcy9SLTEwNDc1/NDM3LTE0OTgyMTE3/OTQtMjQxMy5qcGVn.jpeg,0,0,0,0,1771441866461,78,0.0,,label
10476580,852291,"Cinéma Imaginaire (Soundtracks For Imaginary Movies)","Chuck Cirino",2017,DDR640,https://www.discogs.com/release/10476580,https://i.discogs.com/Odt_76o_mMGMUi2f6xjNh--ZWraqkqAMLxXG7bnYvgM/rs:fit/g:sm/q:40/h:150/w:150/czM6Ly9kaXNjb2dz/LWRhdGFiYXNlLWlt/YWdlcy9SLTEwNDc2/NTgwLTE0OTgyMzM2/MTItOTI4Ni5qcGVn.jpeg,0,0,0,0,1771441866461,98,0.0,,label
10476644,852291,"A Doggone Christmas","Chuck Cirino",2016,DDR626,https://www.discogs.com/release/10476644,https://i.discogs.com/oMSK8dLuzwhKuwqPE3RNMIitJ-rRtpmCgaVfZo5I2T0/rs:fit/g:sm/q:40/h:150/w:150/czM6Ly9kaXNjb2dz/LWRhdGFiYXNlLWlt/YWdlcy9SLTEwNDc2/NjQ0LTE0OTgyMzQ4/MjktNDc5MC5qcGVn.jpeg,0,0,0,0,1771441866461,88,0.0,,label
10490247,921036,"Knowes Universal Broadcast Seg. 2",Various,2017,"CKNOWEP 3",https://www.discogs.com/release/10490247,https://i.discogs.com/VUrIdb_JE5iIviUXkBf5yX0Xmu3DHIoF5hV8kpX5weE/rs:fit/g:sm/q:40/h:150/w:150/czM6Ly9kaXNjb2dz/LWRhdGFiYXNlLWlt/YWdlcy9SLTEwNDkw/MjQ3LTE1MjMzOTU5/MDgtODQ3Ny5qcGVn.jpeg,0,0,0,0,1771441861415,21,0.0,,label
10493437,847737,"Wabi Sabi",J.A.K.A.M.,2017,MT010,https://www.discogs.com/release/10493437,https://i.discogs.com/PDQO78SjRFep_skOi0h0dxoF5BEF7HK64MdyDlGWWW0/rs:fit/g:sm/q:40/h:150/w:150/czM6Ly9kaXNjb2dz/LWRhdGFiYXNlLWlt/YWdlcy9SLTEwNDkz/NDM3LTE0OTg4MzQ2/MDMtMjIyMi5qcGVn.jpeg,0,0,0,0,1771441863768,18,0.0,,label
10513742,541304,Strike,154*,2017,APE-LP01,https://www.discogs.com/release/10513742,https://i.discogs.com/FOP34Y5dc6IpvfGtGwe1DM9fhNMch9Y2j5jq-ppfkno/rs:fit/g:sm/q:40/h:150/w:150/czM6Ly9kaXNjb2dz/LWRhdGFiYXNlLWlt/YWdlcy9SLTEwNTEz/NzQyLTE0OTkwMDAz/NTctNTgwNC5qcGVn.jpeg,1,1,0,0,1771441870863,80,0.166666666666667,"Track match issue: YouTube quota exceeded for this key. Wait for quota reset or use another key.",label
10523851,6454,Toranaga,"Holger Flinsch",,"PHO 015",https://www.discogs.com/releases/10523851,https://i.discogs.com/_vHrZWaK9pKOqEebmAP0bDv7zfvWAjOCamz0X-gtmoA/rs:fit/g:sm/q:40/h:150/w:150/czM6Ly9kaXNjb2dz/LWRhdGFiYXNlLWlt/YWdlcy9SLTEwNTIz/ODUxLTE2OTgzOTg4/NDEtNTM3OC5qcGVn.jpeg,1,0,0,1,1771445244032,46,0.0,,discogs_want
10536334,541304,Strike,154*,2017,APE-LP01,https://www.discogs.com/release/10536334,https://i.discogs.com/jCtUBMk7Cnf0_zbfIvETJl32VwuEzh9KIouuvrRX1-c/rs:fit/g:sm/q:40/h:150/w:150/czM6Ly9kaXNjb2dz/LWRhdGFiYXNlLWlt/YWdlcy9SLTEwNTM2/MzM0LTE2NDQwOTI4/OTYtMTg1MS5qcGVn.jpeg,1,1,0,0,1771441893963,82,0.166666666666667,"Track match issue: YouTube quota exceeded for this key. Wait for quota reset or use another key.",label
10536873,1159164,"False Awakening / Scumbag Unity","Chaos In The Cbd",,IDWT-002,https://www.discogs.com/releases/10536873,https://i.discogs.com/ouWsxuzdE_N7AjOyW-ZU2_eoGZKRV4WjdSYu0dFWRe8/rs:fit/g:sm/q:40/h:150/w:150/czM6Ly9kaXNjb2dz/LWRhdGFiYXNlLWlt/YWdlcy9SLTEwNTM2/ODczLTE1NTEzMDU3/NjYtNjEwMi5qcGVn.jpeg,1,0,0,1,1771445244032,29,0.0,,discogs_want
10597882,1287914,"Rituals LP","Matthias (52)",2017,"Rituals ",https://www.discogs.com/release/10597882,https://i.discogs.com/OICjlDuXZnmNmCXx01ExgRDcECo32ARETymN4iswcgU/rs:fit/g:sm/q:40/h:150/w:150/czM6Ly9kaXNjb2dz/LWRhdGFiYXNlLWlt/YWdlcy9SLTEwNTk3/ODgyLTE1MDIxOTQy/MTYtNjQwMC5qcGVn.jpeg,0,0,0,0,1771441851663,6,0.0,,label
10616813,1120990,"Out Of Body","Interplanetary Criminal",2017,OYSTER5,https://www.discogs.com/release/10616813,https://i.discogs.com/mJM7RHQgKgtSMpssCRKRldpC3Sc1fL74yPtelF95o6I/rs:fit/g:sm/q:40/h:150/w:150/czM6Ly9kaXNjb2dz/LWRhdGFiYXNlLWlt/YWdlcy9SLTEwNjE2/ODEzLTE1NDEyMDIy/NjktMjg5NS5qcGVn.jpeg,0,0,0,0,1771441850683,89,0.0,,label
10645661,819847,"Corporate Karma","Money Morning",,PRESS07,https://www.discogs.com/releases/10645661,https://i.discogs.com/BHIPPUsEtuaZm1HOutxkEkW1eLvFjOPPC72oEdy7B18/rs:fit/g:sm/q:40/h:150/w:150/czM6Ly9kaXNjb2dz/LWRhdGFiYXNlLWlt/YWdlcy9SLTEwNjQ1/NjYxLTE1MDI5Nzcx/MjAtOTYxNS5qcGVn.jpeg,1,0,0,1,1771445244032,2,0.0,,discogs_want
10645755,819847,Surplus,Accelera,,PRESS08,https://www.discogs.com/releases/10645755,https://i.discogs.com/KNPljPpqFKdqyCGo_exi9XaiVMe5j_baa7bP7N6W92w/rs:fit/g:sm/q:40/h:150/w:150/czM6Ly9kaXNjb2dz/LWRhdGFiYXNlLWlt/YWdlcy9SLTEwNjQ1/NzU1LTE1MDI5NzI5/MzgtODA4OC5qcGVn.jpeg,1,0,0,1,1771445244032,3,0.0,,discogs_want
10661232,363756,"The Glass City / Golden Garden","Pender Street Steppers",2017,MH008,https://www.discogs.com/release/10661232,https://i.discogs.com/_AYWpBg1okCcR5AX2CUK08L50CV7S6gUM2uRiA47LMc/rs:fit/g:sm/q:40/h:150/w:150/czM6Ly9kaXNjb2dz/LWRhdGFiYXNlLWlt/YWdlcy9SLTEwNjYx/MjMyLTE1MDE5MDEy/NDYtOTU1MC5qcGVn.jpeg,1,0,0,0,1771423240155,29,0.0,"Track match issue: YouTube API error 403: {
  ""error"": {
    ""code"": 403,
    ""message"": ""Requests to this API youtube method youtube.api.v3.V3DataSearchService.List are blocked."",
    ""errors"": [
      {
        ""message"": ""Requests to this API youtube method youtube.api.v3.V3DataSearchService.List are blocked."",
        ""domain"": ""global"",
        ""reason"": ""forbidden""
      }
    ],
    ""status"": ""PERMISSION_DENIED"",
    ""details"": [
      {
        ""@type"": ""type.googleapis.com/google.rpc.ErrorInfo"",
        ""reason"": ""API_KEY_SERVICE_BLOCKED"",
        ""domain"": ""googleapis.com"",
        ""metadata"": {
          ""consumer"": ""projects/1097707475336"",
          ""apiName"": ""youtube"",
          ""service"": ""youtube.googleapis.com"",
          ""methodName"": ""youtube.api.v3.V3DataSearchService.List""
        }
      },
      {
        ""@type"": ""type.googleapis.com/google.rpc.LocalizedMessage"",
        ""locale"": ""en-US"",
        ""message"": ""Requests to this API youtube method youtube.api.v3.V3DataSearchService.List are blocked.""
      }
    ]
  }
}
",label
10675901,852291,"Prison For Children - Single Bars, Single Women","Basil Poledouris",2017,DDR613,https://www.discogs.com/release/10675901,https://i.discogs.com/N2LWqoZkE-ooP6GTEHYZcNyqOhe1V2DMtr-Dkw0-tgk/rs:fit/g:sm/q:40/h:150/w:150/czM6Ly9kaXNjb2dz/LWRhdGFiYXNlLWlt/YWdlcy9SLTEwNjc1/OTAxLTE1MDIxOTI0/OTAtMzMzOS5qcGVn.jpeg,0,0,0,0,1771441866461,3,0.0,,label
10675990,1287914,"Rituals LP","Matthias (52)",2017,Rituals,https://www.discogs.com/release/10675990,https://i.discogs.com/iTJxEs8PvuEIAjeKbDXj5bBGLeggcLJ5YjAp7lUA6ac/rs:fit/g:sm/q:40/h:150/w:150/czM6Ly9kaXNjb2dz/LWRhdGFiYXNlLWlt/YWdlcy9SLTEwNjc1/OTkwLTE1MDIxOTM0/OTgtOTM3Ny5qcGVn.jpeg,0,0,0,0,1771441851663,5,0.0,,label
10679839,1015857,"Butter EP","Miro SundayMusiq",2017,"AOP 002",https://www.discogs.com/release/10679839,https://i.discogs.com/-C2Gj7o3LlNFiiL8FRrmxtRWFSzFShh4CHuMLEUVFrY/rs:fit/g:sm/q:40/h:150/w:150/czM6Ly9kaXNjb2dz/LWRhdGFiYXNlLWlt/YWdlcy9SLTEwNjc5/ODM5LTE1MDIyNjk4/MTItNjE4NS5qcGVn.jpeg,1,0,0,0,1771444086321,2,0.0,"Track match issue: FOREIGN KEY constraint failed",label
10690214,921036,"Mindstorms EP","DJ Overdose",2017,CKNOWEP4,https://www.discogs.com/release/10690214,https://i.discogs.com/96R3Rhdy6oz_ugmrA2KgvdW10q2tCSkkMYbG-1kHQyA/rs:fit/g:sm/q:40/h:150/w:150/czM6Ly9kaXNjb2dz/LWRhdGFiYXNlLWlt/YWdlcy9SLTEwNjkw/MjE0LTE1MDMzNDc1/MTYtMTU5NC5qcGVn.jpeg,0,0,0,0,1771441861415,77,0.0,,label
10708241,852291,"Miracle Mile (Original MGM Motion Picture Soundtrack)","Tangerine Dream",2017,DDR633,https://www.discogs.com/release/10708241,https://i.discogs.com/Npf1zyv_n3K5GnEPlzXeqonSMDkIBs8Gz3qUgmzwxBE/rs:fit/g:sm/q:40/h:150/w:150/czM6Ly9kaXNjb2dz/LWRhdGFiYXNlLWlt/YWdlcy9SLTEwNzA4/MjQxLTE3MjUwNTgw/NDctNjczMS5qcGVn.jpeg,0,0,0,0,1771441866461,4,0.0,,label
10816306,541304,Autonomous,Conforce,2017,124DSR,https://www.discogs.com/release/10816306,https://i.discogs.com/KpP9XlPpzc-7vOME_yYFSW7Dij6Bl8sC_4GNOdJaxco/rs:fit/g:sm/q:40/h:150/w:150/czM6Ly9kaXNjb2dz/LWRhdGFiYXNlLWlt/YWdlcy9SLTEwODE2/MzA2LTE1MzEzODY1/MTItOTk3Ni5qcGVn.jpeg,1,1,0,0,1771447946778,84,0.888888888888889,"Track match issue: YouTube quota exceeded for this key. Wait for quota reset or use another key.",label
10872633,363756,"Super You",Cloudface,2017,MH018,https://www.discogs.com/release/10872633,https://i.discogs.com/Hd04y3TynF42EwqST8R911mBS151rQSJ_jUdLMcjl5U/rs:fit/g:sm/q:40/h:150/w:150/czM6Ly9kaXNjb2dz/LWRhdGFiYXNlLWlt/YWdlcy9SLTEwODcy/NjMzLTE1MTE4MTgx/NDgtNDAyMS5wbmc.jpeg,1,0,0,0,1771423283361,47,0.0,"Track match issue: YouTube API error 403: {
  ""error"": {
    ""code"": 403,
    ""message"": ""Requests to this API youtube method youtube.api.v3.V3DataSearchService.List are blocked."",
    ""errors"": [
      {
        ""message"": ""Requests to this API youtube method youtube.api.v3.V3DataSearchService.List are blocked."",
        ""domain"": ""global"",
        ""reason"": ""forbidden""
      }
    ],
    ""status"": ""PERMISSION_DENIED"",
    ""details"": [
      {
        ""@type"": ""type.googleapis.com/google.rpc.ErrorInfo"",
        ""reason"": ""API_KEY_SERVICE_BLOCKED"",
        ""domain"": ""googleapis.com"",
        ""metadata"": {
          ""consumer"": ""projects/1097707475336"",
          ""service"": ""youtube.googleapis.com"",
          ""apiName"": ""youtube"",
          ""methodName"": ""youtube.api.v3.V3DataSearchService.List""
        }
      },
      {
        ""@type"": ""type.googleapis.com/google.rpc.LocalizedMessage"",
        ""locale"": ""en-US"",
        ""message"": ""Requests to this API youtube method youtube.api.v3.V3DataSearchService.List are blocked.""
      }
    ]
  }
}
",label
10920979,847737,"Screaming Ghosts","C Cat Trance",2017,"ERC036 , MT009",https://www.discogs.com/release/10920979,https://i.discogs.com/odOPyQbabz44170urGbi07n2bUK1T08pIsRdiAP5vGI/rs:fit/g:sm/q:40/h:150/w:150/czM6Ly9kaXNjb2dz/LWRhdGFiYXNlLWlt/YWdlcy9SLTEwOTIw/OTc5LTE1MDY1NDY4/NjEtODg1MS5qcGVn.jpeg,0,0,0,0,1771441863768,64,0.0,,label
10930692,541304,"Knife Silhouette",Hazylujah,2015,DSR-E6,https://www.discogs.com/release/10930692,https://i.discogs.com/PW4wGV7csAneb_tKluxillG784ZgwkPVILqX6S7RD6M/rs:fit/g:sm/q:40/h:150/w:150/czM6Ly9kaXNjb2dz/LWRhdGFiYXNlLWlt/YWdlcy9SLTEwOTMw/NjkyLTE1MDY3MTU1/MzAtMjQwNC5qcGVn.jpeg,0,0,0,0,1771423599737,85,0.0,,label
10948002,921036,"Knowes Universal Broadcast Seg. 3",Various,2017,CKNOWEP5,https://www.discogs.com/release/10948002,https://i.discogs.com/SdAGGdc8XlNr-wBKJA6QDEQX_JVbptkXY4w1FoyGrBY/rs:fit/g:sm/q:40/h:150/w:150/czM6Ly9kaXNjb2dz/LWRhdGFiYXNlLWlt/YWdlcy9SLTEwOTQ4/MDAyLTE1MjMzOTY0/MjctMTg1NC5qcGVn.jpeg,0,0,0,0,1771441861415,89,0.0,,label
10954827,1287914,"Xel Naga EP","Matthias (52)",2017,SUPLU001,https://www.discogs.com/release/10954827,https://i.discogs.com/M4jn9gPmSJSV6MblAPyCojlI6tijsRX8o8_CfJze0X0/rs:fit/g:sm/q:40/h:150/w:150/czM6Ly9kaXNjb2dz/LWRhdGFiYXNlLWlt/YWdlcy9SLTEwOTU0/ODI3LTE1MTU2OTU2/MjUtNjM2MS5qcGVn.jpeg,0,0,0,0,1771441851663,10,0.0,,label
10968142,363756,"Phobiza ""Noite"" Vol. 2",RAMZi,2017,mh016,https://www.discogs.com/release/10968142,https://i.discogs.com/CHHwZlWInbsCiQLi_UkOvDg3FoIEYx--jw6q5CveT1k/rs:fit/g:sm/q:40/h:150/w:150/czM6Ly9kaXNjb2dz/LWRhdGFiYXNlLWlt/YWdlcy9SLTEwOTY4/MTQyLTE1MTEyNzc0/MDktODU4Mi5qcGVn.jpeg,1,0,0,0,1771423276970,45,0.0,"Track match issue: YouTube API error 403: {
  ""error"": {
    ""code"": 403,
    ""message"": ""Requests to this API youtube method youtube.api.v3.V3DataSearchService.List are blocked."",
    ""errors"": [
      {
        ""message"": ""Requests to this API youtube method youtube.api.v3.V3DataSearchService.List are blocked."",
        ""domain"": ""global"",
        ""reason"": ""forbidden""
      }
    ],
    ""status"": ""PERMISSION_DENIED"",
    ""details"": [
      {
        ""@type"": ""type.googleapis.com/google.rpc.ErrorInfo"",
        ""reason"": ""API_KEY_SERVICE_BLOCKED"",
        ""domain"": ""googleapis.com"",
        ""metadata"": {
          ""consumer"": ""projects/1097707475336"",
          ""methodName"": ""youtube.api.v3.V3DataSearchService.List"",
          ""service"": ""youtube.googleapis.com"",
          ""apiName"": ""youtube""
        }
      },
      {
        ""@type"": ""type.googleapis.com/google.rpc.LocalizedMessage"",
        ""locale"": ""en-US"",
        ""message"": ""Requests to this API youtube method youtube.api.v3.V3DataSearchService.List are blocked.""
      }
    ]
  }
}
",label
10995853,847737,Europa,Tapan,2017,MT014,https://www.discogs.com/release/10995853,https://i.discogs.com/LS52l_ZXLMacyA_cNV38214AJU653t3KQ7goBvlKboc/rs:fit/g:sm/q:40/h:150/w:150/czM6Ly9kaXNjb2dz/LWRhdGFiYXNlLWlt/YWdlcy9SLTEwOTk1/ODUzLTE1MDc4ODk4/NjItNzE4Mi5qcGVn.jpeg,0,0,0,0,1771441863768,72,0.0,,label
11002128,541304,"Groove 169 / CD 78",Various,2017,"Groove 169 / CD 78",https://www.discogs.com/release/11002128,https://i.discogs.com/UisWHAT2m0VOsAkh4F9Vzttbtx4d1VQyv9TmisOl3Ts/rs:fit/g:sm/q:40/h:150/w:150/czM6Ly9kaXNjb2dz/LWRhdGFiYXNlLWlt/YWdlcy9SLTExMDAy/MTI4LTE1MDgwMTE1/OTMtODQ5My5qcGVn.jpeg,0,0,0,0,1771423599737,86,0.0,,label
11009550,952963,"Atipic 004","Jorge Savoretti",2017,"Atipic 004",https://www.discogs.com/release/11009550,https://i.discogs.com/HK97T5UmXM1nOVjgWYb6nvmCmddEqgItGAjgZpS3V7E/rs:fit/g:sm/q:40/h:150/w:150/czM6Ly9kaXNjb2dz/LWRhdGFiYXNlLWlt/YWdlcy9SLTExMDA5/NTUwLTE2ODAxNjg3/OTAtNDgwNC5qcGVn.jpeg,1,1,0,0,1771444087185,9,1.0,"Track match issue: FOREIGN KEY constraint failed",label
11115432,852291,"The Untouchables (Music From The 1993 Television Series)","Joel Goldsmith",2017,DDR625,https://www.discogs.com/release/11115432,https://i.discogs.com/Qg6SEoqonr6Y2C_Hx1uLEeW-_gpOxcvMDNOxE3u5Qik/rs:fit/g:sm/q:40/h:150/w:150/czM6Ly9kaXNjb2dz/LWRhdGFiYXNlLWlt/YWdlcy9SLTExMTE1/NDMyLTE2NzkzOTE1/MTMtNTkxNC5qcGVn.jpeg,0,0,0,0,1771441866461,87,0.0,,label
11119033,12756,"The Compilation",Bigeneric,,"MOTO 013",https://www.discogs.com/releases/11119033,https://i.discogs.com/RvpJkppbkQTfhN-lNObARotwonvOYIJH72nKVkIZYpo/rs:fit/g:sm/q:40/h:150/w:150/czM6Ly9kaXNjb2dz/LWRhdGFiYXNlLWlt/YWdlcy9SLTExMTE5/MDMzLTE1MTgwODc5/NzMtNjcyNC5qcGVn.jpeg,1,0,0,1,1771445244032,40,0.0,,discogs_want
11125245,847737,"Screaming Remixes Vol. 1","C Cat Trance",2017,"ERC046-1, MT0012, MT012",https://www.discogs.com/release/11125245,https://i.discogs.com/YJVcDQQh31oRjCPH3J2SuTCWR7xd6jznBrj19siP2Rs/rs:fit/g:sm/q:40/h:150/w:150/czM6Ly9kaXNjb2dz/LWRhdGFiYXNlLWlt/YWdlcy9SLTExMTI1/MjQ1LTE2MjMzNTM1/MzMtODUwNS5qcGVn.jpeg,0,0,0,0,1771441863768,20,0.0,,label
11125321,847737,"Screaming Remixes Vol. 2","C Cat Trance",2017,"ERC046-2, MT013",https://www.discogs.com/release/11125321,https://i.discogs.com/aim5BO7DpKPCk9o020MwUOMmOz2-OCBJUplxpl388ng/rs:fit/g:sm/q:40/h:150/w:150/czM6Ly9kaXNjb2dz/LWRhdGFiYXNlLWlt/YWdlcy9SLTExMTI1/MzIxLTE2MjYzNjEy/OTItMTAyNC5qcGVn.jpeg,0,0,0,0,1771441863768,21,0.0,,label
11143323,541304,Exhilarator,"Claro Intelecto",2017,"127DSR, ANN027",https://www.discogs.com/release/11143323,https://i.discogs.com/WRJaRbRtswil6l34PlwdI2YtCTkr9e4avjGckAdiVuE/rs:fit/g:sm/q:40/h:150/w:150/czM6Ly9kaXNjb2dz/LWRhdGFiYXNlLWlt/YWdlcy9SLTExMTQz/MzIzLTE1MTgzMDIy/NDUtOTIyNi5qcGVn.jpeg,0,0,0,0,1771423599737,89,0.0,,label
11159284,363756,"Raining Again","Pender Street Steppers",2017,MH019,https://www.discogs.com/release/11159284,https://i.discogs.com/OgH5q1g9QG1WwAPULyjeEN36rVr20_N-KWsSh-YYCXE/rs:fit/g:sm/q:40/h:150/w:150/czM6Ly9kaXNjb2dz/LWRhdGFiYXNlLWlt/YWdlcy9SLTExMTU5/Mjg0LTE1MTE5Njcx/NzUtMzMwOS5qcGVn.jpeg,1,0,0,0,1771423288657,49,0.0,"Track match issue: YouTube API error 403: {
  ""error"": {
    ""code"": 403,
    ""message"": ""Requests to this API youtube method youtube.api.v3.V3DataSearchService.List are blocked."",
    ""errors"": [
      {
        ""message"": ""Requests to this API youtube method youtube.api.v3.V3DataSearchService.List are blocked."",
        ""domain"": ""global"",
        ""reason"": ""forbidden""
      }
    ],
    ""status"": ""PERMISSION_DENIED"",
    ""details"": [
      {
        ""@type"": ""type.googleapis.com/google.rpc.ErrorInfo"",
        ""reason"": ""API_KEY_SERVICE_BLOCKED"",
        ""domain"": ""googleapis.com"",
        ""metadata"": {
          ""service"": ""youtube.googleapis.com"",
          ""consumer"": ""projects/1097707475336"",
          ""apiName"": ""youtube"",
          ""methodName"": ""youtube.api.v3.V3DataSearchService.List""
        }
      },
      {
        ""@type"": ""type.googleapis.com/google.rpc.LocalizedMessage"",
        ""locale"": ""en-US"",
        ""message"": ""Requests to this API youtube method youtube.api.v3.V3DataSearchService.List are blocked.""
      }
    ]
  }
}
",label
11307852,1390196,"Portal Vision",EX-T*,2018,NAFF001,https://www.discogs.com/release/11307852,https://i.discogs.com/nkqCc6HUfA7SHdeaPQJDu4BuVExYOVM2iYz1367Tbpk/rs:fit/g:sm/q:40/h:150/w:150/czM6Ly9kaXNjb2dz/LWRhdGFiYXNlLWlt/YWdlcy9SLTExMzA3/ODUyLTE3MjE1MDY2/MjUtNzAyNi5wbmc.jpeg,1,1,0,0,1771441874046,1,1.0,,label
11327995,363756,MHC000,"Slow Riffs",2017,MHC000,https://www.discogs.com/release/11327995,https://i.discogs.com/9FribcZ09NRBl5Ctdk18MTN7QfLaK-r3iYtGZmCPIAA/rs:fit/g:sm/q:40/h:150/w:150/czM6Ly9kaXNjb2dz/LWRhdGFiYXNlLWlt/YWdlcy9SLTExMzI3/OTk1LTE1MTQzMTgx/MjYtMzA0My5qcGVn.jpeg,1,0,0,0,1771423361407,75,0.0,"Track match issue: YouTube API error 403: {
  ""error"": {
    ""code"": 403,
    ""message"": ""Requests to this API youtube method youtube.api.v3.V3DataSearchService.List are blocked."",
    ""errors"": [
      {
        ""message"": ""Requests to this API youtube method youtube.api.v3.V3DataSearchService.List are blocked."",
        ""domain"": ""global"",
        ""reason"": ""forbidden""
      }
    ],
    ""status"": ""PERMISSION_DENIED"",
    ""details"": [
      {
        ""@type"": ""type.googleapis.com/google.rpc.ErrorInfo"",
        ""reason"": ""API_KEY_SERVICE_BLOCKED"",
        ""domain"": ""googleapis.com"",
        ""metadata"": {
          ""service"": ""youtube.googleapis.com"",
          ""consumer"": ""projects/1097707475336"",
          ""methodName"": ""youtube.api.v3.V3DataSearchService.List"",
          ""apiName"": ""youtube""
        }
      },
      {
        ""@type"": ""type.googleapis.com/google.rpc.LocalizedMessage"",
        ""locale"": ""en-US"",
        ""message"": ""Requests to this API youtube method youtube.api.v3.V3DataSearchService.List are blocked.""
      }
    ]
  }
}
",label
11494809,852291,"The Belstone Fox","Laurie Johnson",2015,DDR601,https://www.discogs.com/release/11494809,https://i.discogs.com/XsFtmhoQbUYbL5hoReULYAGGIXbLUYbj3ELBc79kJaM/rs:fit/g:sm/q:40/h:150/w:150/czM6Ly9kaXNjb2dz/LWRhdGFiYXNlLWlt/YWdlcy9SLTExNDk0/ODA5LTE1MTczMzQ3/NTMtMzE1Mi5qcGVn.jpeg,0,0,0,0,1771441866461,65,0.0,,label
11495186,1411307,"EYA 001",Various,2018,EYA001,https://www.discogs.com/release/11495186,https://i.discogs.com/j5o2t3O9grkXaNf_AW8WRge9byGDiW40Rk6hQTMaYlc/rs:fit/g:sm/q:40/h:150/w:150/czM6Ly9kaXNjb2dz/LWRhdGFiYXNlLWlt/YWdlcy9SLTExNDk1/MTg2LTE1NzA0NjY4/NjItODU5NC5qcGVn.jpeg,0,0,0,0,1771441863643,8,0.0,,label
11550844,541304,"Belongings EP","2000 And One*",2018,dsr-x12,https://www.discogs.com/release/11550844,https://i.discogs.com/gqoHS-edsr2OkKLRJqarjcZTdci7Yxaf-Uh50f1a-4Q/rs:fit/g:sm/q:40/h:150/w:150/czM6Ly9kaXNjb2dz/LWRhdGFiYXNlLWlt/YWdlcy9SLTExNTUw/ODQ0LTE1MTg2MDEz/NTUtMTY0NS5qcGVn.jpeg,0,0,0,0,1771423599737,90,0.0,,label
11565438,541304,"Belongings EP","2000 And One*",2018,dsr-x12,https://www.discogs.com/release/11565438,https://i.discogs.com/hYeUGQW-OX8vzZ6MTcudMmURn9dwUAoWB1Wh1dy3h3M/rs:fit/g:sm/q:40/h:150/w:150/czM6Ly9kaXNjb2dz/LWRhdGFiYXNlLWlt/YWdlcy9SLTExNTY1/NDM4LTE1MTg2MDE5/OTQtNjgzMi5qcGVn.jpeg,0,0,0,0,1771423599737,91,0.0,,label
11704277,363756,"Life In The Zone","Pender Street Steppers",2018,MHC006,https://www.discogs.com/release/11704277,https://i.discogs.com/SVT7igK_aSOUL1OD-kp79kTT7N_zgww52hanXHHKgkw/rs:fit/g:sm/q:40/h:150/w:150/czM6Ly9kaXNjb2dz/LWRhdGFiYXNlLWlt/YWdlcy9SLTExNzA0/Mjc3LTE1MjA5NTU0/NDAtMjMyNy5qcGVn.jpeg,1,0,0,0,1771423443320,86,0.0,"Track match issue: YouTube API error 403: {
  ""error"": {
    ""code"": 403,
    ""message"": ""Requests to this API youtube method youtube.api.v3.V3DataSearchService.List are blocked."",
    ""errors"": [
      {
        ""message"": ""Requests to this API youtube method youtube.api.v3.V3DataSearchService.List are blocked."",
        ""domain"": ""global"",
        ""reason"": ""forbidden""
      }
    ],
    ""status"": ""PERMISSION_DENIED"",
    ""details"": [
      {
        ""@type"": ""type.googleapis.com/google.rpc.ErrorInfo"",
        ""reason"": ""API_KEY_SERVICE_BLOCKED"",
        ""domain"": ""googleapis.com"",
        ""metadata"": {
          ""consumer"": ""projects/1097707475336"",
          ""apiName"": ""youtube"",
          ""methodName"": ""youtube.api.v3.V3DataSearchService.List"",
          ""service"": ""youtube.googleapis.com""
        }
      },
      {
        ""@type"": ""type.googleapis.com/google.rpc.LocalizedMessage"",
        ""locale"": ""en-US"",
        ""message"": ""Requests to this API youtube method youtube.api.v3.V3DataSearchService.List are blocked.""
      }
    ]
  }
}
",label
11704315,363756,"Pender Street Steppers","Pender Street Steppers",2018,MH019,https://www.discogs.com/release/11704315,https://i.discogs.com/Y55Rsw6i6Mrn2aE9c6udpcXaJ9wzh0tj3PsN1LA9iVo/rs:fit/g:sm/q:40/h:150/w:150/czM6Ly9kaXNjb2dz/LWRhdGFiYXNlLWlt/YWdlcy9SLTExNzA0/MzE1LTE1MjA5NTU4/NTAtMTY0Ny5qcGVn.jpeg,1,0,0,0,1771423285942,48,0.0,"Track match issue: YouTube API error 403: {
  ""error"": {
    ""code"": 403,
    ""message"": ""Requests to this API youtube method youtube.api.v3.V3DataSearchService.List are blocked."",
    ""errors"": [
      {
        ""message"": ""Requests to this API youtube method youtube.api.v3.V3DataSearchService.List are blocked."",
        ""domain"": ""global"",
        ""reason"": ""forbidden""
      }
    ],
    ""status"": ""PERMISSION_DENIED"",
    ""details"": [
      {
        ""@type"": ""type.googleapis.com/google.rpc.ErrorInfo"",
        ""reason"": ""API_KEY_SERVICE_BLOCKED"",
        ""domain"": ""googleapis.com"",
        ""metadata"": {
          ""consumer"": ""projects/1097707475336"",
          ""apiName"": ""youtube"",
          ""service"": ""youtube.googleapis.com"",
          ""methodName"": ""youtube.api.v3.V3DataSearchService.List""
        }
      },
      {
        ""@type"": ""type.googleapis.com/google.rpc.LocalizedMessage"",
        ""locale"": ""en-US"",
        ""message"": ""Requests to this API youtube method youtube.api.v3.V3DataSearchService.List are blocked.""
      }
    ]
  }
}
",label
11704344,363756,"The Glass City / Golden Garden","Pender Street Steppers",2018,MH008,https://www.discogs.com/release/11704344,https://i.discogs.com/laGpMB-T1SYheaR6SqpaJtNWcVmEfq4gugUj4F6XCaQ/rs:fit/g:sm/q:40/h:150/w:150/czM6Ly9kaXNjb2dz/LWRhdGFiYXNlLWlt/YWdlcy9SLTExNzA0/MzQ0LTE1MjA5NTYy/MTQtMTkwNi5qcGVn.jpeg,1,0,0,0,1771423237753,28,0.0,"Track match issue: YouTube API error 403: {
  ""error"": {
    ""code"": 403,
    ""message"": ""Requests to this API youtube method youtube.api.v3.V3DataSearchService.List are blocked."",
    ""errors"": [
      {
        ""message"": ""Requests to this API youtube method youtube.api.v3.V3DataSearchService.List are blocked."",
        ""domain"": ""global"",
        ""reason"": ""forbidden""
      }
    ],
    ""status"": ""PERMISSION_DENIED"",
    ""details"": [
      {
        ""@type"": ""type.googleapis.com/google.rpc.ErrorInfo"",
        ""reason"": ""API_KEY_SERVICE_BLOCKED"",
        ""domain"": ""googleapis.com"",
        ""metadata"": {
          ""service"": ""youtube.googleapis.com"",
          ""methodName"": ""youtube.api.v3.V3DataSearchService.List"",
          ""apiName"": ""youtube"",
          ""consumer"": ""projects/1097707475336""
        }
      },
      {
        ""@type"": ""type.googleapis.com/google.rpc.LocalizedMessage"",
        ""locale"": ""en-US"",
        ""message"": ""Requests to this API youtube method youtube.api.v3.V3DataSearchService.List are blocked.""
      }
    ]
  }
}
",label
11704367,363756,"Bubble World","Pender Street Steppers",2018,MH004,https://www.discogs.com/release/11704367,https://i.discogs.com/fz1gc24aMVvFvPGKgFkBztzE396r2FD3E8_6OuKqLqk/rs:fit/g:sm/q:40/h:150/w:150/czM6Ly9kaXNjb2dz/LWRhdGFiYXNlLWlt/YWdlcy9SLTExNzA0/MzY3LTE1MjA5NTYz/ODgtODE3NC5qcGVn.jpeg,1,0,0,0,1771423207191,16,0.0,"Track match issue: YouTube API error 403: {
  ""error"": {
    ""code"": 403,
    ""message"": ""Requests to this API youtube method youtube.api.v3.V3DataSearchService.List are blocked."",
    ""errors"": [
      {
        ""message"": ""Requests to this API youtube method youtube.api.v3.V3DataSearchService.List are blocked."",
        ""domain"": ""global"",
        ""reason"": ""forbidden""
      }
    ],
    ""status"": ""PERMISSION_DENIED"",
    ""details"": [
      {
        ""@type"": ""type.googleapis.com/google.rpc.ErrorInfo"",
        ""reason"": ""API_KEY_SERVICE_BLOCKED"",
        ""domain"": ""googleapis.com"",
        ""metadata"": {
          ""methodName"": ""youtube.api.v3.V3DataSearchService.List"",
          ""service"": ""youtube.googleapis.com"",
          ""apiName"": ""youtube"",
          ""consumer"": ""projects/1097707475336""
        }
      },
      {
        ""@type"": ""type.googleapis.com/google.rpc.LocalizedMessage"",
        ""locale"": ""en-US"",
        ""message"": ""Requests to this API youtube method youtube.api.v3.V3DataSearchService.List are blocked.""
      }
    ]
  }
}
",label
11704411,363756,"Super You",Cloudface,2018,MH018,https://www.discogs.com/release/11704411,https://i.discogs.com/W3fJR1Ezi5D6fcQ8tDew75woUKPkYb2d1MMYXDdtVDk/rs:fit/g:sm/q:40/h:150/w:150/czM6Ly9kaXNjb2dz/LWRhdGFiYXNlLWlt/YWdlcy9SLTExNzA0/NDExLTE1MjA5NTcw/MjgtMjYzNi5qcGVn.jpeg,1,0,0,0,1771423280663,46,0.0,"Track match issue: YouTube API error 403: {
  ""error"": {
    ""code"": 403,
    ""message"": ""Requests to this API youtube method youtube.api.v3.V3DataSearchService.List are blocked."",
    ""errors"": [
      {
        ""message"": ""Requests to this API youtube method youtube.api.v3.V3DataSearchService.List are blocked."",
        ""domain"": ""global"",
        ""reason"": ""forbidden""
      }
    ],
    ""status"": ""PERMISSION_DENIED"",
    ""details"": [
      {
        ""@type"": ""type.googleapis.com/google.rpc.ErrorInfo"",
        ""reason"": ""API_KEY_SERVICE_BLOCKED"",
        ""domain"": ""googleapis.com"",
        ""metadata"": {
          ""service"": ""youtube.googleapis.com"",
          ""apiName"": ""youtube"",
          ""methodName"": ""youtube.api.v3.V3DataSearchService.List"",
          ""consumer"": ""projects/1097707475336""
        }
      },
      {
        ""@type"": ""type.googleapis.com/google.rpc.LocalizedMessage"",
        ""locale"": ""en-US"",
        ""message"": ""Requests to this API youtube method youtube.api.v3.V3DataSearchService.List are blocked.""
      }
    ]
  }
}
",label
11704460,363756,"Devonian Garden",Cloudface,2018,MH001,https://www.discogs.com/release/11704460,https://i.discogs.com/G-cJ-iu6M5NZHm3lWHUK88mU8huXD_NZn48wlCRa_UU/rs:fit/g:sm/q:40/h:150/w:150/czM6Ly9kaXNjb2dz/LWRhdGFiYXNlLWlt/YWdlcy9SLTExNzA0/NDYwLTE3NTYzNTk1/ODUtNTcyMi5qcGVn.jpeg,1,0,0,0,1771423191769,10,0.0,"Track match issue: YouTube API error 403: {
  ""error"": {
    ""code"": 403,
    ""message"": ""Requests to this API youtube method youtube.api.v3.V3DataSearchService.List are blocked."",
    ""errors"": [
      {
        ""message"": ""Requests to this API youtube method youtube.api.v3.V3DataSearchService.List are blocked."",
        ""domain"": ""global"",
        ""reason"": ""forbidden""
      }
    ],
    ""status"": ""PERMISSION_DENIED"",
    ""details"": [
      {
        ""@type"": ""type.googleapis.com/google.rpc.ErrorInfo"",
        ""reason"": ""API_KEY_SERVICE_BLOCKED"",
        ""domain"": ""googleapis.com"",
        ""metadata"": {
          ""apiName"": ""youtube"",
          ""service"": ""youtube.googleapis.com"",
          ""consumer"": ""projects/1097707475336"",
          ""methodName"": ""youtube.api.v3.V3DataSearchService.List""
        }
      },
      {
        ""@type"": ""type.googleapis.com/google.rpc.LocalizedMessage"",
        ""locale"": ""en-US"",
        ""message"": ""Requests to this API youtube method youtube.api.v3.V3DataSearchService.List are blocked.""
      }
    ]
  }
}
",label
11704488,363756,"Aquarian Foundation","Aquarian Foundation",2018,MHC002,https://www.discogs.com/release/11704488,https://i.discogs.com/RgpdVpkwS0ia3Tr6yWbh38KRgnwlLug43uJ3moe083I/rs:fit/g:sm/q:40/h:150/w:150/czM6Ly9kaXNjb2dz/LWRhdGFiYXNlLWlt/YWdlcy9SLTExNzA0/NDg4LTE1MjA5NTc1/NjUtNjAwOS5qcGVn.jpeg,1,0,0,0,1771423372049,79,0.0,"Track match issue: YouTube API error 403: {
  ""error"": {
    ""code"": 403,
    ""message"": ""Requests to this API youtube method youtube.api.v3.V3DataSearchService.List are blocked."",
    ""errors"": [
      {
        ""message"": ""Requests to this API youtube method youtube.api.v3.V3DataSearchService.List are blocked."",
        ""domain"": ""global"",
        ""reason"": ""forbidden""
      }
    ],
    ""status"": ""PERMISSION_DENIED"",
    ""details"": [
      {
        ""@type"": ""type.googleapis.com/google.rpc.ErrorInfo"",
        ""reason"": ""API_KEY_SERVICE_BLOCKED"",
        ""domain"": ""googleapis.com"",
        ""metadata"": {
          ""consumer"": ""projects/1097707475336"",
          ""apiName"": ""youtube"",
          ""methodName"": ""youtube.api.v3.V3DataSearchService.List"",
          ""service"": ""youtube.googleapis.com""
        }
      },
      {
        ""@type"": ""type.googleapis.com/google.rpc.LocalizedMessage"",
        ""locale"": ""en-US"",
        ""message"": ""Requests to this API youtube method youtube.api.v3.V3DataSearchService.List are blocked.""
      }
    ]
  }
}
",label
11704522,363756,"III / XII / IX","Aquarian Foundation",2018,MHC003,https://www.discogs.com/release/11704522,https://i.discogs.com/GHH1nj3pxC9CxaejTg0f3a2hevtfoyMjyCEpyIUqD_s/rs:fit/g:sm/q:40/h:150/w:150/czM6Ly9kaXNjb2dz/LWRhdGFiYXNlLWlt/YWdlcy9SLTExNzA0/NTIyLTE1MjA5NTc5/NjItMzM0OC5qcGVn.jpeg,1,0,0,0,1771423374725,80,0.0,"Track match issue: YouTube API error 403: {
  ""error"": {
    ""code"": 403,
    ""message"": ""Requests to this API youtube method youtube.api.v3.V3DataSearchService.List are blocked."",
    ""errors"": [
      {
        ""message"": ""Requests to this API youtube method youtube.api.v3.V3DataSearchService.List are blocked."",
        ""domain"": ""global"",
        ""reason"": ""forbidden""
      }
    ],
    ""status"": ""PERMISSION_DENIED"",
    ""details"": [
      {
        ""@type"": ""type.googleapis.com/google.rpc.ErrorInfo"",
        ""reason"": ""API_KEY_SERVICE_BLOCKED"",
        ""domain"": ""googleapis.com"",
        ""metadata"": {
          ""methodName"": ""youtube.api.v3.V3DataSearchService.List"",
          ""service"": ""youtube.googleapis.com"",
          ""consumer"": ""projects/1097707475336"",
          ""apiName"": ""youtube""
        }
      },
      {
        ""@type"": ""type.googleapis.com/google.rpc.LocalizedMessage"",
        ""locale"": ""en-US"",
        ""message"": ""Requests to this API youtube method youtube.api.v3.V3DataSearchService.List are blocked.""
      }
    ]
  }
}
",label
11704550,363756,"Language Of The Hand","Aquarian Foundation",2018,MH002,https://www.discogs.com/release/11704550,https://i.discogs.com/w9PqTOTuVWffBaMsfthJsnVBxms15zDNPZNBhfaq6ZA/rs:fit/g:sm/q:40/h:150/w:150/czM6Ly9kaXNjb2dz/LWRhdGFiYXNlLWlt/YWdlcy9SLTExNzA0/NTUwLTE1MjA5NTgw/MjctNDE1OS5qcGVn.jpeg,1,0,0,0,1771423196887,12,0.0,"Track match issue: YouTube API error 403: {
  ""error"": {
    ""code"": 403,
    ""message"": ""Requests to this API youtube method youtube.api.v3.V3DataSearchService.List are blocked."",
    ""errors"": [
      {
        ""message"": ""Requests to this API youtube method youtube.api.v3.V3DataSearchService.List are blocked."",
        ""domain"": ""global"",
        ""reason"": ""forbidden""
      }
    ],
    ""status"": ""PERMISSION_DENIED"",
    ""details"": [
      {
        ""@type"": ""type.googleapis.com/google.rpc.ErrorInfo"",
        ""reason"": ""API_KEY_SERVICE_BLOCKED"",
        ""domain"": ""googleapis.com"",
        ""metadata"": {
          ""service"": ""youtube.googleapis.com"",
          ""methodName"": ""youtube.api.v3.V3DataSearchService.List"",
          ""consumer"": ""projects/1097707475336"",
          ""apiName"": ""youtube""
        }
      },
      {
        ""@type"": ""type.googleapis.com/google.rpc.LocalizedMessage"",
        ""locale"": ""en-US"",
        ""message"": ""Requests to this API youtube method youtube.api.v3.V3DataSearchService.List are blocked.""
      }
    ]
  }
}
",label
11704567,363756,"Mother Official Vol. I","Jack Jutson",2018,MHC001,https://www.discogs.com/release/11704567,https://i.discogs.com/rql0dfx-kLfL_Lcrf7u1LvSuDrUsBxMvOYYQL2mIAtU/rs:fit/g:sm/q:40/h:150/w:150/czM6Ly9kaXNjb2dz/LWRhdGFiYXNlLWlt/YWdlcy9SLTExNzA0/NTY3LTE1MjA5NTgy/NDYtODUzMi5qcGVn.jpeg,1,0,0,0,1771423364160,76,0.0,"Track match issue: YouTube API error 403: {
  ""error"": {
    ""code"": 403,
    ""message"": ""Requests to this API youtube method youtube.api.v3.V3DataSearchService.List are blocked."",
    ""errors"": [
      {
        ""message"": ""Requests to this API youtube method youtube.api.v3.V3DataSearchService.List are blocked."",
        ""domain"": ""global"",
        ""reason"": ""forbidden""
      }
    ],
    ""status"": ""PERMISSION_DENIED"",
    ""details"": [
      {
        ""@type"": ""type.googleapis.com/google.rpc.ErrorInfo"",
        ""reason"": ""API_KEY_SERVICE_BLOCKED"",
        ""domain"": ""googleapis.com"",
        ""metadata"": {
          ""consumer"": ""projects/1097707475336"",
          ""apiName"": ""youtube"",
          ""methodName"": ""youtube.api.v3.V3DataSearchService.List"",
          ""service"": ""youtube.googleapis.com""
        }
      },
      {
        ""@type"": ""type.googleapis.com/google.rpc.LocalizedMessage"",
        ""locale"": ""en-US"",
        ""message"": ""Requests to this API youtube method youtube.api.v3.V3DataSearchService.List are blocked.""
      }
    ]
  }
}
",label
11704598,363756,"Mother Official Volume II","Jack Jutson",2018,MHC004,https://www.discogs.com/release/11704598,https://i.discogs.com/Go2JQQVXWAXxoHBzH7zsjgCMIORpabTRGzhYu0h47mU/rs:fit/g:sm/q:40/h:150/w:150/czM6Ly9kaXNjb2dz/LWRhdGFiYXNlLWlt/YWdlcy9SLTExNzA0/NTk4LTE1MjA5NTg1/MzgtNDQxNy5qcGVn.jpeg,1,0,0,0,1771423415844,82,0.0,"Track match issue: YouTube API error 403: {
  ""error"": {
    ""code"": 403,
    ""message"": ""Requests to this API youtube method youtube.api.v3.V3DataSearchService.List are blocked."",
    ""errors"": [
      {
        ""message"": ""Requests to this API youtube method youtube.api.v3.V3DataSearchService.List are blocked."",
        ""domain"": ""global"",
        ""reason"": ""forbidden""
      }
    ],
    ""status"": ""PERMISSION_DENIED"",
    ""details"": [
      {
        ""@type"": ""type.googleapis.com/google.rpc.ErrorInfo"",
        ""reason"": ""API_KEY_SERVICE_BLOCKED"",
        ""domain"": ""googleapis.com"",
        ""metadata"": {
          ""service"": ""youtube.googleapis.com"",
          ""apiName"": ""youtube"",
          ""methodName"": ""youtube.api.v3.V3DataSearchService.List"",
          ""consumer"": ""projects/1097707475336""
        }
      },
      {
        ""@type"": ""type.googleapis.com/google.rpc.LocalizedMessage"",
        ""locale"": ""en-US"",
        ""message"": ""Requests to this API youtube method youtube.api.v3.V3DataSearchService.List are blocked.""
      }
    ]
  }
}
",label
11704621,363756,"Looking Forward To You","Jack J*",2018,MH007,https://www.discogs.com/release/11704621,https://i.discogs.com/NRQhONCyOvlPFT9yhHEebNSfEOWWc9Beex2iBGEYjaA/rs:fit/g:sm/q:40/h:150/w:150/czM6Ly9kaXNjb2dz/LWRhdGFiYXNlLWlt/YWdlcy9SLTExNzA0/NjIxLTE1MjA5NTg4/NDYtMjMyMi5wbmc.jpeg,1,0,0,0,1771423224898,23,0.0,"Track match issue: YouTube API error 403: {
  ""error"": {
    ""code"": 403,
    ""message"": ""Requests to this API youtube method youtube.api.v3.V3DataSearchService.List are blocked."",
    ""errors"": [
      {
        ""message"": ""Requests to this API youtube method youtube.api.v3.V3DataSearchService.List are blocked."",
        ""domain"": ""global"",
        ""reason"": ""forbidden""
      }
    ],
    ""status"": ""PERMISSION_DENIED"",
    ""details"": [
      {
        ""@type"": ""type.googleapis.com/google.rpc.ErrorInfo"",
        ""reason"": ""API_KEY_SERVICE_BLOCKED"",
        ""domain"": ""googleapis.com"",
        ""metadata"": {
          ""methodName"": ""youtube.api.v3.V3DataSearchService.List"",
          ""apiName"": ""youtube"",
          ""service"": ""youtube.googleapis.com"",
          ""consumer"": ""projects/1097707475336""
        }
      },
      {
        ""@type"": ""type.googleapis.com/google.rpc.LocalizedMessage"",
        ""locale"": ""en-US"",
        ""message"": ""Requests to this API youtube method youtube.api.v3.V3DataSearchService.List are blocked.""
      }
    ]
  }
}
",label
11704658,363756,"Slow Riffs","Slow Riffs",2018,MHC000,https://www.discogs.com/release/11704658,https://i.discogs.com/edo16dv6lVHgjnnXVdR786e7ViprrDCZtDpeLEb8B4k/rs:fit/g:sm/q:40/h:150/w:150/czM6Ly9kaXNjb2dz/LWRhdGFiYXNlLWlt/YWdlcy9SLTExNzA0/NjU4LTE1MjA5NTky/NzAtODc2OS5qcGVn.jpeg,1,0,0,0,1771423355532,73,0.0,"Track match issue: YouTube API error 403: {
  ""error"": {
    ""code"": 403,
    ""message"": ""Requests to this API youtube method youtube.api.v3.V3DataSearchService.List are blocked."",
    ""errors"": [
      {
        ""message"": ""Requests to this API youtube method youtube.api.v3.V3DataSearchService.List are blocked."",
        ""domain"": ""global"",
        ""reason"": ""forbidden""
      }
    ],
    ""status"": ""PERMISSION_DENIED"",
    ""details"": [
      {
        ""@type"": ""type.googleapis.com/google.rpc.ErrorInfo"",
        ""reason"": ""API_KEY_SERVICE_BLOCKED"",
        ""domain"": ""googleapis.com"",
        ""metadata"": {
          ""apiName"": ""youtube"",
          ""methodName"": ""youtube.api.v3.V3DataSearchService.List"",
          ""service"": ""youtube.googleapis.com"",
          ""consumer"": ""projects/1097707475336""
        }
      },
      {
        ""@type"": ""type.googleapis.com/google.rpc.LocalizedMessage"",
        ""locale"": ""en-US"",
        ""message"": ""Requests to this API youtube method youtube.api.v3.V3DataSearchService.List are blocked.""
      }
    ]
  }
}
",label
11704683,363756,"Interior Fountains","Dream Carpets",2018,MHC005,https://www.discogs.com/release/11704683,https://i.discogs.com/W6P_zBrLM9FD109zsZ-nblweiLIhCWcGzgTZSZ4AvaY/rs:fit/g:sm/q:40/h:150/w:150/czM6Ly9kaXNjb2dz/LWRhdGFiYXNlLWlt/YWdlcy9SLTExNzA0/NjgzLTE1MjA5NTk1/MjYtMTg0OS5qcGVn.jpeg,1,0,0,0,1771423437255,84,0.0,"Track match issue: YouTube API error 403: {
  ""error"": {
    ""code"": 403,
    ""message"": ""Requests to this API youtube method youtube.api.v3.V3DataSearchService.List are blocked."",
    ""errors"": [
      {
        ""message"": ""Requests to this API youtube method youtube.api.v3.V3DataSearchService.List are blocked."",
        ""domain"": ""global"",
        ""reason"": ""forbidden""
      }
    ],
    ""status"": ""PERMISSION_DENIED"",
    ""details"": [
      {
        ""@type"": ""type.googleapis.com/google.rpc.ErrorInfo"",
        ""reason"": ""API_KEY_SERVICE_BLOCKED"",
        ""domain"": ""googleapis.com"",
        ""metadata"": {
          ""service"": ""youtube.googleapis.com"",
          ""methodName"": ""youtube.api.v3.V3DataSearchService.List"",
          ""apiName"": ""youtube"",
          ""consumer"": ""projects/1097707475336""
        }
      },
      {
        ""@type"": ""type.googleapis.com/google.rpc.LocalizedMessage"",
        ""locale"": ""en-US"",
        ""message"": ""Requests to this API youtube method youtube.api.v3.V3DataSearchService.List are blocked.""
      }
    ]
  }
}
",label
11704701,363756,"On The Inner Plains","Ttam Renat",2018,MH003,https://www.discogs.com/release/11704701,https://i.discogs.com/NO6u-aNo1ohKAiUKKh_Q6UpaxL0A1w3YXv8ptP_AEQw/rs:fit/g:sm/q:40/h:150/w:150/czM6Ly9kaXNjb2dz/LWRhdGFiYXNlLWlt/YWdlcy9SLTExNzA0/NzAxLTE1MjA5NTk3/NjQtOTU5MC5qcGVn.jpeg,1,0,0,0,1771423202056,14,0.0,"Track match issue: YouTube API error 403: {
  ""error"": {
    ""code"": 403,
    ""message"": ""Requests to this API youtube method youtube.api.v3.V3DataSearchService.List are blocked."",
    ""errors"": [
      {
        ""message"": ""Requests to this API youtube method youtube.api.v3.V3DataSearchService.List are blocked."",
        ""domain"": ""global"",
        ""reason"": ""forbidden""
      }
    ],
    ""status"": ""PERMISSION_DENIED"",
    ""details"": [
      {
        ""@type"": ""type.googleapis.com/google.rpc.ErrorInfo"",
        ""reason"": ""API_KEY_SERVICE_BLOCKED"",
        ""domain"": ""googleapis.com"",
        ""metadata"": {
          ""apiName"": ""youtube"",
          ""methodName"": ""youtube.api.v3.V3DataSearchService.List"",
          ""service"": ""youtube.googleapis.com"",
          ""consumer"": ""projects/1097707475336""
        }
      },
      {
        ""@type"": ""type.googleapis.com/google.rpc.LocalizedMessage"",
        ""locale"": ""en-US"",
        ""message"": ""Requests to this API youtube method youtube.api.v3.V3DataSearchService.List are blocked.""
      }
    ]
  }
}
",label
11704718,363756,"The Dolphin Hotel Affair Vol. 1","House Of Doors",2018,"MH005 ",https://www.discogs.com/release/11704718,https://i.discogs.com/9YotBG3sVIgojLt18Ja8dqcGhR5w4yVRDWNYf57Ox7A/rs:fit/g:sm/q:40/h:150/w:150/czM6Ly9kaXNjb2dz/LWRhdGFiYXNlLWlt/YWdlcy9SLTExNzA0/NzE4LTE1MjA5NTk5/NTktMjM0My5qcGVn.jpeg,1,0,0,0,1771423214969,19,0.0,"Track match issue: YouTube API error 403: {
  ""error"": {
    ""code"": 403,
    ""message"": ""Requests to this API youtube method youtube.api.v3.V3DataSearchService.List are blocked."",
    ""errors"": [
      {
        ""message"": ""Requests to this API youtube method youtube.api.v3.V3DataSearchService.List are blocked."",
        ""domain"": ""global"",
        ""reason"": ""forbidden""
      }
    ],
    ""status"": ""PERMISSION_DENIED"",
    ""details"": [
      {
        ""@type"": ""type.googleapis.com/google.rpc.ErrorInfo"",
        ""reason"": ""API_KEY_SERVICE_BLOCKED"",
        ""domain"": ""googleapis.com"",
        ""metadata"": {
          ""consumer"": ""projects/1097707475336"",
          ""methodName"": ""youtube.api.v3.V3DataSearchService.List"",
          ""apiName"": ""youtube"",
          ""service"": ""youtube.googleapis.com""
        }
      },
      {
        ""@type"": ""type.googleapis.com/google.rpc.LocalizedMessage"",
        ""locale"": ""en-US"",
        ""message"": ""Requests to this API youtube method youtube.api.v3.V3DataSearchService.List are blocked.""
      }
    ]
  }
}
",label
11704736,363756,Starcave,"House Of Doors",2018,MH009,https://www.discogs.com/release/11704736,https://i.discogs.com/Oc2-b3SKk5MUE1z4i_3ZRfGFCKslTjXEcTfZz4gw82U/rs:fit/g:sm/q:40/h:150/w:150/czM6Ly9kaXNjb2dz/LWRhdGFiYXNlLWlt/YWdlcy9SLTExNzA0/NzM2LTE1MjA5NjAy/MzEtNzUxOS5qcGVn.jpeg,1,0,0,0,1771423242852,30,0.0,"Track match issue: YouTube API error 403: {
  ""error"": {
    ""code"": 403,
    ""message"": ""Requests to this API youtube method youtube.api.v3.V3DataSearchService.List are blocked."",
    ""errors"": [
      {
        ""message"": ""Requests to this API youtube method youtube.api.v3.V3DataSearchService.List are blocked."",
        ""domain"": ""global"",
        ""reason"": ""forbidden""
      }
    ],
    ""status"": ""PERMISSION_DENIED"",
    ""details"": [
      {
        ""@type"": ""type.googleapis.com/google.rpc.ErrorInfo"",
        ""reason"": ""API_KEY_SERVICE_BLOCKED"",
        ""domain"": ""googleapis.com"",
        ""metadata"": {
          ""consumer"": ""projects/1097707475336"",
          ""methodName"": ""youtube.api.v3.V3DataSearchService.List"",
          ""service"": ""youtube.googleapis.com"",
          ""apiName"": ""youtube""
        }
      },
      {
        ""@type"": ""type.googleapis.com/google.rpc.LocalizedMessage"",
        ""locale"": ""en-US"",
        ""message"": ""Requests to this API youtube method youtube.api.v3.V3DataSearchService.List are blocked.""
      }
    ]
  }
}
",label
11704754,363756,"Gong Bath","Slow Riffs",2018,MH010,https://www.discogs.com/release/11704754,https://i.discogs.com/OLM4sL925Q3VdEfhQQpfEiGDnINQxS3WU9FYVdOmikQ/rs:fit/g:sm/q:40/h:150/w:150/czM6Ly9kaXNjb2dz/LWRhdGFiYXNlLWlt/YWdlcy9SLTExNzA0/NzU0LTE1MjA5NjAz/OTEtOTY2NC5qcGVn.jpeg,1,0,0,0,1771423248214,32,0.0,"Track match issue: YouTube API error 403: {
  ""error"": {
    ""code"": 403,
    ""message"": ""Requests to this API youtube method youtube.api.v3.V3DataSearchService.List are blocked."",
    ""errors"": [
      {
        ""message"": ""Requests to this API youtube method youtube.api.v3.V3DataSearchService.List are blocked."",
        ""domain"": ""global"",
        ""reason"": ""forbidden""
      }
    ],
    ""status"": ""PERMISSION_DENIED"",
    ""details"": [
      {
        ""@type"": ""type.googleapis.com/google.rpc.ErrorInfo"",
        ""reason"": ""API_KEY_SERVICE_BLOCKED"",
        ""domain"": ""googleapis.com"",
        ""metadata"": {
          ""service"": ""youtube.googleapis.com"",
          ""methodName"": ""youtube.api.v3.V3DataSearchService.List"",
          ""consumer"": ""projects/1097707475336"",
          ""apiName"": ""youtube""
        }
      },
      {
        ""@type"": ""type.googleapis.com/google.rpc.LocalizedMessage"",
        ""locale"": ""en-US"",
        ""message"": ""Requests to this API youtube method youtube.api.v3.V3DataSearchService.List are blocked.""
      }
    ]
  }
}
",label
11704773,363756,"Disco Mantras Vol. 1",Various,2018,MH012,https://www.discogs.com/release/11704773,https://i.discogs.com/HsexUb5Mi11AB1_-9bSDkmRx-LiPJv3vyQXUghiewHk/rs:fit/g:sm/q:40/h:150/w:150/czM6Ly9kaXNjb2dz/LWRhdGFiYXNlLWlt/YWdlcy9SLTExNzA0/NzczLTE1MjA5NjA1/NTctNTI0OS5qcGVn.jpeg,1,0,0,0,1771423258491,36,0.0,"Track match issue: YouTube API error 403: {
  ""error"": {
    ""code"": 403,
    ""message"": ""Requests to this API youtube method youtube.api.v3.V3DataSearchService.List are blocked."",
    ""errors"": [
      {
        ""message"": ""Requests to this API youtube method youtube.api.v3.V3DataSearchService.List are blocked."",
        ""domain"": ""global"",
        ""reason"": ""forbidden""
      }
    ],
    ""status"": ""PERMISSION_DENIED"",
    ""details"": [
      {
        ""@type"": ""type.googleapis.com/google.rpc.ErrorInfo"",
        ""reason"": ""API_KEY_SERVICE_BLOCKED"",
        ""domain"": ""googleapis.com"",
        ""metadata"": {
          ""consumer"": ""projects/1097707475336"",
          ""service"": ""youtube.googleapis.com"",
          ""apiName"": ""youtube"",
          ""methodName"": ""youtube.api.v3.V3DataSearchService.List""
        }
      },
      {
        ""@type"": ""type.googleapis.com/google.rpc.LocalizedMessage"",
        ""locale"": ""en-US"",
        ""message"": ""Requests to this API youtube method youtube.api.v3.V3DataSearchService.List are blocked.""
      }
    ]
  }
}
",label
11704875,363756,"Always On","Music People (2)",2018,MH014,https://www.discogs.com/release/11704875,https://i.discogs.com/f85URgOqYrIU6lpC3vsebHyPLLYWnlxLaeLpygx5IiM/rs:fit/g:sm/q:40/h:150/w:150/czM6Ly9kaXNjb2dz/LWRhdGFiYXNlLWlt/YWdlcy9SLTExNzA0/ODc1LTE1MjA5NjE4/NDgtNzA0OC5qcGVn.jpeg,1,0,0,0,1771423269101,40,0.0,"Track match issue: YouTube API error 403: {
  ""error"": {
    ""code"": 403,
    ""message"": ""Requests to this API youtube method youtube.api.v3.V3DataSearchService.List are blocked."",
    ""errors"": [
      {
        ""message"": ""Requests to this API youtube method youtube.api.v3.V3DataSearchService.List are blocked."",
        ""domain"": ""global"",
        ""reason"": ""forbidden""
      }
    ],
    ""status"": ""PERMISSION_DENIED"",
    ""details"": [
      {
        ""@type"": ""type.googleapis.com/google.rpc.ErrorInfo"",
        ""reason"": ""API_KEY_SERVICE_BLOCKED"",
        ""domain"": ""googleapis.com"",
        ""metadata"": {
          ""service"": ""youtube.googleapis.com"",
          ""consumer"": ""projects/1097707475336"",
          ""apiName"": ""youtube"",
          ""methodName"": ""youtube.api.v3.V3DataSearchService.List""
        }
      },
      {
        ""@type"": ""type.googleapis.com/google.rpc.LocalizedMessage"",
        ""locale"": ""en-US"",
        ""message"": ""Requests to this API youtube method youtube.api.v3.V3DataSearchService.List are blocked.""
      }
    ]
  }
}
",label
11704902,363756,"Music For Beings","Kinetic Electronix",2018,MH015,https://www.discogs.com/release/11704902,https://i.discogs.com/j0N0y4T6Z9TffVRJNGO0mKEHk-5-saJt4t4LuZ3IFhg/rs:fit/g:sm/q:40/h:150/w:150/czM6Ly9kaXNjb2dz/LWRhdGFiYXNlLWlt/YWdlcy9SLTExNzA0/OTAyLTE1MjA5NjIw/MTEtNTA3Ni5qcGVn.jpeg,1,0,0,0,1771423180500,6,0.0,"Track match issue: YouTube API error 403: {
  ""error"": {
    ""code"": 403,
    ""message"": ""Requests to this API youtube method youtube.api.v3.V3DataSearchService.List are blocked."",
    ""errors"": [
      {
        ""message"": ""Requests to this API youtube method youtube.api.v3.V3DataSearchService.List are blocked."",
        ""domain"": ""global"",
        ""reason"": ""forbidden""
      }
    ],
    ""status"": ""PERMISSION_DENIED"",
    ""details"": [
      {
        ""@type"": ""type.googleapis.com/google.rpc.ErrorInfo"",
        ""reason"": ""API_KEY_SERVICE_BLOCKED"",
        ""domain"": ""googleapis.com"",
        ""metadata"": {
          ""consumer"": ""projects/1097707475336"",
          ""apiName"": ""youtube"",
          ""methodName"": ""youtube.api.v3.V3DataSearchService.List"",
          ""service"": ""youtube.googleapis.com""
        }
      },
      {
        ""@type"": ""type.googleapis.com/google.rpc.LocalizedMessage"",
        ""locale"": ""en-US"",
        ""message"": ""Requests to this API youtube method youtube.api.v3.V3DataSearchService.List are blocked.""
      }
    ]
  }
}
",label
11704924,363756,"Phobiza ""Noite"" Vol. 2",RAMZi,2018,mh016,https://www.discogs.com/release/11704924,https://i.discogs.com/Hi-f8trGJJeMaCfTWvydOsQU7XIwd8Vg779zmciTDOw/rs:fit/g:sm/q:40/h:150/w:150/czM6Ly9kaXNjb2dz/LWRhdGFiYXNlLWlt/YWdlcy9SLTExNzA0/OTI0LTE1MjA5NjIy/NDgtNDE5OC5qcGVn.jpeg,1,0,0,0,1771423274230,44,0.0,"Track match issue: YouTube API error 403: {
  ""error"": {
    ""code"": 403,
    ""message"": ""Requests to this API youtube method youtube.api.v3.V3DataSearchService.List are blocked."",
    ""errors"": [
      {
        ""message"": ""Requests to this API youtube method youtube.api.v3.V3DataSearchService.List are blocked."",
        ""domain"": ""global"",
        ""reason"": ""forbidden""
      }
    ],
    ""status"": ""PERMISSION_DENIED"",
    ""details"": [
      {
        ""@type"": ""type.googleapis.com/google.rpc.ErrorInfo"",
        ""reason"": ""API_KEY_SERVICE_BLOCKED"",
        ""domain"": ""googleapis.com"",
        ""metadata"": {
          ""service"": ""youtube.googleapis.com"",
          ""methodName"": ""youtube.api.v3.V3DataSearchService.List"",
          ""apiName"": ""youtube"",
          ""consumer"": ""projects/1097707475336""
        }
      },
      {
        ""@type"": ""type.googleapis.com/google.rpc.LocalizedMessage"",
        ""locale"": ""en-US"",
        ""message"": ""Requests to this API youtube method youtube.api.v3.V3DataSearchService.List are blocked.""
      }
    ]
  }
}
",label
11704939,363756,Untitled,"Neo Image",2018,"MH 017",https://www.discogs.com/release/11704939,https://i.discogs.com/1Yqkqg2_KORTYJITojcy215GMNh016QgPkjc3oXBY8g/rs:fit/g:sm/q:40/h:150/w:150/czM6Ly9kaXNjb2dz/LWRhdGFiYXNlLWlt/YWdlcy9SLTExNzA0/OTM5LTE1MjA5NjI1/MDItODQzNC5qcGVn.jpeg,1,0,0,0,1771423186074,8,0.0,"Track match issue: YouTube API error 403: {
  ""error"": {
    ""code"": 403,
    ""message"": ""Requests to this API youtube method youtube.api.v3.V3DataSearchService.List are blocked."",
    ""errors"": [
      {
        ""message"": ""Requests to this API youtube method youtube.api.v3.V3DataSearchService.List are blocked."",
        ""domain"": ""global"",
        ""reason"": ""forbidden""
      }
    ],
    ""status"": ""PERMISSION_DENIED"",
    ""details"": [
      {
        ""@type"": ""type.googleapis.com/google.rpc.ErrorInfo"",
        ""reason"": ""API_KEY_SERVICE_BLOCKED"",
        ""domain"": ""googleapis.com"",
        ""metadata"": {
          ""service"": ""youtube.googleapis.com"",
          ""consumer"": ""projects/1097707475336"",
          ""apiName"": ""youtube"",
          ""methodName"": ""youtube.api.v3.V3DataSearchService.List""
        }
      },
      {
        ""@type"": ""type.googleapis.com/google.rpc.LocalizedMessage"",
        ""locale"": ""en-US"",
        ""message"": ""Requests to this API youtube method youtube.api.v3.V3DataSearchService.List are blocked.""
      }
    ]
  }
}
",label
11706288,1015857,"Sunken Gardens","Memphis (3)",2018,"AOP 003",https://www.discogs.com/release/11706288,https://i.discogs.com/tJ9qchS4gwcJUU73yCnv72OUii1LRzRgJ2xrP8_YxiQ/rs:fit/g:sm/q:40/h:150/w:150/czM6Ly9kaXNjb2dz/LWRhdGFiYXNlLWlt/YWdlcy9SLTExNzA2/Mjg4LTE1MjA5Nzc2/MTktMTEzNS5qcGVn.jpeg,1,1,0,0,1771444123632,4,1.0,,label
11738813,1120990,"Elsewhere MMDLXXVI",Various,2018,OYSTER10,https://www.discogs.com/release/11738813,https://i.discogs.com/uZC9yCXrPqnQE91y_lAF_mTOKB75efpGwzOLJKG7BUk/rs:fit/g:sm/q:40/h:150/w:150/czM6Ly9kaXNjb2dz/LWRhdGFiYXNlLWlt/YWdlcy9SLTExNzM4/ODEzLTE1MjE1NTQ4/NTYtMzEzNS5qcGVn.jpeg,1,1,0,0,1771441873604,1,0.818181818181818,"Track match issue: YouTube quota exceeded for this key. Wait for quota reset or use another key.",label
11747761,847737,"Etmol Hayom","Xen (9) & Yovav*",2018,MT0015,https://www.discogs.com/release/11747761,https://i.discogs.com/W1owKrYm_VAvschHq5fPTlRE_Pukuy93B9X8heotlP4/rs:fit/g:sm/q:40/h:150/w:150/czM6Ly9kaXNjb2dz/LWRhdGFiYXNlLWlt/YWdlcy9SLTExNzQ3/NzYxLTE1MjY5MjA3/MDYtNjg4MC5qcGVn.jpeg,0,0,0,0,1771441863768,50,0.0,,label
11758559,1438825,"Planet Euphorique","Roza Terenzi & DJ Zozi",2018,PE001,https://www.discogs.com/release/11758559,https://i.discogs.com/AdhbZgA-_O7Z-PSUoV24aeJn-jtU2b6nwxdphHM9cdA/rs:fit/g:sm/q:40/h:150/w:150/czM6Ly9kaXNjb2dz/LWRhdGFiYXNlLWlt/YWdlcy9SLTExNzU4/NTU5LTE1Mzk3NjAx/NDktMzc3My5qcGVn.jpeg,0,0,0,0,1771441861047,2,0.0,,label
11784476,473973,"From Drysdale Street To Here","Evan Baggs / Etienne",2018,AOD001,https://www.discogs.com/release/11784476,https://i.discogs.com/_3OhHH6_kAvTAueDxlp_yh6SYi2b2M9--bdrz13mRNg/rs:fit/g:sm/q:40/h:150/w:150/czM6Ly9kaXNjb2dz/LWRhdGFiYXNlLWlt/YWdlcy9SLTExNzg0/NDc2LTE1MjI1NjYz/NjktNzA2OC5qcGVn.jpeg,0,0,0,0,1771441859879,2,0.0,,label
11826243,541304,"Groove 172 / CD 81",Various,2018,"GROOVE 172 / CD 81, GROOVE 172 CD 81",https://www.discogs.com/release/11826243,https://i.discogs.com/5x-c_oP3L1O4pS6HgEvVPE0woJoZH7ammNvFR7KH1qg/rs:fit/g:sm/q:40/h:150/w:150/czM6Ly9kaXNjb2dz/LWRhdGFiYXNlLWlt/YWdlcy9SLTExODI2/MjQzLTE1MjMxMzAx/NzQtODAwMi5qcGVn.jpeg,0,0,0,0,1771423599737,92,0.0,,label
11863371,852291,"Time Walker (Original Motion Picture Soundtrack)","Richard Band",2017,DDR616,https://www.discogs.com/release/11863371,https://i.discogs.com/YiU39T3dVC01ZU8PfqKyjRGjLhYgdYOjtED1vgYa_Ho/rs:fit/g:sm/q:40/h:150/w:150/czM6Ly9kaXNjb2dz/LWRhdGFiYXNlLWlt/YWdlcy9SLTExODYz/MzcxLTE2NTEyMTQ3/MTktNzY4OC5qcGVn.jpeg,0,0,0,0,1771441866461,79,0.0,,label
11902492,852291,"The Aftermath","John Morgan*",2015,DDR602,https://www.discogs.com/release/11902492,https://i.discogs.com/TidMobFUeHJdYwVO0MlIGPmHj_uiT0XKHWd1Fh8Hj_s/rs:fit/g:sm/q:40/h:150/w:150/czM6Ly9kaXNjb2dz/LWRhdGFiYXNlLWlt/YWdlcy9SLTExOTAy/NDkyLTE1NjE0ODcw/MTAtODU2MS5qcGVn.jpeg,0,0,0,0,1771441866461,66,0.0,,label
11917867,847737,Plot,Khidja,2018,MT016,https://www.discogs.com/release/11917867,https://i.discogs.com/8a1lWTb9kC-oMChhy22btjNAe-JOgLU121cEXR1z5CE/rs:fit/g:sm/q:40/h:150/w:150/czM6Ly9kaXNjb2dz/LWRhdGFiYXNlLWlt/YWdlcy9SLTExOTE3/ODY3LTE1NzM2MDI2/MzMtODEzOS5qcGVn.jpeg,0,0,0,0,1771441863768,73,0.0,,label
11958689,1390196,Visions,"ANF (4)",2018,NAFF002,https://www.discogs.com/release/11958689,https://i.discogs.com/sVkTXh7v8G_xcQR7HdX9lMCI95R0IlJevwpW_ZQ3a8s/rs:fit/g:sm/q:40/h:150/w:150/czM6Ly9kaXNjb2dz/LWRhdGFiYXNlLWlt/YWdlcy9SLTExOTU4/Njg5LTE1MjY2NjA2/OTMtOTY5NS5qcGVn.jpeg,0,0,0,0,1771441853832,2,0.0,,label
11978456,952963,"Atipic 005","Vlad Arapașu",2018,"Atipic 005",https://www.discogs.com/release/11978456,https://i.discogs.com/9iayKcahLF_mrIxbP6Nqdes4ZGn8-VaBy6eDoweW4v8/rs:fit/g:sm/q:40/h:150/w:150/czM6Ly9kaXNjb2dz/LWRhdGFiYXNlLWlt/YWdlcy9SLTExOTc4/NDU2LTE1NDQwMDk0/MTItNjcyNy5qcGVn.jpeg,1,0,0,0,1771444121093,10,0.0,"Track match issue: FOREIGN KEY constraint failed",label
12008315,847737,Untitled,"Vactrol Park",2018,MT017,https://www.discogs.com/release/12008315,https://i.discogs.com/Zs36jA8l-jAwet2dmFJl3SsqX070_e6nGj2XRdivyjE/rs:fit/g:sm/q:40/h:150/w:150/czM6Ly9kaXNjb2dz/LWRhdGFiYXNlLWlt/YWdlcy9SLTEyMDA4/MzE1LTE1MjY0Njg1/MjEtOTcwNC5qcGVn.jpeg,0,0,0,0,1771441863768,74,0.0,,label
12041157,1411307,"EYA 002",Various,2018,EYA002,https://www.discogs.com/release/12041157,https://i.discogs.com/X6fculCj1G0mcau9RHbiAdTf0zqgPvkfA8C7usB877U/rs:fit/g:sm/q:40/h:150/w:150/czM6Ly9kaXNjb2dz/LWRhdGFiYXNlLWlt/YWdlcy9SLTEyMDQx/MTU3LTE1NzA0NjY4/MTQtODE0Ni5qcGVn.jpeg,0,0,0,0,1771441863643,9,0.0,,label
12087395,1038740,"Unconditional Movements EP",Ancut,2018,DISCARDED103,https://www.discogs.com/release/12087395,https://i.discogs.com/OTgV2CTYPO873hkr_Qusb1MTrpL065tzKDe6cjOH0BM/rs:fit/g:sm/q:40/h:150/w:150/czM6Ly9kaXNjb2dz/LWRhdGFiYXNlLWlt/YWdlcy9SLTEyMDg3/Mzk1LTE1MzA4Nzk2/OTAtOTg5NC5qcGVn.jpeg,1,1,0,0,1771447997877,12,1.0,,label
12093622,852291,"Stargate SG-1: Children Of The Gods - The Final Cut","Joel Goldsmith",2018,DDR635,https://www.discogs.com/release/12093622,https://i.discogs.com/I7A6s5eFW6GzV7H_wbzH3A8KrawDxq_VcZnAIntdkj0/rs:fit/g:sm/q:40/h:150/w:150/czM6Ly9kaXNjb2dz/LWRhdGFiYXNlLWlt/YWdlcy9SLTEyMDkz/NjIyLTE2NzczOTk4/NjEtNTk2MC5qcGVn.jpeg,0,0,0,0,1771441866461,97,0.0,,label
12118869,1390196,"Soul Value","Housemates (2)",2018,NAFF003,https://www.discogs.com/release/12118869,https://i.discogs.com/Ab54P14wZOehaJkmRnIkiqaqLze_fCEiTYc1sHvGfKA/rs:fit/g:sm/q:40/h:150/w:150/czM6Ly9kaXNjb2dz/LWRhdGFiYXNlLWlt/YWdlcy9SLTEyMTE4/ODY5LTE1NDMyMzgx/NTMtNzY2OC5qcGVn.jpeg,0,0,0,0,1771441853832,3,0.0,,label
12139709,921036,"The Third Annual War Child Fundraiser (Pt. 1)",Various,2018,CKNOW3-PT1,https://www.discogs.com/release/12139709,https://i.discogs.com/uuDDNkwN3wM2yYdvwEfSnNoaMp6gvORcgytlI3XaWNQ/rs:fit/g:sm/q:40/h:150/w:150/czM6Ly9kaXNjb2dz/LWRhdGFiYXNlLWlt/YWdlcy9SLTEyMTM5/NzA5LTE1Mjk2Nzg0/NTctMTcyNC5qcGVn.jpeg,0,0,0,0,1771441861415,13,0.0,,label
12157361,541304,Rigning,Yagya,2018,dsr-x14,https://www.discogs.com/release/12157361,https://i.discogs.com/Xm4MNUdiU6fpt_ymCi6bfdAvaiSKvzco6WHMvqnB1Us/rs:fit/g:sm/q:40/h:150/w:150/czM6Ly9kaXNjb2dz/LWRhdGFiYXNlLWlt/YWdlcy9SLTEyMTU3/MzYxLTE1Mjk0NDU3/OTQtMTI5OS5wbmc.jpeg,0,0,0,0,1771423599737,95,0.0,,label
12164699,921036,"The Third Annual War Child Fundraiser (Pt. 2)",Various,2018,CKNOW3-PT2,https://www.discogs.com/release/12164699,https://i.discogs.com/-ZN9DCgMztEyYm6vaWCfgrXhzf5KuB68UA1wsRde3Fk/rs:fit/g:sm/q:40/h:150/w:150/czM6Ly9kaXNjb2dz/LWRhdGFiYXNlLWlt/YWdlcy9SLTEyMTY0/Njk5LTE1Mjk2MDE3/MjItNjUzNy5qcGVn.jpeg,0,0,0,0,1771441861415,15,0.0,,label
12174875,1438825,"Planet Euphorique","Roza Terenzi, DJ Zozi",2018,PE001,https://www.discogs.com/release/12174875,https://i.discogs.com/hvQf7OkekPEpS_cM0gFm5DtDaxap5Ed17I42UMOEODs/rs:fit/g:sm/q:40/h:150/w:150/czM6Ly9kaXNjb2dz/LWRhdGFiYXNlLWlt/YWdlcy9SLTEyMTc0/ODc1LTE2MTIwMTY4/ODktMTgyOC5qcGVn.jpeg,1,1,0,0,1771441881057,1,1.0,,label
12176628,847737,"Music From The Luminous Void","Vactrol Park",2018,MTLP003,https://www.discogs.com/release/12176628,https://i.discogs.com/-V8jo9GBcA5ad8ZfhzjITbcUIT2jd0qDu0jgENGOvFc/rs:fit/g:sm/q:40/h:150/w:150/czM6Ly9kaXNjb2dz/LWRhdGFiYXNlLWlt/YWdlcy9SLTEyMTc2/NjI4LTE1Mjk4Mzk1/MjMtNDYxMy5qcGVn.jpeg,0,0,0,0,1771441863768,22,0.0,,label
12197865,921036,"The Third Annual War Child Fundraiser (Pt. 2)",Various,2018,CKNOW3-PT2,https://www.discogs.com/release/12197865,https://i.discogs.com/bZj9vpnEs6IGNOHn5x91vASI8FDtH4M4ulUCrAmc_Sw/rs:fit/g:sm/q:40/h:150/w:150/czM6Ly9kaXNjb2dz/LWRhdGFiYXNlLWlt/YWdlcy9SLTEyMTk3/ODY1LTE1MzAyODUw/NDMtODM4Ni5qcGVn.jpeg,0,0,0,0,1771441861415,16,0.0,,label
12214051,847737,"Saft 1","Die Orangen",2018,MT018,https://www.discogs.com/release/12214051,https://i.discogs.com/qt3Uy-U7r7ch5OS6sDol6Km1ik6nDxA6i67JMzC98DY/rs:fit/g:sm/q:40/h:150/w:150/czM6Ly9kaXNjb2dz/LWRhdGFiYXNlLWlt/YWdlcy9SLTEyMjE0/MDUxLTE1MzEwNzE4/MzgtNDE1OS5qcGVn.jpeg,0,0,0,0,1771441863768,24,0.0,,label
12214779,363756,"Dancer / Dreamer","Local Artist",2018,MH020,https://www.discogs.com/release/12214779,https://i.discogs.com/3DGzY4UvSyr76xUb-YuCbEV8xixFJhFS8qkHqXSMoSM/rs:fit/g:sm/q:40/h:150/w:150/czM6Ly9kaXNjb2dz/LWRhdGFiYXNlLWlt/YWdlcy9SLTEyMjE0/Nzc5LTE1MzU1MzI5/MjctNzk1NC5qcGVn.jpeg,1,0,0,0,1771423291453,50,0.0,"Track match issue: YouTube API error 403: {
  ""error"": {
    ""code"": 403,
    ""message"": ""Requests to this API youtube method youtube.api.v3.V3DataSearchService.List are blocked."",
    ""errors"": [
      {
        ""message"": ""Requests to this API youtube method youtube.api.v3.V3DataSearchService.List are blocked."",
        ""domain"": ""global"",
        ""reason"": ""forbidden""
      }
    ],
    ""status"": ""PERMISSION_DENIED"",
    ""details"": [
      {
        ""@type"": ""type.googleapis.com/google.rpc.ErrorInfo"",
        ""reason"": ""API_KEY_SERVICE_BLOCKED"",
        ""domain"": ""googleapis.com"",
        ""metadata"": {
          ""apiName"": ""youtube"",
          ""consumer"": ""projects/1097707475336"",
          ""methodName"": ""youtube.api.v3.V3DataSearchService.List"",
          ""service"": ""youtube.googleapis.com""
        }
      },
      {
        ""@type"": ""type.googleapis.com/google.rpc.LocalizedMessage"",
        ""locale"": ""en-US"",
        ""message"": ""Requests to this API youtube method youtube.api.v3.V3DataSearchService.List are blocked.""
      }
    ]
  }
}
",label
12223569,921036,"The Third Annual War Child Fundraiser (Pt. 1)",Various,2018,CKNOW3-PT1,https://www.discogs.com/release/12223569,https://i.discogs.com/IX2Mqxje-4qS_EizxDNItjAqJWnSzob-mxRZZ2GELF8/rs:fit/g:sm/q:40/h:150/w:150/czM6Ly9kaXNjb2dz/LWRhdGFiYXNlLWlt/YWdlcy9SLTEyMjIz/NTY5LTE1MzA4NDE3/MTYtOTExMy5qcGVn.jpeg,0,0,0,0,1771441861415,14,0.0,,label
12237332,921036,"Pioneers EP","Derek Carr",2018,CKNOWEP10,https://www.discogs.com/release/12237332,https://i.discogs.com/Tll2eVOWbdR9KwfqTmAXLNWpX33nVx5Qm-rkscpV77Q/rs:fit/g:sm/q:40/h:150/w:150/czM6Ly9kaXNjb2dz/LWRhdGFiYXNlLWlt/YWdlcy9SLTEyMjM3/MzMyLTE1MzU0Mzg3/MjMtNTUxNi5qcGVn.jpeg,0,0,0,0,1771441861415,28,0.0,,label
12242891,1438825,Key3,"Big Zen",2018,PE002,https://www.discogs.com/release/12242891,https://i.discogs.com/j_seMReR-ceRHyGZK-ldAyIkYyQJ8AJEWw1JtSjb8GQ/rs:fit/g:sm/q:40/h:150/w:150/czM6Ly9kaXNjb2dz/LWRhdGFiYXNlLWlt/YWdlcy9SLTEyMjQy/ODkxLTE1MzEyNTQz/MTAtMTQ0MC5qcGVn.jpeg,0,0,0,0,1771441861047,3,0.0,,label
12270060,1120990,"Foreign Depths",Urulu,2018,OYSTER11,https://www.discogs.com/release/12270060,https://i.discogs.com/ZHVWlfTlDjdNA5Lsyb-9lhKIYzwqGmAUo4JnFFB2xP4/rs:fit/g:sm/q:40/h:150/w:150/czM6Ly9kaXNjb2dz/LWRhdGFiYXNlLWlt/YWdlcy9SLTEyMjcw/MDYwLTE2MzY5MDQz/NjgtNTY2My5qcGVn.jpeg,0,0,0,0,1771441850683,31,0.0,,label
12273750,1247544,Shelter,Jamida,2018,HARMONY001,https://www.discogs.com/release/12273750,https://i.discogs.com/-tQi_ufsVmK5Zb02jItLdKSkiTojRQFhDjlHi1krpvU/rs:fit/g:sm/q:40/h:150/w:150/czM6Ly9kaXNjb2dz/LWRhdGFiYXNlLWlt/YWdlcy9SLTEyMjcz/NzUwLTE1MzIwOTM3/NDEtMzcyMC5qcGVn.jpeg,0,0,0,0,1771441860116,24,0.0,,label
12295135,847737,"Screaming Remixes Vol. 2","C Cat Trance",2018,MT013D,https://www.discogs.com/release/12295135,https://i.discogs.com/zTxU7kxLwr_IVbP7Ajduh4mRYXAbnUYahpG_QFezB84/rs:fit/g:sm/q:40/h:150/w:150/czM6Ly9kaXNjb2dz/LWRhdGFiYXNlLWlt/YWdlcy9SLTEyMjk1/MTM1LTE1MzIzNjA4/MzItNjMxNi5qcGVn.jpeg,0,0,0,0,1771441863768,71,0.0,,label
12327618,1159164,"Alishan Forest Railway / Housework","Jon Sable",,IDWT-004,https://www.discogs.com/releases/12327618,https://i.discogs.com/qNuhGTuC6gbiw_GTtdq6s2qlgvacdRExkiFr0ZeuHxk/rs:fit/g:sm/q:40/h:150/w:150/czM6Ly9kaXNjb2dz/LWRhdGFiYXNlLWlt/YWdlcy9SLTEyMzI3/NjE4LTE1NTEzMDU3/MTEtOTA3NC5qcGVn.jpeg,1,0,0,1,1771445244032,30,0.0,,discogs_want
12443151,1287914,"DTRT Dream During A Cold Winter","Matthias (52)",2018,SUPLU002,https://www.discogs.com/release/12443151,https://i.discogs.com/lPbwTFbcnsAPS6S0_EuWe3JTu7Osq9FcEtLxjwKbXg8/rs:fit/g:sm/q:40/h:150/w:150/czM6Ly9kaXNjb2dz/LWRhdGFiYXNlLWlt/YWdlcy9SLTEyNDQz/MTUxLTE1NDM1ODU5/MDctMTY5MC5qcGVn.jpeg,1,1,0,0,1771441873689,2,0.75,"Track match issue: YouTube quota exceeded for this key. Wait for quota reset or use another key.",label
12509486,952963,"ATIPICLAB 001",Arapu,2018,"ATIPICLAB 001",https://www.discogs.com/release/12509486,https://i.discogs.com/5Q_TsFQxnSTX44OTn40vu8_PIzPdga3-GfXNxbggJcY/rs:fit/g:sm/q:40/h:150/w:150/czM6Ly9kaXNjb2dz/LWRhdGFiYXNlLWlt/YWdlcy9SLTEyNTA5/NDg2LTE1NzY1NzE0/MTQtNjM2OS5qcGVn.jpeg,1,1,0,0,1771444160500,28,1.0,"Track match issue: FOREIGN KEY constraint failed",label
12578686,847737,Allenby,Plazmot,2018,MT019,https://www.discogs.com/release/12578686,https://i.discogs.com/4OMbRJU0D0oZtOwiVRoJbp2QxaGbOJWXH8dUwV5RIKg/rs:fit/g:sm/q:40/h:150/w:150/czM6Ly9kaXNjb2dz/LWRhdGFiYXNlLWlt/YWdlcy9SLTEyNTc4/Njg2LTE1Mzc5NzI0/NzMtNDY2Mi5qcGVn.jpeg,0,0,0,0,1771441863768,26,0.0,,label
12629679,952963,"Atipic 006","Alexis Cabrera",2018,"Atipic 006",https://www.discogs.com/release/12629679,https://i.discogs.com/NNryS3k4Whby3VnyHbxpvnMTc_81HGLWtpptz1RRlHQ/rs:fit/g:sm/q:40/h:150/w:150/czM6Ly9kaXNjb2dz/LWRhdGFiYXNlLWlt/YWdlcy9SLTEyNjI5/Njc5LTE1NDEwMTMw/OTctODQ3Mi5qcGVn.jpeg,1,0,0,0,1771443516971,4,0.0,"Track match issue: FOREIGN KEY constraint failed",label
12636367,1438825," Feel U  ","D. Tiffany",2018," PE003",https://www.discogs.com/release/12636367,https://i.discogs.com/8K3Y7M06wUFwqb46951XLEziTkM7yFCmrhUK2OHEKkY/rs:fit/g:sm/q:40/h:150/w:150/czM6Ly9kaXNjb2dz/LWRhdGFiYXNlLWlt/YWdlcy9SLTEyNjM2/MzY3LTE1Mzk3NjAw/NzAtOTMxMS5qcGVn.jpeg,0,0,0,0,1771441861047,5,0.0,,label
12636412,192926,"Åter",Ebende,,ANIARA24,https://www.discogs.com/releases/12636412,https://i.discogs.com/wzD0Krc9lZunnbWTRKAs2H5zZiCln6J4fFBICYGtYNM/rs:fit/g:sm/q:40/h:150/w:150/czM6Ly9kaXNjb2dz/LWRhdGFiYXNlLWlt/YWdlcy9SLTEyNjM2/NDEyLTE1NDA1NzE4/NjktNjc2MC5qcGVn.jpeg,1,0,0,1,1771445244032,6,0.0,,discogs_want
12636492,921036,"Hyper / Orbit","The Burrell Connection",2018,CKNOWEP11,https://www.discogs.com/release/12636492,https://i.discogs.com/fNsDoW-J3Ze6pExkpuSSUEIYj9eklccd-eyu5QEU5F4/rs:fit/g:sm/q:40/h:150/w:150/czM6Ly9kaXNjb2dz/LWRhdGFiYXNlLWlt/YWdlcy9SLTEyNjM2/NDkyLTE1Mzk4OTM1/NTYtOTMzNC5qcGVn.jpeg,0,0,0,0,1771441861415,32,0.0,,label
12646885,541304,"The Lost Day EP",Norken,2018,9dsr-re,https://www.discogs.com/release/12646885,https://i.discogs.com/uAJIziJkAg00rrx4PtCxdHTKydhCXV_yprc8bk7nfKM/rs:fit/g:sm/q:40/h:150/w:150/czM6Ly9kaXNjb2dz/LWRhdGFiYXNlLWlt/YWdlcy9SLTEyNjQ2/ODg1LTE1MzkyNzI5/ODMtNDY4NC5qcGVn.jpeg,0,0,0,0,1771423599737,96,0.0,,label
12654855,541304,"Anima Mundi","Vril (2)",2018,132dsr,https://www.discogs.com/release/12654855,https://i.discogs.com/I8-UVDY5r3nu_fy2_np3W9sLhwsFLLDt6KLKGkUajuY/rs:fit/g:sm/q:40/h:150/w:150/czM6Ly9kaXNjb2dz/LWRhdGFiYXNlLWlt/YWdlcy9SLTEyNjU0/ODU1LTE1Mzk0MzM4/NzEtNjM0Mi5qcGVn.jpeg,0,0,0,0,1771423599737,97,0.0,,label
12654922,541304,"Anima Mundi","Vril (2)",2018,132dsr,https://www.discogs.com/release/12654922,https://i.discogs.com/rcVSYWEm8Q66e2V2Qw-8dPpL-zWVFFpTO75HUfK5eBI/rs:fit/g:sm/q:40/h:150/w:150/czM6Ly9kaXNjb2dz/LWRhdGFiYXNlLWlt/YWdlcy9SLTEyNjU0/OTIyLTE1NDIyMjA0/NTctOTE3Ni5qcGVn.jpeg,0,0,0,0,1771423599737,98,0.0,,label
12713353,1120990,"Hand In Hand (The Remixes)","Erell Ranson",2018,OYSTER12,https://www.discogs.com/release/12713353,https://i.discogs.com/O0aber0vER6IHVL0I5FphjDikpmVRz2Vztr_cUxzuNs/rs:fit/g:sm/q:40/h:150/w:150/czM6Ly9kaXNjb2dz/LWRhdGFiYXNlLWlt/YWdlcy9SLTEyNzEz/MzUzLTE1NDA1NjIx/MDYtMjAzOC5qcGVn.jpeg,0,0,0,0,1771441850683,32,0.0,,label
12747144,847737,"Iron Muscle","Spectral Empire",2018,MT020,https://www.discogs.com/release/12747144,https://i.discogs.com/MeULOu0AhxoqM8CYM26KrOAxFl6l4kIMFl3_pyQxzH0/rs:fit/g:sm/q:40/h:150/w:150/czM6Ly9kaXNjb2dz/LWRhdGFiYXNlLWlt/YWdlcy9SLTEyNzQ3/MTQ0LTE1NDExNzk3/NzMtMTIwMC5wbmc.jpeg,0,0,0,0,1771441863768,77,0.0,,label
12747520,847737,"Khidja Și Balabaș","Khidja Și Balabaș*",2018,MT021,https://www.discogs.com/release/12747520,https://i.discogs.com/Ekh0azAkc8NaQ3wz9D6jqDloWD774asw-rjcDhl_wt8/rs:fit/g:sm/q:40/h:150/w:150/czM6Ly9kaXNjb2dz/LWRhdGFiYXNlLWlt/YWdlcy9SLTEyNzQ3/NTIwLTE1NDExODUw/MjAtNzg4Ny5wbmc.jpeg,0,0,0,0,1771441863768,28,0.0,,label
12770021,1390196,"Pilgrims Of The Rinde","Perishing Thirst",2018,NAFF004,https://www.discogs.com/release/12770021,https://i.discogs.com/YVObXtRVisAh-NAllC0FvA8ticOGQty-ePjOQG4Iygk/rs:fit/g:sm/q:40/h:150/w:150/czM6Ly9kaXNjb2dz/LWRhdGFiYXNlLWlt/YWdlcy9SLTEyNzcw/MDIxLTE1NDE2MDUz/NTAtMzg0My5naWY.jpeg,0,0,0,0,1771441853832,5,0.0,,label
12807898,1015857,"Mazatec EP",Various,2018,AOP004,https://www.discogs.com/release/12807898,https://i.discogs.com/feDQhk3hauwm48DGWFmRq3Yf-weJ1e7b2Ih0PjflhxQ/rs:fit/g:sm/q:40/h:150/w:150/czM6Ly9kaXNjb2dz/LWRhdGFiYXNlLWlt/YWdlcy9SLTEyODA3/ODk4LTE1NDIzNTQy/OTctNzE3My5qcGVn.jpeg,1,1,0,1,1771444141795,10,1.0,,label
12825657,1411307,"EYA 003",Various,2018,EYA003,https://www.discogs.com/release/12825657,https://i.discogs.com/cc5cvlXrG3oqhPa80IwEsFqGTdvRQ_dICoGW0A2_seM/rs:fit/g:sm/q:40/h:150/w:150/czM6Ly9kaXNjb2dz/LWRhdGFiYXNlLWlt/YWdlcy9SLTEyODI1/NjU3LTE1NzA0NjY5/MzktNzQ0Ny5qcGVn.jpeg,0,0,0,0,1771441863643,10,0.0,,label
12850078,541304,Vaxna,VC-118A,2018,dsr-x16,https://www.discogs.com/release/12850078,https://i.discogs.com/oLUXVaxyXhIpDFBxC5hJhqMes1OA9rv505XzjrCE2mc/rs:fit/g:sm/q:40/h:150/w:150/czM6Ly9kaXNjb2dz/LWRhdGFiYXNlLWlt/YWdlcy9SLTEyODUw/MDc4LTE1NDQ0NDk0/MjMtODY2Ni5qcGVn.jpeg,0,0,0,0,1771423599737,99,0.0,,label
12863054,1913682,"Let There Be Drums","La Batterie",2019,OYSTERTRIBE1,https://www.discogs.com/release/12863054,https://i.discogs.com/HuMk0mu0TlLyMlRq_psxyKmFLcLB7Xf-G_W_YPDdFsk/rs:fit/g:sm/q:40/h:150/w:150/czM6Ly9kaXNjb2dz/LWRhdGFiYXNlLWlt/YWdlcy9SLTEyODYz/MDU0LTE1NTE2NDc4/MDEtNjc2MS5qcGVn.jpeg,1,1,0,0,1771441858967,1,1.0,,label
12889076,921036,Boolean,"Carl Finlow*",2018,CKNOWEP12,https://www.discogs.com/release/12889076,https://i.discogs.com/loR-68ejIS4F-DaLiJQMUW9gTbA9EW0ciHYvXJnbvNc/rs:fit/g:sm/q:40/h:150/w:150/czM6Ly9kaXNjb2dz/LWRhdGFiYXNlLWlt/YWdlcy9SLTEyODg5/MDc2LTE1NDQ2NDI0/NTctMTY2My5qcGVn.jpeg,0,0,0,0,1771441861415,33,0.0,,label
12900916,1438825,"Freq Accident",Reptant,2018,PE004,https://www.discogs.com/release/12900916,https://i.discogs.com/ZUcoSJvGHmmJv5o6F08uHNunLS9T9maUem7WZ28AGz8/rs:fit/g:sm/q:40/h:150/w:150/czM6Ly9kaXNjb2dz/LWRhdGFiYXNlLWlt/YWdlcy9SLTEyOTAw/OTE2LTE1NDUxMzY3/OTYtNDU1My5qcGVn.jpeg,0,0,0,0,1771441861047,6,0.0,,label
12918816,921036,"The Snake Bites Twice",Posthuman,2018,CKNOWEP13,https://www.discogs.com/release/12918816,https://i.discogs.com/fO5QUAQDdtgChv7aGrXl-cvdigdA0UpFwcqUrGnSczE/rs:fit/g:sm/q:40/h:150/w:150/czM6Ly9kaXNjb2dz/LWRhdGFiYXNlLWlt/YWdlcy9SLTEyOTE4/ODE2LTE1NDQ3ODc3/OTEtOTMxMy5qcGVn.jpeg,0,0,0,0,1771441861415,34,0.0,,label
12922770,1438825,"Freq Accident",Reptant,2018,PE004,https://www.discogs.com/release/12922770,https://i.discogs.com/vc6l7LMmAzspp_IRRZrnbalnYYiUnmao5s59K4qO9fg/rs:fit/g:sm/q:40/h:150/w:150/czM6Ly9kaXNjb2dz/LWRhdGFiYXNlLWlt/YWdlcy9SLTEyOTIy/NzcwLTE1NDQ1OTk4/NTYtMTcxNy5qcGVn.jpeg,0,0,0,0,1771441861047,7,0.0,,label
12929463,852291,"Grizzly (Original Motion Picture Soundtrack)","Robert O. Ragland",2018,DDR609,https://www.discogs.com/release/12929463,https://i.discogs.com/w8zA4w-go65BgBaM5_lQdW767T5E85wkKwsRp4MEe1A/rs:fit/g:sm/q:40/h:150/w:150/czM6Ly9kaXNjb2dz/LWRhdGFiYXNlLWlt/YWdlcy9SLTEyOTI5/NDYzLTE2NTEwMDM4/ODQtNjE5NS5qcGVn.jpeg,0,0,0,0,1771441866461,73,0.0,,label
12931113,952963,"Atipic Lab 02",Faster,2018,ATIPICLAB002,https://www.discogs.com/release/12931113,https://i.discogs.com/2keQy8c7weUXiH2dUCDlkoKQQNJ-Eq_Ft7eVat8767w/rs:fit/g:sm/q:40/h:150/w:150/czM6Ly9kaXNjb2dz/LWRhdGFiYXNlLWlt/YWdlcy9SLTEyOTMx/MTEzLTE2ODQzNDYz/MjEtMjMzMi5qcGVn.jpeg,1,1,0,0,1771444205812,29,1.0,"Track match issue: FOREIGN KEY constraint failed",label
12944402,852291,"Fast Company (Original Motion Picture Soundtrack)","Fred Mollin And Larry Mollin",2017,DDR628,https://www.discogs.com/release/12944402,https://i.discogs.com/AsUI8BXFxZIfVqbEpvzoIHn8ce7g2VYoI_wIMVQZThQ/rs:fit/g:sm/q:40/h:150/w:150/czM6Ly9kaXNjb2dz/LWRhdGFiYXNlLWlt/YWdlcy9SLTEyOTQ0/NDAyLTE2ODMzOTc0/NjUtMTExNS5qcGVn.jpeg,0,0,0,0,1771441866461,5,0.0,,label
13034000,921036,"CKFM.029 - Live From Salon Zur Wilden Renate","The Burrell Connection",2018,CKFM029,https://www.discogs.com/release/13034000,https://i.discogs.com/KoP8wJBxWiB0d0qUCH7xwXlQrOklv8B1qxkTMhq0Ka4/rs:fit/g:sm/q:40/h:150/w:150/czM6Ly9kaXNjb2dz/LWRhdGFiYXNlLWlt/YWdlcy9SLTEzMDM0/MDAwLTE1NDY4NTkw/MjMtMjcyNC5wbmc.jpeg,0,0,0,0,1771441861415,10,0.0,,label
13039985,1120990,"What's Your Star Sign?",Liluzu,2019,OYSTER16,https://www.discogs.com/release/13039985,https://i.discogs.com/_BdES7uZKZMs5FAu2V_8CArS5d4zNwybuVQJgdB5AAo/rs:fit/g:sm/q:40/h:150/w:150/czM6Ly9kaXNjb2dz/LWRhdGFiYXNlLWlt/YWdlcy9SLTEzMDM5/OTg1LTE1NDY5Njg1/MTQtNTM3NC5qcGVn.jpeg,0,0,0,0,1771441850683,37,0.0,,label
13082695,847737,"Khidja Și Balabaș","Khidja Și Balabaș*",2019,"Malka Tuti 0021D",https://www.discogs.com/release/13082695,https://i.discogs.com/bVG4EL73vCTDPWA_Zz4Lgf6DUtnHPvl-fEyz9iGwQCc/rs:fit/g:sm/q:40/h:150/w:150/czM6Ly9kaXNjb2dz/LWRhdGFiYXNlLWlt/YWdlcy9SLTEzMDgy/Njk1LTE1NDc3NDMz/NzgtMzI0Ni5qcGVn.jpeg,0,0,0,0,1771441863768,37,0.0,,label
13083136,852291,"Watermelon Cookies","Zoë Poledouris-Roché*",2015,DDR604,https://www.discogs.com/release/13083136,https://i.discogs.com/nkuoZtjSHxGkCBR32HlCkAYBX9ybjqqxDTQPT03u8Bo/rs:fit/g:sm/q:40/h:150/w:150/czM6Ly9kaXNjb2dz/LWRhdGFiYXNlLWlt/YWdlcy9SLTEzMDgz/MTM2LTE1NDc3NDg5/MjgtOTAzMy5qcGVn.jpeg,0,0,0,0,1771441866461,68,0.0,,label
13106971,473973,"P & S","Omar* / Unai Trotti",2019,AOD002,https://www.discogs.com/release/13106971,https://i.discogs.com/N_B9YgAnwpyZykY2Q_etwBiRWdwGWoS16ODH93S8X8Q/rs:fit/g:sm/q:40/h:150/w:150/czM6Ly9kaXNjb2dz/LWRhdGFiYXNlLWlt/YWdlcy9SLTEzMTA2/OTcxLTE1NTE3MTQ0/NTgtNDQyMy5qcGVn.jpeg,0,0,0,0,1771441859879,3,0.0,,label
13110782,1247544,Lippa,"Alfred Czital",2019,HARMONY002,https://www.discogs.com/release/13110782,https://i.discogs.com/ZPg0fPB5MijTZCCnFdrT5MTg-gihjtKxsUUiobbIjwU/rs:fit/g:sm/q:40/h:150/w:150/czM6Ly9kaXNjb2dz/LWRhdGFiYXNlLWlt/YWdlcy9SLTEzMTEw/NzgyLTE1NDgyNDM2/MzEtMTA0NS5wbmc.jpeg,0,0,0,0,1771441860116,15,0.0,,label
13119457,21050,Re-Melted,Merv,,"Styrax Records - Merv",https://www.discogs.com/releases/13119457,https://i.discogs.com/uWYASnfk8XdCIufQoa0hpfG-L67fqvU50Pp4j06AdcQ/rs:fit/g:sm/q:40/h:150/w:150/czM6Ly9kaXNjb2dz/LWRhdGFiYXNlLWlt/YWdlcy9SLTEzMTE5/NDU3LTE1NTE4Njkx/NzctMTU1MC5qcGVn.jpeg,1,0,0,1,1771445244032,58,0.0,,discogs_want
13135961,952963,"Atipic Lab 03",Floog,2019,ATIPICLAB003,https://www.discogs.com/release/13135961,https://i.discogs.com/0OfPQcK01apsiMFEFnxUPUohBuDDxJTVezCP2lyQHU4/rs:fit/g:sm/q:40/h:150/w:150/czM6Ly9kaXNjb2dz/LWRhdGFiYXNlLWlt/YWdlcy9SLTEzMTM1/OTYxLTE1OTE0NTMw/MTUtNzA1My5qcGVn.jpeg,1,1,0,0,1771444208285,30,1.0,,label
13139301,21050,Re-Melted,Merv,,"Styrax Records - Merv",https://www.discogs.com/releases/13139301,https://i.discogs.com/jArK_kds1L9Qa_wEDobcjPm0gU0Fc6BDbIgMLLyUInw/rs:fit/g:sm/q:40/h:150/w:150/czM6Ly9kaXNjb2dz/LWRhdGFiYXNlLWlt/YWdlcy9SLTEzMTM5/MzAxLTE1NzAzNzQ1/NTktMzY5Ny5qcGVn.jpeg,1,0,0,1,1771445244032,57,0.0,,discogs_want
13144981,1120990,"Indians And Aliens","DJ Trance And Darwin Chamber",2019,OYSTER14,https://www.discogs.com/release/13144981,https://i.discogs.com/xY16Cpdqz5bhep299p-dj1igkUFTzdLUAkKHk5g2mV4/rs:fit/g:sm/q:40/h:150/w:150/czM6Ly9kaXNjb2dz/LWRhdGFiYXNlLWlt/YWdlcy9SLTEzMTQ0/OTgxLTE1NDg5NDMw/NDItMjkyMy5qcGVn.jpeg,0,0,0,0,1771441850683,33,0.0,,label
13152491,852291,"The Lee Holdridge Collection, Volume 1: The Pilot's Wife / The Tenth Man","Lee Holdridge",2018,DDR632,https://www.discogs.com/release/13152491,https://i.discogs.com/PrmnddBoCa6LYpmRmkKVbleqqRR2jAqLBUYo8zyyN24/rs:fit/g:sm/q:40/h:150/w:150/czM6Ly9kaXNjb2dz/LWRhdGFiYXNlLWlt/YWdlcy9SLTEzMTUy/NDkxLTE1NDg5NjQ5/MDMtNzUyOS5qcGVn.jpeg,0,0,0,0,1771441866461,93,0.0,,label
13153339,852291,"The Paul Chihara Collection, Volume 1: The Documentaries--Music From The Mississippi (1977)","Paul Chihara",2018,DDR611,https://www.discogs.com/release/13153339,https://i.discogs.com/GF1T9aZJnqOmpE9JU3sRVFm24QQQ1Bo09eEGptmNgJk/rs:fit/g:sm/q:40/h:150/w:150/czM6Ly9kaXNjb2dz/LWRhdGFiYXNlLWlt/YWdlcy9SLTEzMTUz/MzM5LTE1NDg5NzY3/NDctODMxNS5qcGVn.jpeg,0,0,0,0,1771441866461,75,0.0,,label
13155148,1049780,"The Far Center EP",Metamatics,,SCRTC006,https://www.discogs.com/releases/13155148,https://i.discogs.com/q1bESd2iJaJuwe93AURGgiA1IIJgzZM4CS5QmV6Z5yA/rs:fit/g:sm/q:40/h:150/w:150/czM6Ly9kaXNjb2dz/LWRhdGFiYXNlLWlt/YWdlcy9SLTEzMTU1/MTQ4LTE1NDkwMjE5/ODgtNTQ4MC5wbmc.jpeg,1,0,0,1,1771445244032,51,0.0,,discogs_want
13156616,852291,Windwalker,"Merrill Jenson",2018,DDR631,https://www.discogs.com/release/13156616,https://i.discogs.com/oOOfvitAYQhcUV5OimBnxkbpSG-dFvfnkbcihhI4n2M/rs:fit/g:sm/q:40/h:150/w:150/czM6Ly9kaXNjb2dz/LWRhdGFiYXNlLWlt/YWdlcy9SLTEzMTU2/NjE2LTE2NzkzOTEw/NzMtMTIzMC5qcGVn.jpeg,0,0,0,0,1771441866461,92,0.0,,label
13180668,1390196,"Pilgrims Of The Rinde","Perishing Thirst",2018,NAFF004,https://www.discogs.com/release/13180668,,0,0,0,0,1771441853832,4,0.0,,label
13185225,1592903,Meshed,Sard,2018,FRS002,https://www.discogs.com/release/13185225,https://i.discogs.com/1IyRfNNcMClPNuKY6XaiczHYb-IkTODFVJiObXcj4T8/rs:fit/g:sm/q:40/h:150/w:150/czM6Ly9kaXNjb2dz/LWRhdGFiYXNlLWlt/YWdlcy9SLTEzMTg1/MjI1LTE1NDk1NjA5/MzItOTk5OC5qcGVn.jpeg,0,0,0,0,1771441866063,4,0.0,,label
13185270,1592903,"Loud World",Hypervigilance,2018,FRS001,https://www.discogs.com/release/13185270,https://i.discogs.com/SgPrvhrjtdjKL9_k2fT0o7X8sGNh1xbQJvEjyD06kB0/rs:fit/g:sm/q:40/h:150/w:150/czM6Ly9kaXNjb2dz/LWRhdGFiYXNlLWlt/YWdlcy9SLTEzMTg1/MjcwLTE1NDk1NjE0/MDEtOTcxNy5qcGVn.jpeg,0,0,0,0,1771441866063,3,0.0,,label
13241196,921036,"The Ultimate Wave Riding Vehicle","Jensen Interceptor (2)",2019,CKNOWEP14,https://www.discogs.com/release/13241196,https://i.discogs.com/oSqKIM-5jWq8euzIzxTcMa3f9pr5YUcCj02zGcC529Y/rs:fit/g:sm/q:40/h:150/w:150/czM6Ly9kaXNjb2dz/LWRhdGFiYXNlLWlt/YWdlcy9SLTEzMjQx/MTk2LTE1NTE3MzA0/MzctMTIxNS5qcGVn.jpeg,0,0,0,0,1771441861415,36,0.0,,label
13251390,1159164,"Orange Blank / Green Dove","Chaos In The Cbd",,IDWT-006,https://www.discogs.com/releases/13251390,https://i.discogs.com/qsX576OCj2wwRd2iEf2jmPljPbVG1ThqnHXxVEjk6K0/rs:fit/g:sm/q:40/h:150/w:150/czM6Ly9kaXNjb2dz/LWRhdGFiYXNlLWlt/YWdlcy9SLTEzMjUx/MzkwLTE3MTg5MTc3/MDQtNzQxOS5qcGVn.jpeg,1,0,0,1,1771445244032,31,0.0,,discogs_want
13251425,952963,"ATIPIC 007",Romar,2019,"Atipic 007",https://www.discogs.com/release/13251425,https://i.discogs.com/PYyXjiFNFSXpHdwKxsK-E9Q7gLYxDTcv8G9WXYjuQv4/rs:fit/g:sm/q:40/h:150/w:150/czM6Ly9kaXNjb2dz/LWRhdGFiYXNlLWlt/YWdlcy9SLTEzMjUx/NDI1LTE1NTEyMDMx/NjAtNjA0Ny5qcGVn.jpeg,1,1,0,0,1771444127022,12,1.0,"Track match issue: FOREIGN KEY constraint failed",label
13272164,921036,"Acid Eater / Burning Diesel",Textasy,2019,EVIL001,https://www.discogs.com/release/13272164,https://i.discogs.com/z2fVld5T9KtUmJLqALsi36rsH3-gBFnJsSbCgFExOUY/rs:fit/g:sm/q:40/h:150/w:150/czM6Ly9kaXNjb2dz/LWRhdGFiYXNlLWlt/YWdlcy9SLTEzMjcy/MTY0LTE1NTExMjIx/NzctMjM5Ni5qcGVn.jpeg,1,1,0,0,1771441864921,0,1.0,,label
13273924,1438825,Overcast,"Nite Fleit",2019,PE005,https://www.discogs.com/release/13273924,https://i.discogs.com/RCQ9VopReO9YE4Ptn32xDesWsfwj1kVgLXt61V109y4/rs:fit/g:sm/q:40/h:150/w:150/czM6Ly9kaXNjb2dz/LWRhdGFiYXNlLWlt/YWdlcy9SLTEzMjcz/OTI0LTE1NTU2OTAz/NzItMjEwNC5qcGVn.jpeg,0,0,0,0,1771441861047,10,0.0,,label
13274881,1120990,"Chaos Light EP","Flora FM",2019,OYSTER17,https://www.discogs.com/release/13274881,https://i.discogs.com/e2I2vr-U1i0-1e2xElmiCqkmjkBnJphOJLHHkavcWKA/rs:fit/g:sm/q:40/h:150/w:150/czM6Ly9kaXNjb2dz/LWRhdGFiYXNlLWlt/YWdlcy9SLTEzMjc0/ODgxLTE1NTExODUx/MTYtNjY5MS5qcGVn.jpeg,0,0,0,0,1771441850683,38,0.0,,label
13280930,847737,"Saft 2","Die Orangen",2019,MT022,https://www.discogs.com/release/13280930,https://i.discogs.com/9qtR50W3nSLUm7YOc2XmKEuLrT8dGWFerzzcarYMxS4/rs:fit/g:sm/q:40/h:150/w:150/czM6Ly9kaXNjb2dz/LWRhdGFiYXNlLWlt/YWdlcy9SLTEzMjgw/OTMwLTE1NTE5NTYz/NzQtNjE1NC5qcGVn.jpeg,0,0,0,0,1771441863768,29,0.0,,label
13300305,1287914,"Hyper Destiny","Crew One",2019,none,https://www.discogs.com/release/13300305,https://i.discogs.com/ebv31NX5NbOI-P5RwR6oVPDxhaDuwVJTr5eFZOX5s6o/rs:fit/g:sm/q:40/h:150/w:150/czM6Ly9kaXNjb2dz/LWRhdGFiYXNlLWlt/YWdlcy9SLTEzMzAw/MzA1LTE1NTE2NTA1/ODMtOTU0Ni5qcGVn.jpeg,1,1,0,0,1771441896997,3,0.777777777777778,"Track match issue: YouTube quota exceeded for this key. Wait for quota reset or use another key.",label
13300359,1287914,"Hyper Destiny","Crew One",2019,none,https://www.discogs.com/release/13300359,https://i.discogs.com/seWvkjzOsERM_xCHxShfYwPutTAGtf2IzBKchiqjPmI/rs:fit/g:sm/q:40/h:150/w:150/czM6Ly9kaXNjb2dz/LWRhdGFiYXNlLWlt/YWdlcy9SLTEzMzAw/MzU5LTE2Mzk3Mzk1/OTMtMzYzMC5qcGVn.jpeg,0,0,0,0,1771441851663,4,0.0,,label
13322214,921036,"The Snake Bites Twice",Posthuman,2018,CKNOWEP13,https://www.discogs.com/release/13322214,https://i.discogs.com/6SlaP8saMTNOg_i8NSAbWurknO5CaRUiEGor5CHAUdA/rs:fit/g:sm/q:40/h:150/w:150/czM6Ly9kaXNjb2dz/LWRhdGFiYXNlLWlt/YWdlcy9SLTEzMzIy/MjE0LTE1NTMyMTE1/MDMtNDE4MS5qcGVn.jpeg,0,0,0,0,1771441861415,35,0.0,,label
13326006,952963,"Atipic Lab 04",Cosmjn,2019,ATIPICLAB004,https://www.discogs.com/release/13326006,https://i.discogs.com/W9MVIX7rSfR6sFfFyeYLy7IPUXYg4ZmmonnCdjTybQg/rs:fit/g:sm/q:40/h:150/w:150/czM6Ly9kaXNjb2dz/LWRhdGFiYXNlLWlt/YWdlcy9SLTEzMzI2/MDA2LTE1NzAyODUz/NTgtNzI1NC5qcGVn.jpeg,1,1,0,0,1771444209469,31,1.0,,label
13360938,921036,"The Ultimate Wave Riding Vehicle","Jensen Interceptor (2)",2019,CKNOWEP14,https://www.discogs.com/release/13360938,https://i.discogs.com/Mi00I1W8OenBIp_B2UstXnnmvnhPyT6OOJ0VxbWVEVY/rs:fit/g:sm/q:40/h:150/w:150/czM6Ly9kaXNjb2dz/LWRhdGFiYXNlLWlt/YWdlcy9SLTEzMzYw/OTM4LTE1NTI3NTYy/OTAtMTY5MC5qcGVn.jpeg,0,0,0,0,1771441861415,37,0.0,,label
13449056,1390196,"TV Science","ANF (4)",2019,NAFF005,https://www.discogs.com/release/13449056,https://i.discogs.com/S0iNOtSsfek9sVlqyfmlkLzAtzMmWyuqec_XNeoMYR0/rs:fit/g:sm/q:40/h:150/w:150/czM6Ly9kaXNjb2dz/LWRhdGFiYXNlLWlt/YWdlcy9SLTEzNDQ5/MDU2LTE1NTYzMjcy/MzItMTYyNC5qcGVn.jpeg,0,0,0,0,1771441853832,6,0.0,,label
13458846,1592903,Deferment,"Erika Glück",2019,FRS003,https://www.discogs.com/release/13458846,https://i.discogs.com/zbL19IgAz-sD89jnejuMVtzOAn6pcTTpzGRDl0XWNaw/rs:fit/g:sm/q:40/h:150/w:150/czM6Ly9kaXNjb2dz/LWRhdGFiYXNlLWlt/YWdlcy9SLTEzNDU4/ODQ2LTE1NTQ1OTkz/MTctNzU3MC5qcGVn.jpeg,0,0,0,0,1771441866063,5,0.0,,label
13493379,1038740,"Superluminal X Discarded Gems","Matthias (52), Ancut",2019,SUPERLUMINAL-X-DISCARDED-01,https://www.discogs.com/release/13493379,https://i.discogs.com/Yg3u0qyq75tYtDB7PuJVzNWVxw2EsGXA5enRPTO7LQ0/rs:fit/g:sm/q:40/h:150/w:150/czM6Ly9kaXNjb2dz/LWRhdGFiYXNlLWlt/YWdlcy9SLTEzNDkz/Mzc5LTE1NTUyNDY3/NzUtMzUzMC5qcGVn.jpeg,1,1,0,0,1771448002905,14,1.0,,label
13503400,1913682,Tikitaka,Tambura,2019,OYSTERTRIBE2,https://www.discogs.com/release/13503400,https://i.discogs.com/OA8bsLuLrxtybJIMw-KppeINHOVhB3yUzwwt5sHh3Ng/rs:fit/g:sm/q:40/h:150/w:150/czM6Ly9kaXNjb2dz/LWRhdGFiYXNlLWlt/YWdlcy9SLTEzNTAz/NDAwLTE1NTU0MzM3/NTUtNTc5NC5qcGVn.jpeg,1,1,0,0,1771441876582,2,0.8,"Track match issue: YouTube quota exceeded for this key. Wait for quota reset or use another key.",label
13537328,1411307,"EYA 004","Jos (30), Evil Knebel, Poten (2)",2019,"EYA 004",https://www.discogs.com/release/13537328,https://i.discogs.com/nfNEMOTFLMrd4Vk-oEz_XNfH4N7sidNN_R91OIBeEB8/rs:fit/g:sm/q:40/h:150/w:150/czM6Ly9kaXNjb2dz/LWRhdGFiYXNlLWlt/YWdlcy9SLTEzNTM3/MzI4LTE1NzA0Njcx/NDgtNTMyMi5qcGVn.jpeg,0,0,0,0,1771441863643,3,0.0,,label
13594488,363756,"Third Space","People Plus",2019,MH021,https://www.discogs.com/release/13594488,https://i.discogs.com/g4aYi4XwzAKQBpzmAvswjPsEeLQlBbvAKeAVuyC59l8/rs:fit/g:sm/q:40/h:150/w:150/czM6Ly9kaXNjb2dz/LWRhdGFiYXNlLWlt/YWdlcy9SLTEzNTk0/NDg4LTE1NTc4NzQy/NjEtNzk5MS5qcGVn.jpeg,1,0,0,0,1771423293814,51,0.0,"Track match issue: YouTube API error 403: {
  ""error"": {
    ""code"": 403,
    ""message"": ""Requests to this API youtube method youtube.api.v3.V3DataSearchService.List are blocked."",
    ""errors"": [
      {
        ""message"": ""Requests to this API youtube method youtube.api.v3.V3DataSearchService.List are blocked."",
        ""domain"": ""global"",
        ""reason"": ""forbidden""
      }
    ],
    ""status"": ""PERMISSION_DENIED"",
    ""details"": [
      {
        ""@type"": ""type.googleapis.com/google.rpc.ErrorInfo"",
        ""reason"": ""API_KEY_SERVICE_BLOCKED"",
        ""domain"": ""googleapis.com"",
        ""metadata"": {
          ""service"": ""youtube.googleapis.com"",
          ""apiName"": ""youtube"",
          ""methodName"": ""youtube.api.v3.V3DataSearchService.List"",
          ""consumer"": ""projects/1097707475336""
        }
      },
      {
        ""@type"": ""type.googleapis.com/google.rpc.LocalizedMessage"",
        ""locale"": ""en-US"",
        ""message"": ""Requests to this API youtube method youtube.api.v3.V3DataSearchService.List are blocked.""
      }
    ]
  }
}
",label
13613693,847737,Ghana,Tapan,2019,MT023,https://www.discogs.com/release/13613693,https://i.discogs.com/EMWdeojPyRL0J5cc0qoIog3aCeJtreb5jjCtX83U-g0/rs:fit/g:sm/q:40/h:150/w:150/czM6Ly9kaXNjb2dz/LWRhdGFiYXNlLWlt/YWdlcy9SLTEzNjEz/NjkzLTE1NTc1Mjg3/NjctNzIyNy5qcGVn.jpeg,0,0,0,0,1771441863768,80,0.0,,label
13657583,1438825,"Tack ","Ambien Baby",2019,"PE006 ",https://www.discogs.com/release/13657583,https://i.discogs.com/7pn8nZduuUAL02AH6ikLMghg4ueO-lwfPGYa0LwVBIw/rs:fit/g:sm/q:40/h:150/w:150/czM6Ly9kaXNjb2dz/LWRhdGFiYXNlLWlt/YWdlcy9SLTEzNjU3/NTgzLTE1NTg0NDMw/NjAtMjA0OC5qcGVn.jpeg,0,0,0,0,1771441861047,11,0.0,,label
13657670,921036,"Where Do We Go From Here?","No Moon",2019,CKNOWEP15,https://www.discogs.com/release/13657670,https://i.discogs.com/rNpN0rlKNrAWwXmUcYdllLrKgsvNMIj-_eAWqbqz8xw/rs:fit/g:sm/q:40/h:150/w:150/czM6Ly9kaXNjb2dz/LWRhdGFiYXNlLWlt/YWdlcy9SLTEzNjU3/NjcwLTE1NjQ2NzM2/MDItMTk0NS5qcGVn.jpeg,0,0,0,0,1771441861415,38,0.0,,label
13673119,1468696,"One Who Can See In The Dark",Barac,,SHMN002,https://www.discogs.com/releases/13673119,https://i.discogs.com/bxC6rOnis1_j0NVdaPCwCBhmF77D9SY1UrBzYVCS98w/rs:fit/g:sm/q:40/h:150/w:150/czM6Ly9kaXNjb2dz/LWRhdGFiYXNlLWlt/YWdlcy9SLTEzNjcz/MTE5LTE1NTg3Mzk5/NzctMzY1OS5qcGVn.jpeg,1,0,0,1,1771445244032,52,0.0,,discogs_want
13689963,921036,"New Advancements In Lizard Tech™",Reptant,2019,CKNOWEP17,https://www.discogs.com/release/13689963,,0,0,0,0,1771441861415,42,0.0,,label
13699215,847737,"Holiday In Panikstrasse Part 1","Cosmo Vitelli",2019,"Malka Tuti LP 005 A digital",https://www.discogs.com/release/13699215,https://i.discogs.com/qFR3ncbms_5_J3o8sIF2LFkPS0R9u1xbS01WOrPfx2E/rs:fit/g:sm/q:40/h:150/w:150/czM6Ly9kaXNjb2dz/LWRhdGFiYXNlLWlt/YWdlcy9SLTEzNjk5/MjE1LTE1NTkyNzY4/MjgtOTQ2NS5qcGVn.jpeg,0,0,0,0,1771441863768,40,0.0,,label
13701147,921036,"Pioneers EP","Derek Carr",2018,CKNOWEP10,https://www.discogs.com/release/13701147,https://i.discogs.com/Ntu4ohBK9R8D1IKnm2_Nw8Cns_xOJnDHbg--Nf60WIk/rs:fit/g:sm/q:40/h:150/w:150/czM6Ly9kaXNjb2dz/LWRhdGFiYXNlLWlt/YWdlcy9SLTEzNzAx/MTQ3LTE1NTkzMTcw/NTgtMTUxOS5qcGVn.jpeg,0,0,0,0,1771441861415,29,0.0,,label
13729574,473973,"Lucas96 EP","Daïf / DC EFX",2019,AOD003,https://www.discogs.com/release/13729574,https://i.discogs.com/VofJl6NRGjmwWv9g1gXfPyjcbfQeulTci_tlY0has4g/rs:fit/g:sm/q:40/h:150/w:150/czM6Ly9kaXNjb2dz/LWRhdGFiYXNlLWlt/YWdlcy9SLTEzNzI5/NTc0LTE3Mjg5MTM0/OTQtMzU2OS5qcGVn.jpeg,0,0,0,0,1771441859879,4,0.0,,label
13734491,921036,"Safe EP","John Daly",2019,CKNOWEP16,https://www.discogs.com/release/13734491,https://i.discogs.com/J2z0pkDesNbtXWTqG8wfPhiROz4Job4WAL3TNTSwlxQ/rs:fit/g:sm/q:40/h:150/w:150/czM6Ly9kaXNjb2dz/LWRhdGFiYXNlLWlt/YWdlcy9SLTEzNzM0/NDkxLTE1NjQ2NzM1/NTItOTY2NS5qcGVn.jpeg,0,0,0,0,1771441861415,40,0.0,,label
13775286,1038740," Superluminal X Discarded Gems  ","Matthias (52) / Ancut",2019,"SUPERLUMINAL-X-DISCARDED-01 ",https://www.discogs.com/release/13775286,https://i.discogs.com/MX0zTK6xwXZ43Pzk5GO9cMvG1ti1vW81FERlik8mWM4/rs:fit/g:sm/q:40/h:150/w:150/czM6Ly9kaXNjb2dz/LWRhdGFiYXNlLWlt/YWdlcy9SLTEzNzc1/Mjg2LTE2MDUzODA0/NzAtNDMxNy5qcGVn.jpeg,1,1,0,0,1771448006919,15,1.0,,label
13829339,921036,"Spasm / Turbulence","Maelstrom (2)",2019,EVIL002,https://www.discogs.com/release/13829339,https://i.discogs.com/_fsC3ugJL4HpDxvm2VC67cnLy2zsIQ35x_ZCENaBh-c/rs:fit/g:sm/q:40/h:150/w:150/czM6Ly9kaXNjb2dz/LWRhdGFiYXNlLWlt/YWdlcy9SLTEzODI5/MzM5LTE1NzU0OTY2/MzMtNDkxMC5qcGVn.jpeg,1,1,0,0,1771441879994,2,1.0,,label
13829361,1411307,"EYA 005",Various,2019,"EYA 005",https://www.discogs.com/release/13829361,https://i.discogs.com/l6qsVoMdv2HqPa9fEEIzhPt5Q2lDc44LwENdQLK85A8/rs:fit/g:sm/q:40/h:150/w:150/czM6Ly9kaXNjb2dz/LWRhdGFiYXNlLWlt/YWdlcy9SLTEzODI5/MzYxLTE1NjIwNjI3/MDEtNzgxOS5qcGVn.jpeg,0,0,0,0,1771441863643,4,0.0,,label
13829416,921036,"New Advancements In Lizard Tech™",Reptant,2019,CKNOWEP17,https://www.discogs.com/release/13829416,https://i.discogs.com/qQyCsH5UYTC7wfKFnxt-D5jjhTyFZ15B9JX83piKL1c/rs:fit/g:sm/q:40/h:150/w:150/czM6Ly9kaXNjb2dz/LWRhdGFiYXNlLWlt/YWdlcy9SLTEzODI5/NDE2LTE1NjQwNzI3/OTQtOTkxOC5qcGVn.jpeg,0,0,0,0,1771441861415,4,0.0,,label
13833487,363756,"Gemini Month","Ciao (9)",2019,MH022,https://www.discogs.com/release/13833487,https://i.discogs.com/SxINPKDYb2IizcvI-SPL_n6_gsj0WSn132NIwWRJ-Xs/rs:fit/g:sm/q:40/h:150/w:150/czM6Ly9kaXNjb2dz/LWRhdGFiYXNlLWlt/YWdlcy9SLTEzODMz/NDg3LTE1NjIyODI1/NzctODY4OS5qcGVn.jpeg,1,0,0,0,1771423296587,52,0.0,"Track match issue: YouTube API error 403: {
  ""error"": {
    ""code"": 403,
    ""message"": ""Requests to this API youtube method youtube.api.v3.V3DataSearchService.List are blocked."",
    ""errors"": [
      {
        ""message"": ""Requests to this API youtube method youtube.api.v3.V3DataSearchService.List are blocked."",
        ""domain"": ""global"",
        ""reason"": ""forbidden""
      }
    ],
    ""status"": ""PERMISSION_DENIED"",
    ""details"": [
      {
        ""@type"": ""type.googleapis.com/google.rpc.ErrorInfo"",
        ""reason"": ""API_KEY_SERVICE_BLOCKED"",
        ""domain"": ""googleapis.com"",
        ""metadata"": {
          ""service"": ""youtube.googleapis.com"",
          ""consumer"": ""projects/1097707475336"",
          ""apiName"": ""youtube"",
          ""methodName"": ""youtube.api.v3.V3DataSearchService.List""
        }
      },
      {
        ""@type"": ""type.googleapis.com/google.rpc.LocalizedMessage"",
        ""locale"": ""en-US"",
        ""message"": ""Requests to this API youtube method youtube.api.v3.V3DataSearchService.List are blocked.""
      }
    ]
  }
}
",label
13835903,847737,Alaska,Kapitan,2019,"Malka Tuti LP 006 D",https://www.discogs.com/release/13835903,https://i.discogs.com/TfIermU8rPXRMFspvd7h6XEuhUjB9eQdTyzjEad7-lU/rs:fit/g:sm/q:40/h:150/w:150/czM6Ly9kaXNjb2dz/LWRhdGFiYXNlLWlt/YWdlcy9SLTEzODM1/OTAzLTE1NjIyMTIw/MjktNTkyMC5qcGVn.jpeg,0,0,0,0,1771441863768,42,0.0,,label
13855543,1438825,"Tiny Planet Volume 1",Various,2019,"PE007 ",https://www.discogs.com/release/13855543,https://i.discogs.com/NF4jsIiPz3Si0M5HmJh13Yl8J8WcEf-Q66SsqQ8UhHU/rs:fit/g:sm/q:40/h:150/w:150/czM6Ly9kaXNjb2dz/LWRhdGFiYXNlLWlt/YWdlcy9SLTEzODU1/NTQzLTE1NjMxNDcx/NDgtODcwOS5qcGVn.jpeg,0,0,0,0,1771441861047,12,0.0,,label
13861175,1592903,"606 Trax","Russell E.L. Butler*",2019,FRS004,https://www.discogs.com/release/13861175,https://i.discogs.com/eL3xbywX308l4bTULKGf2XipNFKPvC97mT1-tcDdFFo/rs:fit/g:sm/q:40/h:150/w:150/czM6Ly9kaXNjb2dz/LWRhdGFiYXNlLWlt/YWdlcy9SLTEzODYx/MTc1LTE1NjI3Nzk4/NDctNDgyMS5qcGVn.jpeg,0,0,0,0,1771441866063,6,0.0,,label
13883535,921036,"Strings Of Love EP  ","Fabio Monesi",2019,"CKNOWEP18 ",https://www.discogs.com/release/13883535,https://i.discogs.com/86rC2ncOEm5W29-4hcYSpB1HTHeBi3dhMHiFMu4tf8w/rs:fit/g:sm/q:40/h:150/w:150/czM6Ly9kaXNjb2dz/LWRhdGFiYXNlLWlt/YWdlcy9SLTEzODgz/NTM1LTE1NjQ2NzM0/NzYtNjk0OS5qcGVn.jpeg,0,0,0,0,1771441861415,44,0.0,,label
13923072,847737,"Remix Pack 1",Various,2019,MT0024,https://www.discogs.com/release/13923072,https://i.discogs.com/tf2CkMRTMizT7ehCAoTGPsDjMi4gWxxqBW6e16pZ2BU/rs:fit/g:sm/q:40/h:150/w:150/czM6Ly9kaXNjb2dz/LWRhdGFiYXNlLWlt/YWdlcy9SLTEzOTIz/MDcyLTE1NjQxNTM1/MTctODU3Ny5qcGVn.jpeg,0,0,0,0,1771441863768,52,0.0,,label
13943057,952963,"Atipic Lab 05","Vlad Arapașu",2019,ATIPICLAB005,https://www.discogs.com/release/13943057,https://i.discogs.com/FW72_8oKIrfaJWwmyrAh_kHm2np0_NYrUsoTSI_p1hU/rs:fit/g:sm/q:40/h:150/w:150/czM6Ly9kaXNjb2dz/LWRhdGFiYXNlLWlt/YWdlcy9SLTEzOTQz/MDU3LTE1NjQ1ODQ2/MTEtNDU3Ny5qcGVn.jpeg,1,1,0,0,1771444323650,32,1.0,,label
13956110,921036,"Strings Of Love EP  ","Fabio Monesi",2019,"CKNOWEP18 ",https://www.discogs.com/release/13956110,https://i.discogs.com/5j1eikVCu9NGjLX_cLHw5CGiuBdKfG3cFRdCOdXh4gg/rs:fit/g:sm/q:40/h:150/w:150/czM6Ly9kaXNjb2dz/LWRhdGFiYXNlLWlt/YWdlcy9SLTEzOTU2/MTEwLTE1NjQ4NjE1/NzQtMTUwNS5qcGVn.jpeg,0,0,0,0,1771441861415,45,0.0,,label
13980432,1390196,"On A Nimbus","Priori (2)",2019,NAFF006,https://www.discogs.com/release/13980432,https://i.discogs.com/vPS87hJP__7nkCfCJiJ3FXOOzVqPgdUwQ6K9Y4SaZH4/rs:fit/g:sm/q:40/h:150/w:150/czM6Ly9kaXNjb2dz/LWRhdGFiYXNlLWlt/YWdlcy9SLTEzOTgw/NDMyLTE1NjUzODcz/MzAtMzc2NC5wbmc.jpeg,0,0,0,0,1771441853832,7,0.0,,label
13989685,952963,Atipic008,ardb,2019,"Atipic 008",https://www.discogs.com/release/13989685,https://i.discogs.com/kBMCOdN5ZMfLXDkRR7kSFDiZAVGJrPISHAdb49Hz644/rs:fit/g:sm/q:40/h:150/w:150/czM6Ly9kaXNjb2dz/LWRhdGFiYXNlLWlt/YWdlcy9SLTEzOTg5/Njg1LTE1NjU1ODk3/NTYtMTM2MS5qcGVn.jpeg,1,1,0,0,1771444132324,13,1.0,,label
13996027,921036,"Safe EP","John Daly",2019,CKNOWEP16,https://www.discogs.com/release/13996027,https://i.discogs.com/ZEAomUMRP_XPvS8N5W-RDrSHJpwwLevdtPfIAHom2eE/rs:fit/g:sm/q:40/h:150/w:150/czM6Ly9kaXNjb2dz/LWRhdGFiYXNlLWlt/YWdlcy9SLTEzOTk2/MDI3LTE1NjU3MTc1/ODAtNTgyMi5qcGVn.jpeg,0,0,0,0,1771441861415,41,0.0,,label
14002348,1120990,"Maze Dream EP","A Psychic Yes",2019,OYSTER18,https://www.discogs.com/release/14002348,https://i.discogs.com/aS4emRRm5Um8zQMtB5wEXTKLU9nXSjeZkbEZMnCgUNw/rs:fit/g:sm/q:40/h:150/w:150/czM6Ly9kaXNjb2dz/LWRhdGFiYXNlLWlt/YWdlcy9SLTE0MDAy/MzQ4LTE1NjU4NjMw/MjQtMzUyNC5qcGVn.jpeg,0,0,0,0,1771441850683,40,0.0,,label
14005827,852291,"Assault On A Queen","Duke Ellington",2016,DDR621,https://www.discogs.com/release/14005827,https://i.discogs.com/78surNjASzvX0LlZ7sf3lV354x234oxLpOIpZRzXTIg/rs:fit/g:sm/q:40/h:150/w:150/czM6Ly9kaXNjb2dz/LWRhdGFiYXNlLWlt/YWdlcy9SLTE0MDA1/ODI3LTE1NjU5MzQ3/OTMtODY2NC5wbmc.jpeg,0,0,0,0,1771441866461,6,0.0,,label
14024469,1682339,"Hymnes Aux Désarrois de la Peau / Hymns For The Disarray Of Skin","Frail Body / Infant Island / massa nera / dianacrawls",2019,"PRR | 011, nf-012",https://www.discogs.com/release/14024469,https://i.discogs.com/wLvQoTMUj2JHfK6mYpVV0fM8ml6x3mhh3dT0mpi34x0/rs:fit/g:sm/q:40/h:150/w:150/czM6Ly9kaXNjb2dz/LWRhdGFiYXNlLWlt/YWdlcy9SLTE0MDI0/NDY5LTE1NjYzMDc2/MDktODA0My5qcGVn.jpeg,0,0,0,0,1771441854974,12,0.0,,label
14046709,1247544,"Isle Of Mull ",Jamida,2019,HARMONY003,https://www.discogs.com/release/14046709,https://i.discogs.com/vkQFbw60nf79C4ERfInaWuqntw62UJorwRsKO0rcCA8/rs:fit/g:sm/q:40/h:150/w:150/czM6Ly9kaXNjb2dz/LWRhdGFiYXNlLWlt/YWdlcy9SLTE0MDQ2/NzA5LTE1NjcwODIx/MjAtMzI1OS5qcGVn.jpeg,0,0,0,0,1771441860116,16,0.0,,label
14052914,921036,"Time To Throw Down EP",Dawl,2019,CKNOWEP19,https://www.discogs.com/release/14052914,https://i.discogs.com/UpleUr1YjCnhnXej7LzV7OWfj8L6ei_GF8DIqIWBj8g/rs:fit/g:sm/q:40/h:150/w:150/czM6Ly9kaXNjb2dz/LWRhdGFiYXNlLWlt/YWdlcy9SLTE0MDUy/OTE0LTE1ODI1NjA0/OTItNzU5My5qcGVn.jpeg,0,0,0,0,1771441861415,46,0.0,,label
14054342,738872,"Tears / D.U.N.E",S.O.N.S,,SO-06NI-NS,https://www.discogs.com/releases/14054342,https://i.discogs.com/gy6hvd0VGx4jm4kQUjL4vO9lyCpiqRLsAQLaya7f470/rs:fit/g:sm/q:40/h:150/w:150/czM6Ly9kaXNjb2dz/LWRhdGFiYXNlLWlt/YWdlcy9SLTE0MDU0/MzQyLTE1NjY5NzE3/ODItNTU4OC5qcGVn.jpeg,1,0,0,1,1771445244032,50,0.0,,discogs_want
14086737,1247544,Shelter,Jamida,2018,HARMONY001,https://www.discogs.com/release/14086737,https://i.discogs.com/d2GQ3tAuqP-pstZZ1R6xLBaqsvvCpRPv9yPpmaCfU-I/rs:fit/g:sm/q:40/h:150/w:150/czM6Ly9kaXNjb2dz/LWRhdGFiYXNlLWlt/YWdlcy9SLTE0MDg2/NzM3LTE1Njc1OTUx/OTEtNDc3My5qcGVn.jpeg,0,0,0,0,1771441860116,25,0.0,,label
14086813,1247544,"Isle Of Mull ",Jamida,2019,HARMONY003,https://www.discogs.com/release/14086813,https://i.discogs.com/0A-rofN0g1w3DwOXVkt0Ce-QWup6aZBlZnt6W2wNh9k/rs:fit/g:sm/q:40/h:150/w:150/czM6Ly9kaXNjb2dz/LWRhdGFiYXNlLWlt/YWdlcy9SLTE0MDg2/ODEzLTE1Njc1OTUy/MzMtODg3NS5qcGVn.jpeg,0,0,0,0,1771441860116,13,0.0,,label
14086847,1247544,Lippa,"Alfred Czital",2019,HARMONY002,https://www.discogs.com/release/14086847,https://i.discogs.com/5ybejYFdDQ_haHPsvbH6D2Rg-Ilz_-z8HlKVjug4Os4/rs:fit/g:sm/q:40/h:150/w:150/czM6Ly9kaXNjb2dz/LWRhdGFiYXNlLWlt/YWdlcy9SLTE0MDg2/ODQ3LTE1Njc1OTUz/ODItODM5MC5wbmc.jpeg,0,0,0,0,1771441860116,11,0.0,,label
14087344,1247544,"Isle Of Mull ",Jamida,2019,HARMONY003,https://www.discogs.com/release/14087344,https://i.discogs.com/QJXsrPTScvlgRWDOpcUFTNa8iAL8GdPYSTaCIHClrg4/rs:fit/g:sm/q:40/h:150/w:150/czM6Ly9kaXNjb2dz/LWRhdGFiYXNlLWlt/YWdlcy9SLTE0MDg3/MzQ0LTE1Njc2MDM1/MjUtNDE2OC5qcGVn.jpeg,0,0,0,0,1771441860116,9,0.0,,label
14113651,852291,"976-Evil II: The Astral Factor (Original Motion Picture Soundtrack)","Chuck Cirino",2019,DDR666,https://www.discogs.com/release/14113651,https://i.discogs.com/r0_OdiH_TFRV2djX8Y1p1Pl1IzpjJQl8tLDXvfYA5RM/rs:fit/g:sm/q:40/h:150/w:150/czM6Ly9kaXNjb2dz/LWRhdGFiYXNlLWlt/YWdlcy9SLTE0MTEz/NjUxLTE1NjgwOTc1/NjQtNjM5OC5qcGVn.jpeg,0,0,0,0,1771441866461,8,0.0,,label
14114103,363756,"Just Off Wave / Open Mic Beat","C.Z. Wang And  Neo Image",2019,"MH006 ",https://www.discogs.com/release/14114103,https://i.discogs.com/MfCDZMImCOSLJL4fqz99mfF1I2uhh66GkKnabmf9B4k/rs:fit/g:sm/q:40/h:150/w:150/czM6Ly9kaXNjb2dz/LWRhdGFiYXNlLWlt/YWdlcy9SLTE0MTE0/MTAzLTE1NzI5MDUw/NTItNzQxMy5qcGVn.jpeg,1,0,0,0,1771423222423,22,0.0,"Track match issue: YouTube API error 403: {
  ""error"": {
    ""code"": 403,
    ""message"": ""Requests to this API youtube method youtube.api.v3.V3DataSearchService.List are blocked."",
    ""errors"": [
      {
        ""message"": ""Requests to this API youtube method youtube.api.v3.V3DataSearchService.List are blocked."",
        ""domain"": ""global"",
        ""reason"": ""forbidden""
      }
    ],
    ""status"": ""PERMISSION_DENIED"",
    ""details"": [
      {
        ""@type"": ""type.googleapis.com/google.rpc.ErrorInfo"",
        ""reason"": ""API_KEY_SERVICE_BLOCKED"",
        ""domain"": ""googleapis.com"",
        ""metadata"": {
          ""consumer"": ""projects/1097707475336"",
          ""apiName"": ""youtube"",
          ""methodName"": ""youtube.api.v3.V3DataSearchService.List"",
          ""service"": ""youtube.googleapis.com""
        }
      },
      {
        ""@type"": ""type.googleapis.com/google.rpc.LocalizedMessage"",
        ""locale"": ""en-US"",
        ""message"": ""Requests to this API youtube method youtube.api.v3.V3DataSearchService.List are blocked.""
      }
    ]
  }
}
",label
14152121,1120990,"Cerebral Navigators: Anthology 1993-1997","Brain Pilot",2019,OYSTER15,https://www.discogs.com/release/14152121,https://i.discogs.com/LqbAEj_gpK9ikEVy0gQCbPBGxorbMHavc5E9Sd7h7Z0/rs:fit/g:sm/q:40/h:150/w:150/czM6Ly9kaXNjb2dz/LWRhdGFiYXNlLWlt/YWdlcy9SLTE0MTUy/MTIxLTE1NzYxNTE3/MTAtODk1Ny5qcGVn.jpeg,0,0,0,0,1771441850683,34,0.0,,label
14177433,1438825,"Dream Portal","Ronan (12)",2019,PE008,https://www.discogs.com/release/14177433,https://i.discogs.com/l7c41zhQY-z_3I0-MFU1RtooFnT1qNUiEIaC0tkeseU/rs:fit/g:sm/q:40/h:150/w:150/czM6Ly9kaXNjb2dz/LWRhdGFiYXNlLWlt/YWdlcy9SLTE0MTc3/NDMzLTE1NjkzOTY1/ODYtNTIyMy5qcGVn.jpeg,0,0,0,0,1771441861047,13,0.0,,label
14214378,1411307,"EYA 006 ",Various,2019,EYA006,https://www.discogs.com/release/14214378,https://i.discogs.com/kzzs4A6_3Xfe5AuDkCWtNN56HgLzqbr1yXb4F0EM4Lc/rs:fit/g:sm/q:40/h:150/w:150/czM6Ly9kaXNjb2dz/LWRhdGFiYXNlLWlt/YWdlcy9SLTE0MjE0/Mzc4LTE1NzA0NjYw/OTgtMzU2My5qcGVn.jpeg,0,0,0,0,1771441863643,11,0.0,,label
14228145,952963,"Atipic Lab 06",VincentIulian,2019,ATIPICLAB006,https://www.discogs.com/release/14228145,https://i.discogs.com/VuPwcSCULqDsf19jdjg4EuCdM330uFLCbKs55C1YiHE/rs:fit/g:sm/q:40/h:150/w:150/czM6Ly9kaXNjb2dz/LWRhdGFiYXNlLWlt/YWdlcy9SLTE0MjI4/MTQ1LTE1NzAyODY4/MTgtMzgwNC5qcGVn.jpeg,1,1,0,0,1771444326749,33,1.0,,label
14253750,847737,"Dance Alone","Shari Vari (2)",2019,"MTDGTL 002",https://www.discogs.com/release/14253750,https://i.discogs.com/wJVSbdxnxQH7gr_CzffAuzgBTvrvP87Ytpe6f5CE9lY/rs:fit/g:sm/q:40/h:150/w:150/czM6Ly9kaXNjb2dz/LWRhdGFiYXNlLWlt/YWdlcy9SLTE0MjUz/NzUwLTE1NzA4MDk2/NjEtMTY0NC5qcGVn.jpeg,0,0,0,0,1771441863768,89,0.0,,label
14253795,847737,Now,"Shari Vari (2)",2019,"MALKATUTILP 007D",https://www.discogs.com/release/14253795,https://i.discogs.com/Qr4UXA09hRxQLG3xEF1hyxksr3IIq0ZEZjJy87tf3Bg/rs:fit/g:sm/q:40/h:150/w:150/czM6Ly9kaXNjb2dz/LWRhdGFiYXNlLWlt/YWdlcy9SLTE0MjUz/Nzk1LTE1NzA4MTAx/OTctOTA0OS5qcGVn.jpeg,0,0,0,0,1771441863768,45,0.0,,label
14262078,852291,"Tintorera: Killer Shark - Dolphin","Basil Poledouris",2018,DDR629,https://www.discogs.com/release/14262078,https://i.discogs.com/E_Tn-M4_AAWQe0VrueFj92QA81pNU_AmIcj1hNs2ux4/rs:fit/g:sm/q:40/h:150/w:150/czM6Ly9kaXNjb2dz/LWRhdGFiYXNlLWlt/YWdlcy9SLTE0MjYy/MDc4LTE1NzA5NzQ5/NDQtNDE1NC5qcGVn.jpeg,0,0,0,0,1771441866461,90,0.0,,label
14263908,847737,Sonne,"Die Orangen",2019,MTDGTL003,https://www.discogs.com/release/14263908,https://i.discogs.com/Ugo7AIT8c7z7tObNDXw11hIp0w_DflOiifbHAw3nmSs/rs:fit/g:sm/q:40/h:150/w:150/czM6Ly9kaXNjb2dz/LWRhdGFiYXNlLWlt/YWdlcy9SLTE0MjYz/OTA4LTE1NzEwMDAw/NDktMzEyMi5qcGVn.jpeg,0,0,0,0,1771441863768,90,0.0,,label
14298283,363756,"Touch Tone ","Local Artist",2019,"mh024 ",https://www.discogs.com/release/14298283,https://i.discogs.com/7jbKAXAJChDAsV55Y1akAYJpTaJQgf-8oVqrmGsZZ_I/rs:fit/g:sm/q:40/h:150/w:150/czM6Ly9kaXNjb2dz/LWRhdGFiYXNlLWlt/YWdlcy9SLTE0Mjk4/MjgzLTE1NzI5MDQ3/NDEtNDQ2OC5qcGVn.jpeg,1,0,0,0,1771423302430,56,0.0,"Track match issue: YouTube API error 403: {
  ""error"": {
    ""code"": 403,
    ""message"": ""Requests to this API youtube method youtube.api.v3.V3DataSearchService.List are blocked."",
    ""errors"": [
      {
        ""message"": ""Requests to this API youtube method youtube.api.v3.V3DataSearchService.List are blocked."",
        ""domain"": ""global"",
        ""reason"": ""forbidden""
      }
    ],
    ""status"": ""PERMISSION_DENIED"",
    ""details"": [
      {
        ""@type"": ""type.googleapis.com/google.rpc.ErrorInfo"",
        ""reason"": ""API_KEY_SERVICE_BLOCKED"",
        ""domain"": ""googleapis.com"",
        ""metadata"": {
          ""consumer"": ""projects/1097707475336"",
          ""apiName"": ""youtube"",
          ""service"": ""youtube.googleapis.com"",
          ""methodName"": ""youtube.api.v3.V3DataSearchService.List""
        }
      },
      {
        ""@type"": ""type.googleapis.com/google.rpc.LocalizedMessage"",
        ""locale"": ""en-US"",
        ""message"": ""Requests to this API youtube method youtube.api.v3.V3DataSearchService.List are blocked.""
      }
    ]
  }
}
",label
14307333,921036,"Supernatural EP","Vin Sol",2019,CKNOWEP20,https://www.discogs.com/release/14307333,https://i.discogs.com/4LYtoiEbjLhTRakZeWSPFW3KQRhEPW6wk35mkmUfcqE/rs:fit/g:sm/q:40/h:150/w:150/czM6Ly9kaXNjb2dz/LWRhdGFiYXNlLWlt/YWdlcy9SLTE0MzA3/MzMzLTE2NDQyNTU0/MTItNTE5MC5qcGVn.jpeg,0,0,0,0,1771441861415,50,0.0,,label
14311586,1120990,"Digital Natives EP","Escape Artist (2)",2019,OYSTER19,https://www.discogs.com/release/14311586,https://i.discogs.com/-WU9aDB9nB9KPJbu4Uc7t3zsoFXbEi3BZVG2pIXqA8k/rs:fit/g:sm/q:40/h:150/w:150/czM6Ly9kaXNjb2dz/LWRhdGFiYXNlLWlt/YWdlcy9SLTE0MzEx/NTg2LTE1NzkxNDA3/MDAtMjMxNC5qcGVn.jpeg,0,0,0,0,1771441850683,41,0.0,,label
14325240,38414,"And Then We Planned Our Escape / Organa (Remastered)","Robert Hood",,MM30Y2,https://www.discogs.com/releases/14325240,https://i.discogs.com/FOKKA2j2CDsFmrse2aOtIENCHY3xLjJTOKG3dRUT5pM/rs:fit/g:sm/q:40/h:150/w:150/czM6Ly9kaXNjb2dz/LWRhdGFiYXNlLWlt/YWdlcy9SLTE0MzI1/MjQwLTE1NzIyNjg3/MDMtNzY3OS5qcGVn.jpeg,1,0,0,1,1771445244032,41,0.0,,discogs_want
14337200,852291,"Secrets Of The Titanic (Original Television Score)","Craig Safan",2019,DDR677,https://www.discogs.com/release/14337200,https://i.discogs.com/15SXw9bk-AI1LuieqrjMV1diK2TWu9PDbhLLftCY3XY/rs:fit/g:sm/q:40/h:150/w:150/czM6Ly9kaXNjb2dz/LWRhdGFiYXNlLWlt/YWdlcy9SLTE0MzM3/MjAwLTE1NzI0ODY4/MDYtODE4Ny5qcGVn.jpeg,0,0,0,0,1771441866461,9,0.0,,label
14358569,363756,"Our Time","Pender Street Steppers",2019,MH023,https://www.discogs.com/release/14358569,https://i.discogs.com/K7hS-B8sPdxxjUzJlA6BnKYpAE9jvvUZswGNKgGWhFA/rs:fit/g:sm/q:40/h:150/w:150/czM6Ly9kaXNjb2dz/LWRhdGFiYXNlLWlt/YWdlcy9SLTE0MzU4/NTY5LTE1ODI3NTcy/NjgtMzM5Mi5qcGVn.jpeg,1,0,0,0,1771423174936,3,0.0,"Track match issue: YouTube API error 403: {
  ""error"": {
    ""code"": 403,
    ""message"": ""Requests to this API youtube method youtube.api.v3.V3DataSearchService.List are blocked."",
    ""errors"": [
      {
        ""message"": ""Requests to this API youtube method youtube.api.v3.V3DataSearchService.List are blocked."",
        ""domain"": ""global"",
        ""reason"": ""forbidden""
      }
    ],
    ""status"": ""PERMISSION_DENIED"",
    ""details"": [
      {
        ""@type"": ""type.googleapis.com/google.rpc.ErrorInfo"",
        ""reason"": ""API_KEY_SERVICE_BLOCKED"",
        ""domain"": ""googleapis.com"",
        ""metadata"": {
          ""service"": ""youtube.googleapis.com"",
          ""methodName"": ""youtube.api.v3.V3DataSearchService.List"",
          ""apiName"": ""youtube"",
          ""consumer"": ""projects/1097707475336""
        }
      },
      {
        ""@type"": ""type.googleapis.com/google.rpc.LocalizedMessage"",
        ""locale"": ""en-US"",
        ""message"": ""Requests to this API youtube method youtube.api.v3.V3DataSearchService.List are blocked.""
      }
    ]
  }
}
",label
14363908,1247544,Natives,"Alan Backdrop",2019,HARMONY004,https://www.discogs.com/release/14363908,https://i.discogs.com/BBe4wDMf-jK33q-ECAjKIrUonfq-7mWhHMnivLyJ8MM/rs:fit/g:sm/q:40/h:150/w:150/czM6Ly9kaXNjb2dz/LWRhdGFiYXNlLWlt/YWdlcy9SLTE0MzYz/OTA4LTE1NzMwMzM3/NzgtMzYwOC5qcGVn.jpeg,0,0,0,0,1771441860116,7,0.0,,label
14363946,1247544,Natives,"Alan Backdrop",2019,HARMONY004,https://www.discogs.com/release/14363946,https://i.discogs.com/QihieqB40GLdmDntm2jyj998uIhowPQBSA4UaTJZuAA/rs:fit/g:sm/q:40/h:150/w:150/czM6Ly9kaXNjb2dz/LWRhdGFiYXNlLWlt/YWdlcy9SLTE0MzYz/OTQ2LTE1NzMwMzQ1/MTktNTIyMC5qcGVn.jpeg,1,1,0,0,1771441864856,0,1.0,,label
14363965,1247544,Natives,"Alan Backdrop",2019,HARMONY004,https://www.discogs.com/release/14363965,https://i.discogs.com/l-EQ1VyF0mjYX1L2h0GVn8VHmteGy6ErgcpjA670gOY/rs:fit/g:sm/q:40/h:150/w:150/czM6Ly9kaXNjb2dz/LWRhdGFiYXNlLWlt/YWdlcy9SLTE0MzYz/OTY1LTE1NzMwMzQ2/MTgtODQ4OC5qcGVn.jpeg,0,0,0,0,1771441860116,4,0.0,,label
14406492,1390196,"Gamma Infolded",Ex-Terrestrial,2019,NAFF007,https://www.discogs.com/release/14406492,https://i.discogs.com/stkU32lCEdwtgxjTsJbHgNnsTM8nAt5ZmEwuMxCD0KQ/rs:fit/g:sm/q:40/h:150/w:150/czM6Ly9kaXNjb2dz/LWRhdGFiYXNlLWlt/YWdlcy9SLTE0NDA2/NDkyLTE1NzM4OTQw/NDItNjcyNC5qcGVn.jpeg,0,0,0,0,1771441853832,10,0.0,,label
14409804,921036,Sanya,"SJ Tequilla",2019,CKNOWEP21,https://www.discogs.com/release/14409804,https://i.discogs.com/tX3YDKiyaXaerzsDptqEz9nSDyA7gKfdIK8J9DIFx_8/rs:fit/g:sm/q:40/h:150/w:150/czM6Ly9kaXNjb2dz/LWRhdGFiYXNlLWlt/YWdlcy9SLTE0NDA5/ODA0LTE1NzM5NDYx/ODgtMzI3Ny5qcGVn.jpeg,0,0,0,0,1771441861415,51,0.0,,label
14450300,1438825,"Mobile Sorcery","Unknown Mobile",2019,PE009,https://www.discogs.com/release/14450300,https://i.discogs.com/TLaZUHwveXf2YDcbguxUskpSrskA2Pgq917mESqCnLw/rs:fit/g:sm/q:40/h:150/w:150/czM6Ly9kaXNjb2dz/LWRhdGFiYXNlLWlt/YWdlcy9SLTE0NDUw/MzAwLTE1NzQ3ODQ5/MDctMTU4OS5qcGVn.jpeg,0,0,0,0,1771441861047,14,0.0,,label
14451308,473973,Transatlantico,"Z@P, Santiago Uribe",2019,AOD004,https://www.discogs.com/release/14451308,https://i.discogs.com/CQH2n2fvRYCyJ7TuMr-HCxsBBoOjBnwLS867DjD_Tts/rs:fit/g:sm/q:40/h:150/w:150/czM6Ly9kaXNjb2dz/LWRhdGFiYXNlLWlt/YWdlcy9SLTE0NDUx/MzA4LTE1NzQ3ODU0/MjQtMjM4Ny5qcGVn.jpeg,0,0,0,0,1771441859879,5,0.0,,label
14459739,1682339,"Hymnes Aux Désarrois de la Peau / Hymns For The Disarray Of Skin","Frail Body / Infant Island / massa nera / dianacrawls",2019,"PRR | 011, nf-012",https://www.discogs.com/release/14459739,https://i.discogs.com/uPC_p5FqPZAu2gJ8EFpF8cA3cwswOEq-BRom03-UUS0/rs:fit/g:sm/q:40/h:150/w:150/czM6Ly9kaXNjb2dz/LWRhdGFiYXNlLWlt/YWdlcy9SLTE0NDU5/NzM5LTE1NzkyNDI4/MTYtMjgwOC5qcGVn.jpeg,0,0,0,0,1771441854974,13,0.0,,label
14511979,921036,Darkroom,"James Shinra",2019,CKNOWEP22,https://www.discogs.com/release/14511979,https://i.discogs.com/k5jhiqvghCS7c5R4tNDm3CzI6VOiRPeBTDJ0RoWztrQ/rs:fit/g:sm/q:40/h:150/w:150/czM6Ly9kaXNjb2dz/LWRhdGFiYXNlLWlt/YWdlcy9SLTE0NTEx/OTc5LTE1ODI1MTU3/MzgtOTMyMC5qcGVn.jpeg,0,0,0,0,1771441861415,52,0.0,,label
14519513,847737,"Holiday In Panikstrasse Part 2","Cosmo Vitelli",2019,"Malka Tuti LP 005 B digital",https://www.discogs.com/release/14519513,https://i.discogs.com/j_CWfWV-A-o5mbtRhy6orj5cXP4n6U7jYZFCmQ6xQxs/rs:fit/g:sm/q:40/h:150/w:150/czM6Ly9kaXNjb2dz/LWRhdGFiYXNlLWlt/YWdlcy9SLTE0NTE5/NTEzLTE1NzYyMjQw/MjctOTE2OS5qcGVn.jpeg,0,0,0,0,1771441863768,41,0.0,,label
14520658,1390196,"Gamma Infolded",Ex-Terrestrial,2019,NAFF007,https://www.discogs.com/release/14520658,https://i.discogs.com/UE5DybhRerzPKqnrH8qXRVQXQ-OiH8OYBEm97E-jBTE/rs:fit/g:sm/q:40/h:150/w:150/czM6Ly9kaXNjb2dz/LWRhdGFiYXNlLWlt/YWdlcy9SLTE0NTIw/NjU4LTE1ODE0ODc1/OTctODQ4NC5qcGVn.jpeg,0,0,0,0,1771441853832,11,0.0,,label
14526375,1120990,"Chaos Light EP","Flora FM",2019,OYSTER17,https://www.discogs.com/release/14526375,https://i.discogs.com/rVNBALyl4nO5_rbiOOcxMRIplQodV5rShDKD9B4utQ8/rs:fit/g:sm/q:40/h:150/w:150/czM6Ly9kaXNjb2dz/LWRhdGFiYXNlLWlt/YWdlcy9SLTE0NTI2/Mzc1LTE1NzYzNTU4/MzYtOTA2OS5qcGVn.jpeg,0,0,0,0,1771441850683,39,0.0,,label
14534871,921036,Darkroom,"James Shinra",2019,CKNOWEP22,https://www.discogs.com/release/14534871,https://i.discogs.com/7BgPnJDHaIMLcHgXxLhLkiMsbYdMfHkWQZVufZ8C-HI/rs:fit/g:sm/q:40/h:150/w:150/czM6Ly9kaXNjb2dz/LWRhdGFiYXNlLWlt/YWdlcy9SLTE0NTM0/ODcxLTE1ODk3MTM3/MTItNTU1Ny5qcGVn.jpeg,0,0,0,0,1771441861415,53,0.0,,label
14536514,952963,ATIPIC009,"Jorge Savoretti",2019,ATIPIC009,https://www.discogs.com/release/14536514,https://i.discogs.com/h8Zj23wu2BkCszrnVa5VCc0ZpBifTtLeZY33Z45yLyg/rs:fit/g:sm/q:40/h:150/w:150/czM6Ly9kaXNjb2dz/LWRhdGFiYXNlLWlt/YWdlcy9SLTE0NTM2/NTE0LTE1NzY1Nzcw/MTYtMTk0OS5qcGVn.jpeg,1,1,0,0,1771444130722,14,1.0,,label
14574905,1120990,"Cerebral Navigators: Anthology 1993-1997","Brain Pilot",2019,OYSTER15,https://www.discogs.com/release/14574905,https://i.discogs.com/R-x5yyuKFazzjFndGXu7aZCGF4GH8H2Xsb7ENCf1o2A/rs:fit/g:sm/q:40/h:150/w:150/czM6Ly9kaXNjb2dz/LWRhdGFiYXNlLWlt/YWdlcy9SLTE0NTc0/OTA1LTE1Nzc0NDMw/ODgtODczMy5qcGVn.jpeg,0,0,0,0,1771441850683,35,0.0,,label
14584415,1120990,"Cerebral Navigators: Anthology 1993-1997","Brain Pilot",2019,OYSTER15,https://www.discogs.com/release/14584415,https://i.discogs.com/4lXrXBH6rBhStkjr8wlcTUr7J3wZyJP3ISHgIrAdJoc/rs:fit/g:sm/q:40/h:150/w:150/czM6Ly9kaXNjb2dz/LWRhdGFiYXNlLWlt/YWdlcy9SLTE0NTg0/NDE1LTE1ODAxNjA0/NjAtNTM5MC5qcGVn.jpeg,0,0,0,0,1771441850683,36,0.0,,label
14588794,1120990,Synesthesia,"Nathan Melja",2020,OYSTER21,https://www.discogs.com/release/14588794,https://i.discogs.com/Wlp11zei-46Kzl8USdClqL6AxSQbyHMp3ODwUtKoRnI/rs:fit/g:sm/q:40/h:150/w:150/czM6Ly9kaXNjb2dz/LWRhdGFiYXNlLWlt/YWdlcy9SLTE0NTg4/Nzk0LTE1NzgzMjE5/NjMtOTE1MS5qcGVn.jpeg,0,0,0,0,1771441850683,47,0.0,,label
14595012,473973,"The Boat EP","Alec Falconer",2020,"AOD005, AOD - 005",https://www.discogs.com/release/14595012,https://i.discogs.com/aKXBJ7WR93QGNRV7xfJJQxHG3Im3otBP_zbJQx7eRD8/rs:fit/g:sm/q:40/h:150/w:150/czM6Ly9kaXNjb2dz/LWRhdGFiYXNlLWlt/YWdlcy9SLTE0NTk1/MDEyLTE1ODE1MDU2/NjQtMzM5Ni5qcGVn.jpeg,1,1,0,0,1771441864624,0,1.0,,label
14601262,1390196,"On A Nimbus","Priori (2)",2019,NAFF006,https://www.discogs.com/release/14601262,https://i.discogs.com/M9RFSS5MXHVyjZBZWuB_CcUItk5YDqewu6_zKDuadlU/rs:fit/g:sm/q:40/h:150/w:150/czM6Ly9kaXNjb2dz/LWRhdGFiYXNlLWlt/YWdlcy9SLTE0NjAx/MjYyLTE1Nzc5NjE4/MzQtOTA2OS5qcGVn.jpeg,0,0,0,0,1771441853832,8,0.0,,label
14642427,1592903,"Unexpected Destinations Vol. 1",Various,2019,FRS005,https://www.discogs.com/release/14642427,https://i.discogs.com/hL6FDkuKRYvVRQiUBF2kwUUHt1FkQXwKTkoDmhL0dWA/rs:fit/g:sm/q:40/h:150/w:150/czM6Ly9kaXNjb2dz/LWRhdGFiYXNlLWlt/YWdlcy9SLTE0NjQy/NDI3LTE1Nzg3NjE5/OTItNzYwOS5qcGVn.jpeg,0,0,0,0,1771441866063,7,0.0,,label
14669101,1592903,"Travel International EP","Sweater on Polo",2020,FRS006,https://www.discogs.com/release/14669101,https://i.discogs.com/WJccZ5mpszEWx1H8Ze9rAY-f8jH6mJfHv02wcDzkqA8/rs:fit/g:sm/q:40/h:150/w:150/czM6Ly9kaXNjb2dz/LWRhdGFiYXNlLWlt/YWdlcy9SLTE0NjY5/MTAxLTE2NTAyOTQ4/NzAtOTc0Ni5qcGVn.jpeg,0,0,0,0,1771441866063,8,0.0,,label
14712094,1411307,"All Ears EP",A:G,2020,EYA007,https://www.discogs.com/release/14712094,https://i.discogs.com/4bUJNm85GZ5k5j3GwKJ1q2Hj0J-094lkhjjVQUZcjHU/rs:fit/g:sm/q:40/h:150/w:150/czM6Ly9kaXNjb2dz/LWRhdGFiYXNlLWlt/YWdlcy9SLTE0NzEy/MDk0LTE1ODAxMzMx/MjAtMjAzOC5qcGVn.jpeg,0,0,0,0,1771441863643,12,0.0,,label
14712441,1120990,"Systems E.P. 1",Various,2020,OYSTER22,https://www.discogs.com/release/14712441,https://i.discogs.com/XlhXQVhxTdLcoeWGhl-Kt7SrP30bURrefwslSG91NRg/rs:fit/g:sm/q:40/h:150/w:150/czM6Ly9kaXNjb2dz/LWRhdGFiYXNlLWlt/YWdlcy9SLTE0NzEy/NDQxLTE1ODAxMzgy/MjctMTA1NS5wbmc.jpeg,1,1,0,0,1771441895917,2,1.0,,label
14764025,921036,"Connection Error ","Cygnus (5)",2020,CKNOWEP23,https://www.discogs.com/release/14764025,https://i.discogs.com/yGD7QIjci_m_RPUYFdVuAtB8gRy9fHlFK3cyzPzVKEE/rs:fit/g:sm/q:40/h:150/w:150/czM6Ly9kaXNjb2dz/LWRhdGFiYXNlLWlt/YWdlcy9SLTE0NzY0/MDI1LTE1ODEzMTgw/OTEtNjQ5My5qcGVn.jpeg,0,0,0,0,1771441861415,55,0.0,,label
14774962,847737,Go,"Lena Muir",2020,MT0025,https://www.discogs.com/release/14774962,https://i.discogs.com/uin7IL996q51iFM2hi8XQGGChUd20jj6lp_9hXWcwx8/rs:fit/g:sm/q:40/h:150/w:150/czM6Ly9kaXNjb2dz/LWRhdGFiYXNlLWlt/YWdlcy9SLTE0Nzc0/OTYyLTE1ODEzNDcx/MjMtMzAzOC5qcGVn.jpeg,0,0,0,0,1771441863768,53,0.0,,label
14777230,819847,Aqueduct,INTe*ra,,PRESS11,https://www.discogs.com/releases/14777230,https://i.discogs.com/IT-iDLKBPt2FkqLFhwnex91KcIu3arE1uPk0-rUiJHY/rs:fit/g:sm/q:40/h:150/w:150/czM6Ly9kaXNjb2dz/LWRhdGFiYXNlLWlt/YWdlcy9SLTE0Nzc3/MjMwLTE1ODEzODMx/NzEtNjA2NS5qcGVn.jpeg,1,0,0,1,1771445244032,4,0.0,,discogs_want
14779175,1120990,Sandtrax,"Hame DJ",2020,OYSTER23,https://www.discogs.com/release/14779175,https://i.discogs.com/GjA9ujYhDdEtqGYXUlSrFsxl5m6ecnxfjQQAPYu8hkU/rs:fit/g:sm/q:40/h:150/w:150/czM6Ly9kaXNjb2dz/LWRhdGFiYXNlLWlt/YWdlcy9SLTE0Nzc5/MTc1LTE1ODE0MzE1/OTktNDA4NS5qcGVn.jpeg,0,0,0,0,1771441850683,49,0.0,,label
14819125,921036,"Connection Error ","Cygnus (5)",2020,CKNOWEP23,https://www.discogs.com/release/14819125,https://i.discogs.com/UQFvgVmV35hHZUNvQ2VNeDclDW59eCZ-fC-6ZWsEWGc/rs:fit/g:sm/q:40/h:150/w:150/czM6Ly9kaXNjb2dz/LWRhdGFiYXNlLWlt/YWdlcy9SLTE0ODE5/MTI1LTE1ODIyMTY3/NzItNzQxMS5qcGVn.jpeg,0,0,0,0,1771441861415,56,0.0,,label
14853934,1438825,"Modern Bliss","Roza Terenzi",2020,PE011,https://www.discogs.com/release/14853934,https://i.discogs.com/32Dw314ekQK2G1qonoAolda4cmIpzZ6hg5tznwa0-bY/rs:fit/g:sm/q:40/h:150/w:150/czM6Ly9kaXNjb2dz/LWRhdGFiYXNlLWlt/YWdlcy9SLTE0ODUz/OTM0LTE1ODI4NjY4/MjUtMTA5NC53ZWJw.jpeg,0,0,0,0,1771441861047,16,0.0,,label
14887533,1120990,Gamma,"Cleveland (4)",2020,OYSTER24,https://www.discogs.com/release/14887533,https://i.discogs.com/Tkoy3-0ZVoCcp60jAw3UcW3YSCugZrlXat5QhPmdqiY/rs:fit/g:sm/q:40/h:150/w:150/czM6Ly9kaXNjb2dz/LWRhdGFiYXNlLWlt/YWdlcy9SLTE0ODg3/NTMzLTE2NDMwOTU2/NDUtMzgzNC5qcGVn.jpeg,0,0,0,0,1771441850683,50,0.0,,label
14906956,847737,"_The d•N•a Sessions (J.A.K.A.M. Re:constructions)","Kuniyuki* & Marcus Henriksson",2020,"Malka Tuti 0026",https://www.discogs.com/release/14906956,https://i.discogs.com/ouOojn5l1nJQdKgQHN69DCAgFtdDhxCj4GdpgGKjcAQ/rs:fit/g:sm/q:40/h:150/w:150/czM6Ly9kaXNjb2dz/LWRhdGFiYXNlLWlt/YWdlcy9SLTE0OTA2/OTU2LTE1ODM4NjA3/OTEtNzIzOS5qcGVn.jpeg,0,0,0,0,1771441863768,38,0.0,,label
14926862,1438825,Key3,"Big Zen",2018,PE002,https://www.discogs.com/release/14926862,https://i.discogs.com/0DxWsnvtMuLwXmX5MIzljq2COCNS1sYPAwjhO2X0A8I/rs:fit/g:sm/q:40/h:150/w:150/czM6Ly9kaXNjb2dz/LWRhdGFiYXNlLWlt/YWdlcy9SLTE0OTI2/ODYyLTE1ODQyMTIx/OTUtNTUyNS5qcGVn.jpeg,1,1,0,0,1771441866143,0,1.0,,label
14936003,1411307,"Tears EP","Jos (30)",2020,EYA008,https://www.discogs.com/release/14936003,https://i.discogs.com/eugdbM7o0eIguIqTMgd55J7wbAt_UFE76EMUVhxY2rc/rs:fit/g:sm/q:40/h:150/w:150/czM6Ly9kaXNjb2dz/LWRhdGFiYXNlLWlt/YWdlcy9SLTE0OTM2/MDAzLTE1ODQzODM5/NDctMjAwMC5qcGVn.jpeg,0,0,0,0,1771441863643,14,0.0,,label
14940508,1438825,"Smoke Haze ","Sleep D",2020,PE010,https://www.discogs.com/release/14940508,https://i.discogs.com/AGYVJSmCC2CR265a5ZSipx_5EsBPLQ7ZQY8G5lGtUsc/rs:fit/g:sm/q:40/h:150/w:150/czM6Ly9kaXNjb2dz/LWRhdGFiYXNlLWlt/YWdlcy9SLTE0OTQw/NTA4LTE1ODQ2NDY3/NzAtNTM4Mi5qcGVn.jpeg,0,0,0,0,1771441861047,15,0.0,,label
14945646,921036,Descent,"Carl Finlow*",2020,CKNOWEP24,https://www.discogs.com/release/14945646,https://i.discogs.com/hzbIviPEleRaTGoCEQrJ38vvQudzH3fmOHUcU-HjmFk/rs:fit/g:sm/q:40/h:150/w:150/czM6Ly9kaXNjb2dz/LWRhdGFiYXNlLWlt/YWdlcy9SLTE0OTQ1/NjQ2LTE1ODQ2OTI0/ODMtOTY5NS5qcGVn.jpeg,0,0,0,0,1771441861415,57,0.0,,label
14981047,1038740,"Paradise City Breakers EP","Paradise City Breakers",2020,DISCARDED-104,https://www.discogs.com/release/14981047,https://i.discogs.com/O-R6KNgJRgBw6TOjeU7qxs9g8L8R2rSedwq5thNqKl8/rs:fit/g:sm/q:40/h:150/w:150/czM6Ly9kaXNjb2dz/LWRhdGFiYXNlLWlt/YWdlcy9SLTE0OTgx/MDQ3LTE1ODUwNTgz/MzgtNjcwMC5qcGVn.jpeg,1,1,0,0,1771441855810,0,0.666666666666667,"Track match issue: YouTube quota exceeded for this key. Wait for quota reset or use another key.",label
15024463,1798608,"Animalia - 001",Various,2020,ANIMA1,https://www.discogs.com/release/15024463,https://i.discogs.com/zDSPI2RmTEidwW9IoHY2vuxbsN1ZaA5fwSvH4zinhR4/rs:fit/g:sm/q:40/h:150/w:150/czM6Ly9kaXNjb2dz/LWRhdGFiYXNlLWlt/YWdlcy9SLTE1MDI0/NDYzLTE1OTAwNjQ2/NjktNTAwNi5qcGVn.jpeg,1,1,0,1,1771449573056,0,0.75,,label
15050591,1247544,"Laogan ",Shoal,2020,HARMONY005,https://www.discogs.com/release/15050591,https://i.discogs.com/iwiLzlINkHSNTX8aP6ZKC9N2te6-IiltFW1KcHmwyFM/rs:fit/g:sm/q:40/h:150/w:150/czM6Ly9kaXNjb2dz/LWRhdGFiYXNlLWlt/YWdlcy9SLTE1MDUw/NTkxLTE1ODY0Mjc2/NjItMzg4My5qcGVn.jpeg,0,0,0,0,1771441860116,36,0.0,,label
15050628,1247544,"Laogan ",Shoal,2020,HARMONY005,https://www.discogs.com/release/15050628,https://i.discogs.com/tZYGm5ngnRDRcJlQLOyIv45uJPtSaafLiP9EtENXt6U/rs:fit/g:sm/q:40/h:150/w:150/czM6Ly9kaXNjb2dz/LWRhdGFiYXNlLWlt/YWdlcy9SLTE1MDUw/NjI4LTE1ODYwMTc3/MTUtMTYzNi5qcGVn.jpeg,0,0,0,0,1771441860116,35,0.0,,label
15059256,852291,"The Conrad Pope Collection Volume 1","Conrad Pope",2020,DDR618,https://www.discogs.com/release/15059256,https://i.discogs.com/rGKiRR2dzWhq5V5p-C2aIE-gain62i6PwYjKI7RgmZ0/rs:fit/g:sm/q:40/h:150/w:150/czM6Ly9kaXNjb2dz/LWRhdGFiYXNlLWlt/YWdlcy9SLTE1MDU5/MjU2LTE1ODYxMjQ3/MTktMzgwNi5qcGVn.jpeg,0,0,0,0,1771441866461,80,0.0,,label
15079484,1247544,"Laogan ",Shoal,2020,HARMONY005,https://www.discogs.com/release/15079484,https://i.discogs.com/s6Tw7rhUrxunU3bu_8ATKqL1KcywXGHWwmRbhJawhag/rs:fit/g:sm/q:40/h:150/w:150/czM6Ly9kaXNjb2dz/LWRhdGFiYXNlLWlt/YWdlcy9SLTE1MDc5/NDg0LTE2MTQyNjY2/MzUtMzA5OC5qcGVn.jpeg,0,0,0,0,1771441860116,34,0.0,,label
15137025,473973,"Mind Control EP","Matthias (52)",2020,AOD006,https://www.discogs.com/release/15137025,https://i.discogs.com/CdikTKdjSh7wjjjIKtjTDbNDjL-mufknJkLwsXTrHLw/rs:fit/g:sm/q:40/h:150/w:150/czM6Ly9kaXNjb2dz/LWRhdGFiYXNlLWlt/YWdlcy9SLTE1MTM3/MDI1LTE2MDY5OTQ0/ODMtNzEyMS5qcGVn.jpeg,0,0,0,0,1771441859879,7,0.0,,label
15144462,921036,"Beckoned EP","Carl Finlow*",2016,CKNOWEP1,https://www.discogs.com/release/15144462,https://i.discogs.com/HnYTWE5puswtwK2xFjMmfUmQRBEwFIhTDTYxmJ3BdtI/rs:fit/g:sm/q:40/h:150/w:150/czM6Ly9kaXNjb2dz/LWRhdGFiYXNlLWlt/YWdlcy9SLTE1MTQ0/NDYyLTE1ODcyNDYw/NzgtNTQ2MC5qcGVn.jpeg,0,0,0,0,1771441861415,27,0.0,,label
15157671,1411307,"From The Vault",Ganymedes,2020,"EYA 008.5",https://www.discogs.com/release/15157671,https://i.discogs.com/QH9N-qZtKIM5j0uin1xwQE7geFefRNGKSKUqTMKzWrs/rs:fit/g:sm/q:40/h:150/w:150/czM6Ly9kaXNjb2dz/LWRhdGFiYXNlLWlt/YWdlcy9SLTE1MTU3/NjcxLTE1ODc0MjA1/NjEtODE0MC5qcGVn.jpeg,0,0,0,0,1771441863643,6,0.0,,label
15181989,1287914,"Shapeshifter EP","Mutant Volt",2020,SUPLU003,https://www.discogs.com/release/15181989,https://i.discogs.com/Ce1yNMgn3MfJ4irpmZ5VLE35cyWfs1EeGkpVL4DQDQQ/rs:fit/g:sm/q:40/h:150/w:150/czM6Ly9kaXNjb2dz/LWRhdGFiYXNlLWlt/YWdlcy9SLTE1MTgx/OTg5LTE3MjE1NzUy/NTAtMTA1MS5wbmc.jpeg,0,0,0,0,1771441851663,12,0.0,,label
15198919,952963,ATIPIC010,"Adrian Niculae & Dinu (4)",2020,ATIPIC010,https://www.discogs.com/release/15198919,https://i.discogs.com/FkM5kGCyJXRId5Gnut96DEnKg1lU03xKWUuslfF9E4I/rs:fit/g:sm/q:40/h:150/w:150/czM6Ly9kaXNjb2dz/LWRhdGFiYXNlLWlt/YWdlcy9SLTE1MTk4/OTE5LTE1ODc5OTMz/MzUtNjQ1NC5qcGVn.jpeg,1,1,0,0,1771444135382,15,1.0,,label
15210526,1411307,"Zero Market EP",Zolaa.,2020,EYA009,https://www.discogs.com/release/15210526,https://i.discogs.com/lkosdieaLeLVmf1Z7jflksDs6_Uf5N3OkHDUiyX8xB8/rs:fit/g:sm/q:40/h:150/w:150/czM6Ly9kaXNjb2dz/LWRhdGFiYXNlLWlt/YWdlcy9SLTE1MjEw/NTI2LTE2MDI3OTY5/OTItODI2My5qcGVn.jpeg,0,0,0,0,1771441863643,16,0.0,,label
15240504,1120990,"Phasic Reflex",Reptant,2020,OYSTER25,https://www.discogs.com/release/15240504,https://i.discogs.com/PYjuqcqEIi0o_nFGDGM_ZIyvAKjZjP8oQtv31AuAqmg/rs:fit/g:sm/q:40/h:150/w:150/czM6Ly9kaXNjb2dz/LWRhdGFiYXNlLWlt/YWdlcy9SLTE1MjQw/NTA0LTE2MDIwMDgz/MTUtODQxMi5qcGVn.jpeg,0,0,0,0,1771441850683,51,0.0,,label
15297147,852291,"Straight Into Darkness (Original Motion Picture Soundtrack)","Michael Convertino",2019,DDR684,https://www.discogs.com/release/15297147,https://i.discogs.com/nbHj_E63bFz0rFywdSNNDfDNU3s2L6gDbgRmSTls90U/rs:fit/g:sm/q:40/h:150/w:150/czM6Ly9kaXNjb2dz/LWRhdGFiYXNlLWlt/YWdlcy9SLTE1Mjk3/MTQ3LTE1ODkzNjAz/NjUtMjA3MC53ZWJw.jpeg,0,0,0,0,1771441866461,11,0.0,,label
15311545,1390196,"On A Nimbus Remixes","Priori (2)",2020,NAFF009,https://www.discogs.com/release/15311545,https://i.discogs.com/Q48V6jZ7x0mMgj8_hBi7Fi5xRErgcqGDTsN52GyE-g4/rs:fit/g:sm/q:40/h:150/w:150/czM6Ly9kaXNjb2dz/LWRhdGFiYXNlLWlt/YWdlcy9SLTE1MzEx/NTQ1LTE1OTYxNDM1/OTktNTcxNy5qcGVn.jpeg,0,0,0,0,1771441853832,14,0.0,,label
15320825,852291,"Jaguar Lives (Original Motion Picture Soundtrack)","Robert O. Ragland",2019,DDR665,https://www.discogs.com/release/15320825,https://i.discogs.com/qlBQRvCA7v6-oIzgU1m_tyu6veABbehVk2vLMraR-TI/rs:fit/g:sm/q:40/h:150/w:150/czM6Ly9kaXNjb2dz/LWRhdGFiYXNlLWlt/YWdlcy9SLTE1MzIw/ODI1LTE1ODk3MDI1/NzctODEzMS5qcGVn.jpeg,0,0,0,0,1771441866461,12,0.0,,label
15321493,1438825,Overcast,"Nite Fleit",2019,PE005,https://www.discogs.com/release/15321493,https://i.discogs.com/4OX5biqgAGCPDb3dJqAvrr42YxTCCGuTA9_jLM9cO1M/rs:fit/g:sm/q:40/h:150/w:150/czM6Ly9kaXNjb2dz/LWRhdGFiYXNlLWlt/YWdlcy9SLTE1MzIx/NDkzLTE1ODk3MTAz/ODAtMTg4MC5qcGVn.jpeg,0,0,0,0,1771441861047,9,0.0,,label
15321784,921036,Darkroom,"James Shinra",2019,CKNOWEP22,https://www.discogs.com/release/15321784,https://i.discogs.com/PzuSTD1yu0ftd19vG6qgh5mzDUacsseexYr7yWjuNU0/rs:fit/g:sm/q:40/h:150/w:150/czM6Ly9kaXNjb2dz/LWRhdGFiYXNlLWlt/YWdlcy9SLTE1MzIx/Nzg0LTE1ODk3MTM3/NTgtMzE1OC5qcGVn.jpeg,0,0,0,0,1771441861415,54,0.0,,label
15339005,952963,"Atipic Lab 07","Aparte (3) & Dan Blatov",2020,ATIPICLAB007,https://www.discogs.com/release/15339005,https://i.discogs.com/bvTk-nC_3gdEriQ05Bb5tUGcPtEnIQiGG50rk1tY1EI/rs:fit/g:sm/q:40/h:150/w:150/czM6Ly9kaXNjb2dz/LWRhdGFiYXNlLWlt/YWdlcy9SLTE1MzM5/MDA1LTE1OTAwNzQ1/ODgtNzYwOS5qcGVn.jpeg,1,1,0,0,1771444572121,34,1.0,,label
15339409,847737,"Now Remixes","Shari Vari (2)",2020,MT027,https://www.discogs.com/release/15339409,https://i.discogs.com/XrOsPkxTxlX15_gQtNh8hOoKCjScuoBS5FvhWzTv0yQ/rs:fit/g:sm/q:40/h:150/w:150/czM6Ly9kaXNjb2dz/LWRhdGFiYXNlLWlt/YWdlcy9SLTE1MzM5/NDA5LTE3MTg3NTcz/NTctNTA2Mi5qcGVn.jpeg,0,0,0,0,1771441863768,81,0.0,,label
15348571,847737,"Now Remixes","Shari Vari (2)",2020,"MT027, MALKATUTI0027D",https://www.discogs.com/release/15348571,https://i.discogs.com/VaJd7-HQWoWRUwHZdFVJ2WZZW3pTeqm1NWY3Qp2T1LU/rs:fit/g:sm/q:40/h:150/w:150/czM6Ly9kaXNjb2dz/LWRhdGFiYXNlLWlt/YWdlcy9SLTE1MzQ4/NTcxLTE1OTAxMTQ5/OTAtNDM1MS5qcGVn.jpeg,0,0,0,0,1771441863768,44,0.0,,label
15349458,852291,"The David Spear Collection Vol. 1","David Spear",2020,DDR688,https://www.discogs.com/release/15349458,https://i.discogs.com/K6ODJQtn_rFol2s7pZ3KA9qg5B1pmssA1fsYVG4vW6g/rs:fit/g:sm/q:40/h:150/w:150/czM6Ly9kaXNjb2dz/LWRhdGFiYXNlLWlt/YWdlcy9SLTE1MzQ5/NDU4LTE2Nzg3MDEw/NTctNjgyMy5qcGVn.jpeg,0,0,0,0,1771441866461,14,0.0,,label
15352366,852291,"The Dan Redfeld Collection Volume 1 (Music from Various Short Films)","Dan Redfeld",2019,DDR634,https://www.discogs.com/release/15352366,https://i.discogs.com/Iip4MQ9J3LSDRnBJCG0s7nhxlYGazxOMkWbAVbntE1o/rs:fit/g:sm/q:40/h:150/w:150/czM6Ly9kaXNjb2dz/LWRhdGFiYXNlLWlt/YWdlcy9SLTE1MzUy/MzY2LTE1OTAxNzM1/MDItNTMyMi53ZWJw.jpeg,0,0,0,0,1771441866461,96,0.0,,label
15355041,1390196,Blue,"URA (3)",2020,NAFF008,https://www.discogs.com/release/15355041,https://i.discogs.com/Mt00bauY7xnmH0mxdxCP74MNteoUCNy8lVkV-ZbP-WQ/rs:fit/g:sm/q:40/h:150/w:150/czM6Ly9kaXNjb2dz/LWRhdGFiYXNlLWlt/YWdlcy9SLTE1MzU1/MDQxLTE1OTAyMTk3/NzEtOTc1OS5qcGVn.jpeg,0,0,0,0,1771441853832,12,0.0,,label
15373598,363756,Falling,"Pender Street Steppers",2019,MH023,https://www.discogs.com/release/15373598,https://i.discogs.com/0us7_9KKVyS6SRKTV3iqyL9XyQ9vA1bxlfe7UxSWV0c/rs:fit/g:sm/q:40/h:150/w:150/czM6Ly9kaXNjb2dz/LWRhdGFiYXNlLWlt/YWdlcy9SLTE1Mzcz/NTk4LTE1OTA0OTEz/NzEtNTU0OS5qcGVn.jpeg,1,0,0,0,1771423172226,2,0.0,"Track match issue: YouTube API error 403: {
  ""error"": {
    ""code"": 403,
    ""message"": ""Requests to this API youtube method youtube.api.v3.V3DataSearchService.List are blocked."",
    ""errors"": [
      {
        ""message"": ""Requests to this API youtube method youtube.api.v3.V3DataSearchService.List are blocked."",
        ""domain"": ""global"",
        ""reason"": ""forbidden""
      }
    ],
    ""status"": ""PERMISSION_DENIED"",
    ""details"": [
      {
        ""@type"": ""type.googleapis.com/google.rpc.ErrorInfo"",
        ""reason"": ""API_KEY_SERVICE_BLOCKED"",
        ""domain"": ""googleapis.com"",
        ""metadata"": {
          ""methodName"": ""youtube.api.v3.V3DataSearchService.List"",
          ""apiName"": ""youtube"",
          ""consumer"": ""projects/1097707475336"",
          ""service"": ""youtube.googleapis.com""
        }
      },
      {
        ""@type"": ""type.googleapis.com/google.rpc.LocalizedMessage"",
        ""locale"": ""en-US"",
        ""message"": ""Requests to this API youtube method youtube.api.v3.V3DataSearchService.List are blocked.""
      }
    ]
  }
}
",label
15420267,1120990,Plooi,Eversines,2020,OYSTER27,https://www.discogs.com/release/15420267,https://i.discogs.com/QT9R4eUMcrWEr78c20HpAHq73PN_cotbIXfviOuSDUU/rs:fit/g:sm/q:40/h:150/w:150/czM6Ly9kaXNjb2dz/LWRhdGFiYXNlLWlt/YWdlcy9SLTE1NDIw/MjY3LTE2NTUyMjA3/MTYtNjczMi5qcGVn.jpeg,0,0,0,0,1771441850683,3,0.0,,label
15421008,921036,"Pioneers EP","Derek Carr",2018,CKNOWEP10,https://www.discogs.com/release/15421008,https://i.discogs.com/9nC2BfQNd5PKMy4_r6auNqCKfyZkDtiUpoi-ttGc4IY/rs:fit/g:sm/q:40/h:150/w:150/czM6Ly9kaXNjb2dz/LWRhdGFiYXNlLWlt/YWdlcy9SLTE1NDIx/MDA4LTE1OTEyNzQy/MTQtMjQzNS5qcGVn.jpeg,0,0,0,0,1771441861415,30,0.0,,label
15433217,952963,"Atipic Lab 008","Direkt (3)",2020,ATIPICLAB008,https://www.discogs.com/release/15433217,https://i.discogs.com/IUCe0PIaRyIHMUBxBLDY8IyX4EKsl6u9nfLuo1ydL8E/rs:fit/g:sm/q:40/h:150/w:150/czM6Ly9kaXNjb2dz/LWRhdGFiYXNlLWlt/YWdlcy9SLTE1NDMz/MjE3LTE1OTE0NTMw/NzktNjQzMy5qcGVn.jpeg,1,1,0,0,1771444574870,35,1.0,,label
15488932,847737,"Hielo Boca Remixes",Decha,2020,MT0028,https://www.discogs.com/release/15488932,https://i.discogs.com/ePP1t8G_H8eBk4_bh4LteWT4Q10-IlccjazVynNnSCU/rs:fit/g:sm/q:40/h:150/w:150/czM6Ly9kaXNjb2dz/LWRhdGFiYXNlLWlt/YWdlcy9SLTE1NDg4/OTMyLTE1OTIzODEz/MTEtNDMwMi5qcGVn.jpeg,0,0,0,0,1771441863768,54,0.0,,label
15497467,952963,"Atipic Lab 009",Lizz,2020,ATIPICLAB009,https://www.discogs.com/release/15497467,https://i.discogs.com/50tN0u0ccKpdRpsOB3wIJFxc3VbDH1OzWAo4GCwFCnQ/rs:fit/g:sm/q:40/h:150/w:150/czM6Ly9kaXNjb2dz/LWRhdGFiYXNlLWlt/YWdlcy9SLTE1NDk3/NDY3LTE1OTI2NTQw/NzYtNzcyMS5qcGVn.jpeg,1,1,0,0,1771446271313,36,1.0,"Track match issue: FOREIGN KEY constraint failed",label
15507533,852291,"A Doggone Hollywood","Chuck Cirino",2017,DDR630,https://www.discogs.com/release/15507533,,0,0,0,0,1771441866461,91,0.0,,label
15585142,1913682,Hallo,"Darcey Electronics",2020,PLF001,https://www.discogs.com/release/15585142,https://i.discogs.com/3mjD_2zCbfdegYqAKqzSgbhklc1GuEnWcEdGgmLWi68/rs:fit/g:sm/q:40/h:150/w:150/czM6Ly9kaXNjb2dz/LWRhdGFiYXNlLWlt/YWdlcy9SLTE1NTg1/MTQyLTE2NTI3MzI1/NDMtNjk5Ni5wbmc.jpeg,0,0,0,0,1771441855545,4,0.0,,label
15593743,847737,"Hielo Boca Remixes",Decha,2020,MT028,https://www.discogs.com/release/15593743,https://i.discogs.com/a_AnYK7vz2wIUHzS5MptlJOXEu9OU_MKA_cHNaHKi8U/rs:fit/g:sm/q:40/h:150/w:150/czM6Ly9kaXNjb2dz/LWRhdGFiYXNlLWlt/YWdlcy9SLTE1NTkz/NzQzLTE2Njg2NzU4/OTUtODg5NS5qcGVn.jpeg,0,0,0,0,1771441863768,83,0.0,,label
15603090,952963,"Atipic Lab 010",DumitrEscu,2020,ATIPICLAB010,https://www.discogs.com/release/15603090,https://i.discogs.com/-P75kce6_HZoQWTNKLI9KSlO8y5guOGjMlAYc7JmD2s/rs:fit/g:sm/q:40/h:150/w:150/czM6Ly9kaXNjb2dz/LWRhdGFiYXNlLWlt/YWdlcy9SLTE1NjAz/MDkwLTE1OTQzNzMz/MTUtNTQwOC5qcGVn.jpeg,1,1,0,0,1771446273601,37,1.0,,label
15611648,1592903,Bloom,Hypervigilance,2020,FRS007,https://www.discogs.com/release/15611648,https://i.discogs.com/hwaTMWOGz7o9gIUmV0f0h26rKstSLjAU1toeVWzzuYA/rs:fit/g:sm/q:40/h:150/w:150/czM6Ly9kaXNjb2dz/LWRhdGFiYXNlLWlt/YWdlcy9SLTE1NjEx/NjQ4LTE1OTQ1MjA1/NDktOTI2MS5qcGVn.jpeg,0,0,0,0,1771441866063,9,0.0,,label
15635395,921036,"War Child 4",Various,2020,CKNOW4,https://www.discogs.com/release/15635395,https://i.discogs.com/r0WxGOynJacv1xcDJeIgbtxUstSJvwzA84FtBisUCd0/rs:fit/g:sm/q:40/h:150/w:150/czM6Ly9kaXNjb2dz/LWRhdGFiYXNlLWlt/YWdlcy9SLTE1NjM1/Mzk1LTE1OTQ5NDQy/MjAtOTA4NC5qcGVn.jpeg,0,0,0,0,1771441861415,17,0.0,,label
15666681,1390196,Blue,"URA (3)",2020,NAFF008,https://www.discogs.com/release/15666681,https://i.discogs.com/lJnv092Ai74yok7q-81zZ4eSmcXUPseMQGfXJUMqMMQ/rs:fit/g:sm/q:40/h:150/w:150/czM6Ly9kaXNjb2dz/LWRhdGFiYXNlLWlt/YWdlcy9SLTE1NjY2/NjgxLTE1OTYwNzQw/MjUtNDc0OS5qcGVn.jpeg,0,0,0,0,1771441853832,13,0.0,,label
15696718,473973,"Something's Going To Happen EP",Dawl,2020,AOD007,https://www.discogs.com/release/15696718,https://i.discogs.com/Iy_q-NcCmbzwOQxtG6SAFsFZYlxv5wSgzlOdziMc9KI/rs:fit/g:sm/q:40/h:150/w:150/czM6Ly9kaXNjb2dz/LWRhdGFiYXNlLWlt/YWdlcy9SLTE1Njk2/NzE4LTE1OTYyNTMw/OTEtOTc1OS5qcGVn.jpeg,0,0,0,0,1771441859879,9,0.0,,label
15729678,1438825,"Faerie Stomp","Psychedelic Budz",2020,PE012,https://www.discogs.com/release/15729678,https://i.discogs.com/eoIoXEVuWxXLF_Uud8oEkpYm-wfGyWUUZbw100sAsnY/rs:fit/g:sm/q:40/h:150/w:150/czM6Ly9kaXNjb2dz/LWRhdGFiYXNlLWlt/YWdlcy9SLTE1NzI5/Njc4LTE1OTY3MjA2/NzAtODA0Mi5qcGVn.jpeg,0,0,0,0,1771441861047,18,0.0,,label
15795327,1015857,"Die Nag EP","Vladimir Gnatenko*",2020,"AOP 005",https://www.discogs.com/release/15795327,https://i.discogs.com/d6Vq85g2wzk8v2oXo7fhOzp9O4LTsgqxfKRZiENb5jE/rs:fit/g:sm/q:40/h:150/w:150/czM6Ly9kaXNjb2dz/LWRhdGFiYXNlLWlt/YWdlcy9SLTE1Nzk1/MzI3LTE1OTgwODU4/MjgtMjE1NC5wbmc.jpeg,1,1,0,0,1771444131262,6,1.0,,label
15812338,921036," Live From The Sea Of Tranquility","A Sagittariun",2020,"CKNOWEP 25",https://www.discogs.com/release/15812338,https://i.discogs.com/tWWF8FxqEPIUl2cgMYBQNNh0Tu5WLcupI8p0bAIPjvg/rs:fit/g:sm/q:40/h:150/w:150/czM6Ly9kaXNjb2dz/LWRhdGFiYXNlLWlt/YWdlcy9SLTE1ODEy/MzM4LTE1OTgyODkx/ODktNTQ2Mi5qcGVn.jpeg,0,0,0,0,1771441861415,20,0.0,,label
15820544,1798608,Aeiro,"iota (15)",2020,ANIMA2,https://www.discogs.com/release/15820544,https://i.discogs.com/uL7sprpMX9fCbUEj8FHmy5y5kqbZtkpyufVcJMdcCSs/rs:fit/g:sm/q:40/h:150/w:150/czM6Ly9kaXNjb2dz/LWRhdGFiYXNlLWlt/YWdlcy9SLTE1ODIw/NTQ0LTE1OTg0MDEz/MjYtNTUyNi5wbmc.jpeg,1,1,0,1,1771451155484,10,0.75,,label
15832537,473973,Confidential,"Visitor (22)",2020,AODRSD001,https://www.discogs.com/release/15832537,https://i.discogs.com/HzftsnWVaWhUobbupgFnYbpbbcLzBn7hDbTRM0KZgig/rs:fit/g:sm/q:40/h:150/w:150/czM6Ly9kaXNjb2dz/LWRhdGFiYXNlLWlt/YWdlcy9SLTE1ODMy/NTM3LTE1OTg2MjQ2/OTYtNDIyOS5qcGVn.jpeg,0,0,0,0,1771441859879,24,0.0,,label
15858373,1592903,III,"Karger Traum",2020,"DKA022, FRS008",https://www.discogs.com/release/15858373,https://i.discogs.com/HN51MT3jHjBFHbH7XwzxC8H3XrCLCs1DocX-lZSYDGI/rs:fit/g:sm/q:40/h:150/w:150/czM6Ly9kaXNjb2dz/LWRhdGFiYXNlLWlt/YWdlcy9SLTE1ODU4/MzczLTE1OTkwODY1/NzEtNzUzNi5qcGVn.jpeg,0,0,0,0,1771441866063,10,0.0,,label
15858537,1592903,III,"Karger Traum",2020,"DKA022, FRS008",https://www.discogs.com/release/15858537,https://i.discogs.com/GrxzodVRA7srcISi8QR8xjqngda8u12u27zL3XqQLv0/rs:fit/g:sm/q:40/h:150/w:150/czM6Ly9kaXNjb2dz/LWRhdGFiYXNlLWlt/YWdlcy9SLTE1ODU4/NTM3LTE1OTkwOTA2/NTEtODk2Mi5qcGVn.jpeg,0,0,0,0,1771441866063,11,0.0,,label
15860378,1287914,Voyager,"Raiders Of The Lost ARP",2020,SUPLU004,https://www.discogs.com/release/15860378,https://i.discogs.com/tRD4O6u159M0KWJM_VpbsMfGXIWOz8eqKNpe8McIEZs/rs:fit/g:sm/q:40/h:150/w:150/czM6Ly9kaXNjb2dz/LWRhdGFiYXNlLWlt/YWdlcy9SLTE1ODYw/Mzc4LTE2MDg1NzU4/NDYtODUxMy5qcGVn.jpeg,0,0,0,0,1771441851663,13,0.0,,label
15879990,852291,"Lady Beware (Original Score From The Motion Picture)","Craig Safan",2020,DDR702,https://www.discogs.com/release/15879990,https://i.discogs.com/QcYCgoUPX0R8MTfPNPUl04C4EZ7iUUPz1hOb8ik9FfU/rs:fit/g:sm/q:40/h:150/w:150/czM6Ly9kaXNjb2dz/LWRhdGFiYXNlLWlt/YWdlcy9SLTE1ODc5/OTkwLTE1OTk0OTE3/MTAtNDk5MC5qcGVn.jpeg,0,0,0,0,1771441866461,15,0.0,,label
15902887,921036,"Time To Throw Down EP",Dawl,2019,CKNOWEP19,https://www.discogs.com/release/15902887,https://i.discogs.com/T159l-ux0u-nub0Oi-dNg9Wb0dGvwfvNTr1q1niVr_o/rs:fit/g:sm/q:40/h:150/w:150/czM6Ly9kaXNjb2dz/LWRhdGFiYXNlLWlt/YWdlcy9SLTE1OTAy/ODg3LTE1OTk5MDAz/OTMtOTgxOS5qcGVn.jpeg,0,0,0,0,1771441861415,47,0.0,,label
15902920,921036,"Descent EP","Carl Finlow*",2020,CKNOWEP24,https://www.discogs.com/release/15902920,https://i.discogs.com/eBq730WbQd2Ffmr5CNMVglJSa8omF-53zghwjS9F6IE/rs:fit/g:sm/q:40/h:150/w:150/czM6Ly9kaXNjb2dz/LWRhdGFiYXNlLWlt/YWdlcy9SLTE1OTAy/OTIwLTE1OTk5MDEx/NjAtOTc1Ny5qcGVn.jpeg,0,0,0,0,1771441861415,58,0.0,,label
15906084,852291,"The Peter Bernstein Collection Volume 1","Peter Bernstein (3)",2020,DDR620,https://www.discogs.com/release/15906084,https://i.discogs.com/qfnxlSvoD_tHJPnElOkPtEKKaqUamthjMJWmx4GqqFg/rs:fit/g:sm/q:40/h:150/w:150/czM6Ly9kaXNjb2dz/LWRhdGFiYXNlLWlt/YWdlcy9SLTE1OTA2/MDg0LTE1OTk5NDc1/MzctOTIzNy5qcGVn.jpeg,0,0,0,0,1771441866461,82,0.0,,label
15916856,1411307,"Enigma EP","Master Flashhh",2020,EYA010,https://www.discogs.com/release/15916856,https://i.discogs.com/gl14Bmw1J69160i62pqecziGA6R1Y83Tlbj4oSwnqN0/rs:fit/g:sm/q:40/h:150/w:150/czM6Ly9kaXNjb2dz/LWRhdGFiYXNlLWlt/YWdlcy9SLTE1OTE2/ODU2LTE2MDU0NzU1/NTYtMjk2NS5qcGVn.jpeg,0,0,0,0,1771441863643,17,0.0,,label
15924097,921036,Shadow,Frey*,2020,CKNOWEP26,https://www.discogs.com/release/15924097,https://i.discogs.com/D_J-UYWCfL7IvjDoAjxvrJddLdNIb_2fOTIhMT2CNr4/rs:fit/g:sm/q:40/h:150/w:150/czM6Ly9kaXNjb2dz/LWRhdGFiYXNlLWlt/YWdlcy9SLTE1OTI0/MDk3LTE2MDAyODE1/NTktNTQxNS5qcGVn.jpeg,0,0,0,0,1771441861415,59,0.0,,label
15964220,1438825,"Faerie Stomp","Psychedelic Budz",2020,PE012,https://www.discogs.com/release/15964220,https://i.discogs.com/-l4ocR8It6DYYzyNLhxjr47P-Q2dMdHA2eDf7F0Jwvc/rs:fit/g:sm/q:40/h:150/w:150/czM6Ly9kaXNjb2dz/LWRhdGFiYXNlLWlt/YWdlcy9SLTE1OTY0/MjIwLTE2MDEwMTk5/MTYtMTY3OS5qcGVn.jpeg,0,0,0,0,1771441861047,19,0.0,,label
15994976,363756,"Obit For Sunshade",Hotspring,2020,MH025,https://www.discogs.com/release/15994976,https://i.discogs.com/DB0xyoPB7RTt-ksAbBKwpXn3w1uIqZ523u6f_qr9qtI/rs:fit/g:sm/q:40/h:150/w:150/czM6Ly9kaXNjb2dz/LWRhdGFiYXNlLWlt/YWdlcy9SLTE1OTk0/OTc2LTE2MDE1NjU2/ODYtNTAyNy5qcGVn.jpeg,1,0,0,0,1771423307782,58,0.0,"Track match issue: YouTube API error 403: {
  ""error"": {
    ""code"": 403,
    ""message"": ""Requests to this API youtube method youtube.api.v3.V3DataSearchService.List are blocked."",
    ""errors"": [
      {
        ""message"": ""Requests to this API youtube method youtube.api.v3.V3DataSearchService.List are blocked."",
        ""domain"": ""global"",
        ""reason"": ""forbidden""
      }
    ],
    ""status"": ""PERMISSION_DENIED"",
    ""details"": [
      {
        ""@type"": ""type.googleapis.com/google.rpc.ErrorInfo"",
        ""reason"": ""API_KEY_SERVICE_BLOCKED"",
        ""domain"": ""googleapis.com"",
        ""metadata"": {
          ""apiName"": ""youtube"",
          ""methodName"": ""youtube.api.v3.V3DataSearchService.List"",
          ""service"": ""youtube.googleapis.com"",
          ""consumer"": ""projects/1097707475336""
        }
      },
      {
        ""@type"": ""type.googleapis.com/google.rpc.LocalizedMessage"",
        ""locale"": ""en-US"",
        ""message"": ""Requests to this API youtube method youtube.api.v3.V3DataSearchService.List are blocked.""
      }
    ]
  }
}
",label
16033701,921036,"Only Human / Weaponized",Wheez-ie*,2020,EVIL003,https://www.discogs.com/release/16033701,https://i.discogs.com/m-AT46CDZ5fsSybU63zdE4LGBLikN3-Ma2H5ZQakjO0/rs:fit/g:sm/q:40/h:150/w:150/czM6Ly9kaXNjb2dz/LWRhdGFiYXNlLWlt/YWdlcy9SLTE2MDMz/NzAxLTE2MDI1MzQ2/NjgtNjkyMC5qcGVn.jpeg,0,0,0,0,1771441861415,6,0.0,,label
16046566,1913682,"Return To Planet X'trapolis",Reptant,2020,LKR010,https://www.discogs.com/release/16046566,https://i.discogs.com/3sm4sFuxpGmMKHya4VeSuK5FnpV-kSjD3FEtma-vaKw/rs:fit/g:sm/q:40/h:150/w:150/czM6Ly9kaXNjb2dz/LWRhdGFiYXNlLWlt/YWdlcy9SLTE2MDQ2/NTY2LTE2MDg2MTEw/MTgtNjE0NS5qcGVn.jpeg,0,0,0,0,1771441855545,5,0.0,,label
16059340,1913682,"Stylish Tantrum","Roza Terenzi",2020,STEP01,https://www.discogs.com/release/16059340,https://i.discogs.com/68dTiUB3QPYDEQMewjDM-iaAIwX9aVMRsk3zP_6xM50/rs:fit/g:sm/q:40/h:150/w:150/czM6Ly9kaXNjb2dz/LWRhdGFiYXNlLWlt/YWdlcy9SLTE2MDU5/MzQwLTE2MDI3MDgx/MTItNzk3OS5qcGVn.jpeg,0,0,0,0,1771441855545,6,0.0,,label
16102940,1390196,"Mind Kiss EP","Ambien Baby",2020,NAFF010,https://www.discogs.com/release/16102940,https://i.discogs.com/2Lrq-aKICk0Rz9zK-8aZrUnxiOaZGNX8fB_uCAjGL8Y/rs:fit/g:sm/q:40/h:150/w:150/czM6Ly9kaXNjb2dz/LWRhdGFiYXNlLWlt/YWdlcy9SLTE2MTAy/OTQwLTE2MDM0NzE5/MDYtMzUzMC5qcGVn.jpeg,0,0,0,0,1771441853832,15,0.0,,label
16116709,952963,Atipic011,"Franco Cinelli & Esteban Gutierrez featuring Lux Z",2020,ATIPIC011,https://www.discogs.com/release/16116709,https://i.discogs.com/q3r5dkbhJJ1IhEgXzc3jqITtk1hHxYbxtPAsonm_Uww/rs:fit/g:sm/q:40/h:150/w:150/czM6Ly9kaXNjb2dz/LWRhdGFiYXNlLWlt/YWdlcy9SLTE2MTE2/NzA5LTE2MDM3MTMw/OTAtMTk2OC5qcGVn.jpeg,1,1,0,0,1771444137086,16,1.0,,label
16121649,1411307,"Sleepshop EP",Zots*,2020,EYA011,https://www.discogs.com/release/16121649,https://i.discogs.com/i1DfT4UrwJGkL281biydymcMkhZ6i00T8fhgCUUdEog/rs:fit/g:sm/q:40/h:150/w:150/czM6Ly9kaXNjb2dz/LWRhdGFiYXNlLWlt/YWdlcy9SLTE2MTIx/NjQ5LTE2MDU5MDM2/MjAtODcwMC5qcGVn.jpeg,0,0,0,0,1771441863643,19,0.0,,label
16132306,847737,"Saft 3","Die Orangen",2020,MT029,https://www.discogs.com/release/16132306,https://i.discogs.com/o86LzJ3Ee4mPg2srGVj4yWBZX_necGrqALwEizMhVWM/rs:fit/g:sm/q:40/h:150/w:150/czM6Ly9kaXNjb2dz/LWRhdGFiYXNlLWlt/YWdlcy9SLTE2MTMy/MzA2LTE2MDM5ODAw/NTEtNzI3OC5qcGVn.jpeg,0,0,0,0,1771441863768,84,0.0,,label
16135887,921036,"Time To Throw Down EP",Dawl,2019,CKNOWEP19,https://www.discogs.com/release/16135887,https://i.discogs.com/3VFjLjPnsxa6wYLTQAimPtFQpIh3YW-0ZmRQW_pn38s/rs:fit/g:sm/q:40/h:150/w:150/czM6Ly9kaXNjb2dz/LWRhdGFiYXNlLWlt/YWdlcy9SLTE2MTM1/ODg3LTE2MjAyMTg2/MDgtNTM3MC5qcGVn.jpeg,0,0,0,0,1771441861415,48,0.0,,label
16153213,1927891,"Nobody Cares Till Everybody Does","Kofi Stone",,TC001,https://www.discogs.com/releases/16153213,https://i.discogs.com/HGOReUIFKZ2n_tbhHf_nBjjCfTM4UI9ozQyEEGadKoA/rs:fit/g:sm/q:40/h:150/w:150/czM6Ly9kaXNjb2dz/LWRhdGFiYXNlLWlt/YWdlcy9SLTE2MTUz/MjEzLTE2MTQyODM4/ODUtNjk1Ny5qcGVn.jpeg,1,0,0,1,1771445244032,61,0.0,,discogs_want
16157723,952963,"Atipic Lab 11","Livio & Roby",2020,ATIPICLAB011,https://www.discogs.com/release/16157723,https://i.discogs.com/YNgw-yLUe64MHqVyp6Jk_mOsXcPFY4fi4a2Dh1al6Tk/rs:fit/g:sm/q:40/h:150/w:150/czM6Ly9kaXNjb2dz/LWRhdGFiYXNlLWlt/YWdlcy9SLTE2MTU3/NzIzLTE2MDQ0MjAw/NjUtNzQ0My5qcGVn.jpeg,1,1,0,0,1771446274529,38,1.0,,label
16167582,1120990,"X-Ray Records 1992-1994","Raymond Castoldi*",2020,OYSTER4,https://www.discogs.com/release/16167582,https://i.discogs.com/oP7T5_yPJUxK4bpuaBydchHrBS2FAlIJoejMxWKo8z0/rs:fit/g:sm/q:40/h:150/w:150/czM6Ly9kaXNjb2dz/LWRhdGFiYXNlLWlt/YWdlcy9SLTE2MTY3/NTgyLTE2MDQ1OTk3/MzQtOTA3MC5qcGVn.jpeg,0,0,0,0,1771441850683,73,0.0,,label
16200797,1120990,"Trip 2 Fantasy","Furious Frank",2020,OYSTER28,https://www.discogs.com/release/16200797,https://i.discogs.com/WEYLsLiZ0EOdfks7q_jRIZDQmzt8FbHb81XeqZUh9IU/rs:fit/g:sm/q:40/h:150/w:150/czM6Ly9kaXNjb2dz/LWRhdGFiYXNlLWlt/YWdlcy9SLTE2MjAw/Nzk3LTE2MTAxMDM3/NDktNzM5Ni5qcGVn.jpeg,0,0,0,0,1771441850683,4,0.0,,label
16217293,1913682,"Only B-Sides","Sentiments (2) / Hyas",2020,LIGHTON005,https://www.discogs.com/release/16217293,https://i.discogs.com/9cWcimtM_sr_j0nRfqSihDceSly59PC7CoEBh68F2fc/rs:fit/g:sm/q:40/h:150/w:150/czM6Ly9kaXNjb2dz/LWRhdGFiYXNlLWlt/YWdlcy9SLTE2MjE3/MjkzLTE2MDU0NDM2/OTEtMTg3OS5qcGVn.jpeg,0,0,0,0,1771441855545,7,0.0,,label
16270177,1913682,Anther,"OK EG",2020,STPLJCK005,https://www.discogs.com/release/16270177,https://i.discogs.com/HC8v9fC9eK1ncmz46VycrXwNio7RT2WToHnF8ZiValE/rs:fit/g:sm/q:40/h:150/w:150/czM6Ly9kaXNjb2dz/LWRhdGFiYXNlLWlt/YWdlcy9SLTE2Mjcw/MTc3LTE2MDYzMjQy/OTAtNDE0MS5wbmc.jpeg,0,0,0,0,1771441855545,8,0.0,,label
16272779,1913682,"Mysteries Of Science","Mysteries Of Science",2020,rd002,https://www.discogs.com/release/16272779,https://i.discogs.com/AcLCMLG0xEW9HakuBkniRzyZmEeOhIlhqW1I7fefl7w/rs:fit/g:sm/q:40/h:150/w:150/czM6Ly9kaXNjb2dz/LWRhdGFiYXNlLWlt/YWdlcy9SLTE2Mjcy/Nzc5LTE2MDYzNzM4/NTItNjk0NS5qcGVn.jpeg,0,0,0,0,1771441855545,9,0.0,,label
16298264,1438825,"Modern Bliss","Roza Terenzi",2020,PE011,https://www.discogs.com/release/16298264,https://i.discogs.com/UERHN4T80PU7-y4W2s3FySAF_tYaahmQw_yf-nfB2Qw/rs:fit/g:sm/q:40/h:150/w:150/czM6Ly9kaXNjb2dz/LWRhdGFiYXNlLWlt/YWdlcy9SLTE2Mjk4/MjY0LTE3NTMwNDUy/NjYtOTE5Mi5qcGVn.jpeg,0,0,0,0,1771441861047,17,0.0,,label
16316574,1913682,"Burns Me Up","Pillow Queen",2020,DR001,https://www.discogs.com/release/16316574,https://i.discogs.com/Dl8cBslbV4uxUF2w1KbP6-N9XIAbzUl6X2ngcD4l654/rs:fit/g:sm/q:40/h:150/w:150/czM6Ly9kaXNjb2dz/LWRhdGFiYXNlLWlt/YWdlcy9SLTE2MzE2/NTc0LTE2MDcwMjE2/NzItMTY4Ny5qcGVn.jpeg,0,0,0,0,1771441855545,10,0.0,,label
16337712,921036,"Where Do We Go From Here?","No Moon",2019,CKNOWEP15,https://www.discogs.com/release/16337712,https://i.discogs.com/kM7u0TaxjuleRfaRpqiLdDe4YhclAAhM206BQ3VGAPg/rs:fit/g:sm/q:40/h:150/w:150/czM6Ly9kaXNjb2dz/LWRhdGFiYXNlLWlt/YWdlcy9SLTE2MzM3/NzEyLTE2MDcxNDgw/NDctODI0MS5qcGVn.jpeg,0,0,0,0,1771441861415,39,0.0,,label
16353615,1798608,Aeiro,"iota (15)",2020,ANIMA2,https://www.discogs.com/release/16353615,https://i.discogs.com/32-kRGm49zkK1DyRyz0cLq-bKaYnE90rgG0kf_wXy9I/rs:fit/g:sm/q:40/h:150/w:150/czM6Ly9kaXNjb2dz/LWRhdGFiYXNlLWlt/YWdlcy9SLTE2MzUz/NjE1LTE2MDcyNDIy/NjMtNDgyMS5qcGVn.jpeg,1,1,0,0,1771451157258,11,0.75,,label
16369314,1913682,"Cobra Remixes","Mogambo (โมกัมโบ)",2020,"ST-๐๐๓",https://www.discogs.com/release/16369314,https://i.discogs.com/SqyGXnbVfQ_M4Tx72gpC0Wv14C2jzaSsHgTnVm5nm7g/rs:fit/g:sm/q:40/h:150/w:150/czM6Ly9kaXNjb2dz/LWRhdGFiYXNlLWlt/YWdlcy9SLTE2MzY5/MzE0LTE2NjkxMjE3/NzctNTIwMC5qcGVn.jpeg,0,0,0,0,1771441855545,11,0.0,,label
16381293,1913682,"Mysteries Of Science","Mysteries Of Science",2020,rd002,https://www.discogs.com/release/16381293,https://i.discogs.com/EokSLJ0ACuIudecSPfDxUb-svHMJ-HMhhAU8XXPdGxM/rs:fit/g:sm/q:40/h:150/w:150/czM6Ly9kaXNjb2dz/LWRhdGFiYXNlLWlt/YWdlcy9SLTE2Mzgx/MjkzLTE2MDczOTE3/OTYtODA0Ni5qcGVn.jpeg,0,0,0,0,1771441855545,12,0.0,,label
16398999,1120990,"Lazulination EP","B'Zircon",2021,OYSTER26,https://www.discogs.com/release/16398999,https://i.discogs.com/PRLDABjZZI6PkbRWWHY4UyesdVgYDQ0TvADI7gdjEyU/rs:fit/g:sm/q:40/h:150/w:150/czM6Ly9kaXNjb2dz/LWRhdGFiYXNlLWlt/YWdlcy9SLTE2Mzk4/OTk5LTE2MTI1NDYw/MTUtNzAzMS5qcGVn.jpeg,0,0,0,0,1771441850683,52,0.0,,label
16400691,921036,"Thunderstrike EP","Larionov & St. Theodore",2020,CKNOWEP27,https://www.discogs.com/release/16400691,https://i.discogs.com/bxpqFdxaIvrB9iP1k4TY3IZIgIzmWV8y_lWqYhS1CQQ/rs:fit/g:sm/q:40/h:150/w:150/czM6Ly9kaXNjb2dz/LWRhdGFiYXNlLWlt/YWdlcy9SLTE2NDAw/NjkxLTE2MDc1MTgy/NTYtNTAwMC5qcGVn.jpeg,0,0,0,0,1771441861415,60,0.0,,label
16410753,473973,"Attention EP","Jack Keo",2020,AOD008,https://www.discogs.com/release/16410753,https://i.discogs.com/Kb8GbUK502HHX86FWByiyU1aqG-2z4i9vI6iHmq7-CE/rs:fit/g:sm/q:40/h:150/w:150/czM6Ly9kaXNjb2dz/LWRhdGFiYXNlLWlt/YWdlcy9SLTE2NDEw/NzUzLTE2MDc1NzU5/NTgtNjkwNC5qcGVn.jpeg,0,0,0,0,1771441859879,10,0.0,,label
16411014,1287914,"Crimson Legacy EP","Edward Norton (2)",2020,SUPLU005,https://www.discogs.com/release/16411014,https://i.discogs.com/cPee20udGFFB-xJLvI0PbBy1Vfe5wFTbMRSVBc5R0Mo/rs:fit/g:sm/q:40/h:150/w:150/czM6Ly9kaXNjb2dz/LWRhdGFiYXNlLWlt/YWdlcy9SLTE2NDEx/MDE0LTE2MDg1NzU1/NjctNjMxMy5qcGVn.jpeg,0,0,0,0,1771441851663,14,0.0,,label
16411143,473973,"Chainsaw Man EP","Do Or Die (9)",2020,AOD009,https://www.discogs.com/release/16411143,,0,0,0,0,1771441859879,11,0.0,,label
16438263,1592903,HF,"Ephemera (9)",2020,FRS009,https://www.discogs.com/release/16438263,https://i.discogs.com/4kvr4Mzy1EuG0cC_DmbEhEh61zKg9R_ehGWed8mhX2c/rs:fit/g:sm/q:40/h:150/w:150/czM6Ly9kaXNjb2dz/LWRhdGFiYXNlLWlt/YWdlcy9SLTE2NDM4/MjYzLTE2MDc3NTEw/NjctMjYzMy5qcGVn.jpeg,0,0,0,0,1771441866063,12,0.0,,label
16484577,1798608,"Prismatic Spring","OK EG",2021,ANIMA3,https://www.discogs.com/release/16484577,https://i.discogs.com/wgwwXI7_hZ-1SHT6FUaqxRe8fO1lk0tCygTle-cKfPs/rs:fit/g:sm/q:40/h:150/w:150/czM6Ly9kaXNjb2dz/LWRhdGFiYXNlLWlt/YWdlcy9SLTE2NDg0/NTc3LTE2MDgwMzEw/NTktOTI1Ny5qcGVn.jpeg,1,1,1,0,1771451161775,12,1.0,,label
16501308,1438825,"Tiny Planet Vol 3",Various,2020,PE013,https://www.discogs.com/release/16501308,https://i.discogs.com/SG8A4LB5A1orCJP1Sl0hGU0IX0ErZ3L_IxhFFK_d77c/rs:fit/g:sm/q:40/h:150/w:150/czM6Ly9kaXNjb2dz/LWRhdGFiYXNlLWlt/YWdlcy9SLTE2NTAx/MzA4LTE2MDgxMzUx/NDgtOTg2OS5qcGVn.jpeg,0,0,0,0,1771441861047,20,0.0,,label
16598721,921036,"Last August EP","Kovyazin D",2020,CKNOWEP28,https://www.discogs.com/release/16598721,https://i.discogs.com/yD1MySUuYKlZhodk82ZTQkbx5c61vKmLXUUhfvg4FxQ/rs:fit/g:sm/q:40/h:150/w:150/czM6Ly9kaXNjb2dz/LWRhdGFiYXNlLWlt/YWdlcy9SLTE2NTk4/NzIxLTE2MDg3MjE2/ODEtOTYwMy5qcGVn.jpeg,0,0,0,0,1771441861415,61,0.0,,label
16604655,921036,"Last August EP","Kovyazin D",2020,CKNOWEP28,https://www.discogs.com/release/16604655,https://i.discogs.com/6Rs3HpbqUsFlBcNR0JceqG2O1mIUTxJpoD7fSljEu08/rs:fit/g:sm/q:40/h:150/w:150/czM6Ly9kaXNjb2dz/LWRhdGFiYXNlLWlt/YWdlcy9SLTE2NjA0/NjU1LTE2MDg3NDk3/MzctNjQ5NS5wbmc.jpeg,0,0,0,0,1771441861415,62,0.0,,label
16658865,852291,"H.P. Lovecraft's From Beyond (Original Motion Picture Soundtrack)","Richard Band",2020,DDR716,https://www.discogs.com/release/16658865,https://i.discogs.com/OO55laqVzQjksIwL3YscVPAbA1nj3Wmt0lVQ54-eVps/rs:fit/g:sm/q:40/h:150/w:150/czM6Ly9kaXNjb2dz/LWRhdGFiYXNlLWlt/YWdlcy9SLTE2NjU4/ODY1LTE2MTUzNzQ3/ODEtMTczOS5qcGVn.jpeg,0,0,0,0,1771441866461,16,0.0,,label
16678125,852291,"The Golden Age Of Science Fiction Volume One (Queen Of Outer Space / World Without End)","Marlin Skiles / Leith Stevens",2020,DDR715,https://www.discogs.com/release/16678125,https://i.discogs.com/HcaAGxXKwwseElmqYbp6QJeWSxjTh_JfJfWfiHq62qs/rs:fit/g:sm/q:40/h:150/w:150/czM6Ly9kaXNjb2dz/LWRhdGFiYXNlLWlt/YWdlcy9SLTE2Njc4/MTI1LTE2MDkyMTAy/NjctMzIwMC5qcGVn.jpeg,0,0,0,0,1771441866461,17,0.0,,label
16685517,1390196,"Ultimate Reward","Maara (2)",2021,NAFF011,https://www.discogs.com/release/16685517,https://i.discogs.com/Hrj9d-L8Dc1LlhlDh92RQySGS8Xjgm9SYjcjLo2EdiQ/rs:fit/g:sm/q:40/h:150/w:150/czM6Ly9kaXNjb2dz/LWRhdGFiYXNlLWlt/YWdlcy9SLTE2Njg1/NTE3LTE2MDkyNTM1/MTItMzUwNC5qcGVn.jpeg,0,0,0,0,1771441853832,16,0.0,,label
16835247,952963,"Atipic Lab 012",Cosmjn,2021,ATIPICLAB012,https://www.discogs.com/release/16835247,https://i.discogs.com/x0CjQw1qflqQciY5RHBOEKaqev14Ou6SaJ2A67QPDBU/rs:fit/g:sm/q:40/h:150/w:150/czM6Ly9kaXNjb2dz/LWRhdGFiYXNlLWlt/YWdlcy9SLTE2ODM1/MjQ3LTE2MTAxMjEy/MDAtNzQxNS5qcGVn.jpeg,1,1,0,0,1771446276737,39,1.0,,label
16875294,1120990,"The Works EP",Helium,2021,oyster20,https://www.discogs.com/release/16875294,https://i.discogs.com/TheE7UqSsEiUESd_PSFtLcLb5gu28aDI6mKZpZf2Agc/rs:fit/g:sm/q:40/h:150/w:150/czM6Ly9kaXNjb2dz/LWRhdGFiYXNlLWlt/YWdlcy9SLTE2ODc1/Mjk0LTE2MTM0NzQ4/NjgtMjY5My5qcGVn.jpeg,0,0,0,0,1771441850683,5,0.0,,label
16875420,1120990,"The Works EP - The Unreleased Mixes",Helium,2021,oyster20.2,https://www.discogs.com/release/16875420,https://i.discogs.com/CaNrIsf_bwnw5J1VLi1pP8t6qpzkq58k9PziqX5X_Ac/rs:fit/g:sm/q:40/h:150/w:150/czM6Ly9kaXNjb2dz/LWRhdGFiYXNlLWlt/YWdlcy9SLTE2ODc1/NDIwLTE2MjEyOTEy/NjUtNDc3Ni5qcGVn.jpeg,0,0,0,0,1771441850683,6,0.0,,label
16875438,1120990,"The Works E.P.",Helium,2021,OYSTER20,https://www.discogs.com/release/16875438,https://i.discogs.com/c1UEk3WW1izANRQvp8mj6SseOSM4ELG93nY1pQTf0iE/rs:fit/g:sm/q:40/h:150/w:150/czM6Ly9kaXNjb2dz/LWRhdGFiYXNlLWlt/YWdlcy9SLTE2ODc1/NDM4LTE3MjE1MDUw/NDAtNTM5My5qcGVn.jpeg,0,0,0,0,1771441850683,44,0.0,,label
16877625,1913682,Airflow,"Jon Jones (18)",2021,WV001,https://www.discogs.com/release/16877625,https://i.discogs.com/Er2go301j1Cdnj8sZLTT-DcodvublctfGmjrBLlLzFI/rs:fit/g:sm/q:40/h:150/w:150/czM6Ly9kaXNjb2dz/LWRhdGFiYXNlLWlt/YWdlcy9SLTE2ODc3/NjI1LTE2MTAzNjU5/ODctNzU0Ni5qcGVn.jpeg,0,0,0,0,1771441855545,15,0.0,,label
16888641,1913682,"Who Wants Alchemy?","Louis Marlo",2021,FLTSNS003,https://www.discogs.com/release/16888641,https://i.discogs.com/Qpf50AUN6fyqzVbFg7zASfV-yvaklxNXxWWt0z653BQ/rs:fit/g:sm/q:40/h:150/w:150/czM6Ly9kaXNjb2dz/LWRhdGFiYXNlLWlt/YWdlcy9SLTE2ODg4/NjQxLTE2MTA0MTgx/NjktNzA0Mi5qcGVn.jpeg,0,0,0,0,1771441855545,16,0.0,,label
17073225,921036,Gamma!,"Rudolf C",2021,CKNOWEP29,https://www.discogs.com/release/17073225,https://i.discogs.com/qP3rQEBaYsA4-GEMvAmKOeklkyVVety6Ygnb1-bQeZ0/rs:fit/g:sm/q:40/h:150/w:150/czM6Ly9kaXNjb2dz/LWRhdGFiYXNlLWlt/YWdlcy9SLTE3MDcz/MjI1LTE2MTY2OTM2/NjMtNzQ2MC5qcGVn.jpeg,0,0,0,0,1771441861415,63,0.0,,label
17128167,36714,"Broxburn Funk",Being,,FIREC030,https://www.discogs.com/releases/17128167,https://i.discogs.com/EUaKRHGSxMGmDriCRIEFl8xfKrLjiSYbM5mT-0yVEPQ/rs:fit/g:sm/q:40/h:150/w:150/czM6Ly9kaXNjb2dz/LWRhdGFiYXNlLWlt/YWdlcy9SLTE3MTI4/MTY3LTE2MTE3NTEz/MzEtMjUwMS5qcGVn.jpeg,1,0,0,1,1771445244032,24,0.0,,discogs_want
17364967,1438825,"SLSK Trax","dj girl (2)",2021,PE014,https://www.discogs.com/release/17364967,https://i.discogs.com/G1f_h8AiZU4tE1LjZrBQA_2aTSathEU3FMJsuxiMluU/rs:fit/g:sm/q:40/h:150/w:150/czM6Ly9kaXNjb2dz/LWRhdGFiYXNlLWlt/YWdlcy9SLTE3MzY0/OTY3LTE2MTMwNTU4/MTktNzE1MC5qcGVn.jpeg,0,0,0,0,1771441861047,21,0.0,,label
17446804,1120990,"Tri-Phase EP","Syzygy Vs Luke Warmwater Vs Fluid",2021,OYSTER29,https://www.discogs.com/release/17446804,https://i.discogs.com/RFNd_zz5Opzh88nzl8i_aZRwPk-c71pqtebJ_a3lhfI/rs:fit/g:sm/q:40/h:150/w:150/czM6Ly9kaXNjb2dz/LWRhdGFiYXNlLWlt/YWdlcy9SLTE3NDQ2/ODA0LTE2MTkwODg3/MjEtNzkwNy5qcGVn.jpeg,0,0,0,0,1771441850683,7,0.0,,label
17450197,1247544,Mantrum,"Forest On Stasys",2021,HARMONY006,https://www.discogs.com/release/17450197,https://i.discogs.com/-9sMyj5_NgrcJzOyn9uSiglokLNos6glT-TThl6cum4/rs:fit/g:sm/q:40/h:150/w:150/czM6Ly9kaXNjb2dz/LWRhdGFiYXNlLWlt/YWdlcy9SLTE3NDUw/MTk3LTE2MTQyNjgw/MzEtOTAzNi5qcGVn.jpeg,0,0,0,0,1771441860116,39,0.0,,label
17458495,1913682,"The New Adaptive Lacerta",Reptant,2021,ORKL-16,https://www.discogs.com/release/17458495,https://i.discogs.com/lfQeB7RjKLoI55oLsszPo5OvRw1GJbuqzTY9Q8S1b5c/rs:fit/g:sm/q:40/h:150/w:150/czM6Ly9kaXNjb2dz/LWRhdGFiYXNlLWlt/YWdlcy9SLTE3NDU4/NDk1LTE2MTM1NzM5/NDQtNDY3NC5qcGVn.jpeg,0,0,0,0,1771441855545,18,0.0,,label
17476249,847737,"Europa (Abul Mogard Reworks)",Tapan,2021,MT030,https://www.discogs.com/release/17476249,https://i.discogs.com/JZywq2Zng2IEkXXOmTd6lFaYkHc46sIZ0ochIM8c3v4/rs:fit/g:sm/q:40/h:150/w:150/czM6Ly9kaXNjb2dz/LWRhdGFiYXNlLWlt/YWdlcy9SLTE3NDc2/MjQ5LTE2MTM2NjY0/NzMtMTE0Ni5qcGVn.jpeg,0,0,0,0,1771441863768,85,0.0,,label
17479873,852291,"T-Rex Back to the Cretaceous","William Ross",2020,DDR691,https://www.discogs.com/release/17479873,https://i.discogs.com/b72WaiVYUjdykOHIOoD3QJWO2czDy8zEssZq5DSHK10/rs:fit/g:sm/q:40/h:150/w:150/czM6Ly9kaXNjb2dz/LWRhdGFiYXNlLWlt/YWdlcy9SLTE3NDc5/ODczLTE2MTY0MzMz/NzUtNjk1Mi5qcGVn.jpeg,0,0,0,0,1771441866461,19,0.0,,label
17548189,1120990,"The Works E.P.",Helium,2021,OYSTER20,https://www.discogs.com/release/17548189,https://i.discogs.com/vhBthXmoo41HAPGkHnvF5gO72cm8zQeOS6g2QtzyRKo/rs:fit/g:sm/q:40/h:150/w:150/czM6Ly9kaXNjb2dz/LWRhdGFiYXNlLWlt/YWdlcy9SLTE3NTQ4/MTg5LTE2MTQwNzM3/NjUtNDQxNS5qcGVn.jpeg,0,0,0,0,1771441850683,8,0.0,,label
17548492,1411307,"Function EP","Innershades / Do Or Die (9)",2021,EYA012,https://www.discogs.com/release/17548492,https://i.discogs.com/YjHvaFMsPFLn-tU2yEQgc1bWNOpx5N92KLYK9FZKp40/rs:fit/g:sm/q:40/h:150/w:150/czM6Ly9kaXNjb2dz/LWRhdGFiYXNlLWlt/YWdlcy9SLTE3NTQ4/NDkyLTE2MTQ1OTM0/MTgtNTY3OC5qcGVn.jpeg,0,0,0,0,1771441863643,20,0.0,,label
17559589,1390196,"In Light, It Undoes Nothing...",Healion,2021,NAFF012,https://www.discogs.com/release/17559589,https://i.discogs.com/qyN5I4LJdQWwL8AOrmSE1Dmz9xBefEDCgx9PqNbcZcM/rs:fit/g:sm/q:40/h:150/w:150/czM6Ly9kaXNjb2dz/LWRhdGFiYXNlLWlt/YWdlcy9SLTE3NTU5/NTg5LTE2MTQxMjcy/MjktODQxMi5qcGVn.jpeg,0,0,0,0,1771441853832,17,0.0,,label
17581261,1247544,Mantrum,"Forest On Stasys",2021,HARMONY006,https://www.discogs.com/release/17581261,https://i.discogs.com/A37yUqLvAnZhdf11A0-d02jp0gd5lAn_LYjPt-6c4E4/rs:fit/g:sm/q:40/h:150/w:150/czM6Ly9kaXNjb2dz/LWRhdGFiYXNlLWlt/YWdlcy9SLTE3NTgx/MjYxLTE2MTQyNjcx/NjctNTQyMS5qcGVn.jpeg,0,0,0,0,1771441860116,38,0.0,,label
17581384,1247544,Mantrum,"Forest On Stasys",2021,HARMONY006,https://www.discogs.com/release/17581384,https://i.discogs.com/vCEyTKZ-2IkZeBe9FzE0BmtnNJ6oUKYoReB2n1mFfHU/rs:fit/g:sm/q:40/h:150/w:150/czM6Ly9kaXNjb2dz/LWRhdGFiYXNlLWlt/YWdlcy9SLTE3NTgx/Mzg0LTE2MTQyNjcy/ODItMzU4MS5qcGVn.jpeg,0,0,0,0,1771441860116,37,0.0,,label
17599873,1913682,WAR1201,"Bufiman / Dalo (5)",2021,WAR1201,https://www.discogs.com/release/17599873,https://i.discogs.com/M30SsRRJswMWlrMA0gAkfdYY0N5kDODH-5P1lVC25qw/rs:fit/g:sm/q:40/h:150/w:150/czM6Ly9kaXNjb2dz/LWRhdGFiYXNlLWlt/YWdlcy9SLTE3NTk5/ODczLTE2MTQzNjk1/MjItMTczMC5wbmc.jpeg,0,0,0,0,1771441855545,21,0.0,,label
17668510,1913682,"The Very First Real Magic",Various,2021,PSY1,https://www.discogs.com/release/17668510,https://i.discogs.com/_OyfO2cMNQmpZqE6-VAx1vrudGvcGNtNmf5nz4E2rh0/rs:fit/g:sm/q:40/h:150/w:150/czM6Ly9kaXNjb2dz/LWRhdGFiYXNlLWlt/YWdlcy9SLTE3NjY4/NTEwLTE2MTQ3Njcy/OTgtOTU5NS5qcGVn.jpeg,0,0,0,0,1771441855545,22,0.0,,label
17692669,144751,Turning,Edward,,"GIEGLING LP 11",https://www.discogs.com/releases/17692669,https://i.discogs.com/Y2V3uPJbBXbRffR2Tngjy5Jv-wEBTUcQzs2AfUgzzDU/rs:fit/g:sm/q:40/h:150/w:150/czM6Ly9kaXNjb2dz/LWRhdGFiYXNlLWlt/YWdlcy9SLTE3Njky/NjY5LTE2MTUxMTM1/ODQtOTgyOS5qcGVn.jpeg,1,0,0,1,1771445244032,26,0.0,,discogs_want
17755165,1913682,"Sumatriptan EP",Perill,2021,PLATA001,https://www.discogs.com/release/17755165,https://i.discogs.com/K9XjtGYZY9lpNgVEvhjPTZZG00C8xblAd8ra6iu1gM0/rs:fit/g:sm/q:40/h:150/w:150/czM6Ly9kaXNjb2dz/LWRhdGFiYXNlLWlt/YWdlcy9SLTE3NzU1/MTY1LTE2MjE0NDkw/MTgtNDc0Ny5qcGVn.jpeg,0,0,0,0,1771441855545,24,0.0,,label
17915680,1682339,"This Place Is Actually The Worst","This Place Is Actually The Worst",2018,"PPR | 007",https://www.discogs.com/release/17915680,https://i.discogs.com/IfuOU-oziBvXsCdeN1q_SQvgOkk8X9Kgm5XzWRQkByk/rs:fit/g:sm/q:40/h:150/w:150/czM6Ly9kaXNjb2dz/LWRhdGFiYXNlLWlt/YWdlcy9SLTE3OTE1/NjgwLTE2ODY4OTY1/OTItNDY3MC5qcGVn.jpeg,1,0,0,0,1771441877287,1,0.0,"Track match issue: YouTube quota exceeded for this key. Wait for quota reset or use another key.",label
17959627,1913682,"Mineral 01","Deep System / Morose",2021,MINERAL01,https://www.discogs.com/release/17959627,https://i.discogs.com/LfiGQ76qARcOp1VW9SVmX-3IIyR2G9gyzPmLazUgCrE/rs:fit/g:sm/q:40/h:150/w:150/czM6Ly9kaXNjb2dz/LWRhdGFiYXNlLWlt/YWdlcy9SLTE3OTU5/NjI3LTE2MjAzMzEy/MjQtOTQ2My5wbmc.jpeg,0,0,0,0,1771441855545,25,0.0,,label
17976085,1287914,"Vice And Device",DynArec,2021,"SUPLUL006 XL",https://www.discogs.com/release/17976085,https://i.discogs.com/uoS9t4MKRc3cG_9qjZdrMGV-bS2dEmUlwcjNGzTZOJs/rs:fit/g:sm/q:40/h:150/w:150/czM6Ly9kaXNjb2dz/LWRhdGFiYXNlLWlt/YWdlcy9SLTE3OTc2/MDg1LTE2MTY1MTY3/NzItNTkwOS5qcGVn.jpeg,0,0,0,0,1771441851663,24,0.0,,label
17991115,847737,"Floating The Flood","Nic Arizona",2021,"MT 0031",https://www.discogs.com/release/17991115,https://i.discogs.com/qOm5W0OzDINOgSfWGjuixRdQTn5vHMPFzKe_174HMp4/rs:fit/g:sm/q:40/h:150/w:150/czM6Ly9kaXNjb2dz/LWRhdGFiYXNlLWlt/YWdlcy9SLTE3OTkx/MTE1LTE2MjA0NzAy/NzAtNjUxNC5qcGVn.jpeg,0,0,0,0,1771441863768,46,0.0,,label
18058264,473973,"The End","Central Intelligence (4)",2021,AOD010,https://www.discogs.com/release/18058264,https://i.discogs.com/cDIGwMHal6cYnGDPHrKkLjJqcYvkAe4-BJGzIeiuhKI/rs:fit/g:sm/q:40/h:150/w:150/czM6Ly9kaXNjb2dz/LWRhdGFiYXNlLWlt/YWdlcy9SLTE4MDU4/MjY0LTE2MjA2NjU5/ODItMjUwOC5qcGVn.jpeg,0,0,0,0,1771441859879,12,0.0,,label
18074002,1038740,"Tribute To The Channel","Views (4)",2021,DISCARDED-105,https://www.discogs.com/release/18074002,https://i.discogs.com/7DhX3sv6xmzMnIpdWqiLFBU2hYLw1OaYRnKxgc3-7yo/rs:fit/g:sm/q:40/h:150/w:150/czM6Ly9kaXNjb2dz/LWRhdGFiYXNlLWlt/YWdlcy9SLTE4MDc0/MDAyLTE2MTc5Nzg4/MTktOTc2OC5qcGVn.jpeg,1,1,1,0,1771441872332,3,1.0,,label
18089974,1913682,"Tomorrow Has Been Canceled",Malasod,2021,MZ006,https://www.discogs.com/release/18089974,https://i.discogs.com/qDzhUqDh_I0Ypkog5KCmkFso9aG1tASyTR0kjQJ42Vg/rs:fit/g:sm/q:40/h:150/w:150/czM6Ly9kaXNjb2dz/LWRhdGFiYXNlLWlt/YWdlcy9SLTE4MDg5/OTc0LTE2MTcxOTE5/MTItNDg0NS5qcGVn.jpeg,0,0,0,0,1771441855545,26,0.0,,label
18100600,852291,"Vampirella (Original Motion Picture Soundtrack)","Joel Goldsmith",2021,DDR723,https://www.discogs.com/release/18100600,https://i.discogs.com/IIufW-EIiSz59L9qzlCYO8HxgISle0dAwvx4g6IS-HU/rs:fit/g:sm/q:40/h:150/w:150/czM6Ly9kaXNjb2dz/LWRhdGFiYXNlLWlt/YWdlcy9SLTE4MTAw/NjAwLTE2MTg4NDgy/NjEtMTY2MS5qcGVn.jpeg,0,0,0,0,1771441866461,20,0.0,,label
18131095,1913682,"The Driving Rain","Nico (218)",2021,MNSX022,https://www.discogs.com/release/18131095,https://i.discogs.com/IgSCrXindyy3R_tFgjerFkly_4hp48-GZIYvI4jUcpk/rs:fit/g:sm/q:40/h:150/w:150/czM6Ly9kaXNjb2dz/LWRhdGFiYXNlLWlt/YWdlcy9SLTE4MTMx/MDk1LTE2MTc0MzY5/NTktMzE3Ni5qcGVn.jpeg,0,0,0,0,1771441855545,27,0.0,,label
18131245,1913682,"The Driving Rain","Nico (218)",2021,MNSX022,https://www.discogs.com/release/18131245,https://i.discogs.com/vfqda7YAz6BN0NDQEIoly-8-57AEDr0UZlaca96Ijwc/rs:fit/g:sm/q:40/h:150/w:150/czM6Ly9kaXNjb2dz/LWRhdGFiYXNlLWlt/YWdlcy9SLTE4MTMx/MjQ1LTE3MDE0NjA2/NTktNDkxMS5qcGVn.jpeg,0,0,0,0,1771441855545,28,0.0,,label
18137509,1913682,"Off And Gone","Off And Gone",2021,ISLA25,https://www.discogs.com/release/18137509,https://i.discogs.com/okC74IJRadU2oMclWYtmrDK4PZB6DY1BGWslIJdO9fk/rs:fit/g:sm/q:40/h:150/w:150/czM6Ly9kaXNjb2dz/LWRhdGFiYXNlLWlt/YWdlcy9SLTE4MTM3/NTA5LTE2MTc0Njc4/NzUtNjYzNS5qcGVn.jpeg,0,0,0,0,1771441855545,29,0.0,,label
18140878,1913682,Temptation,"Dreamcast (4), Shungu",2021,TPR001,https://www.discogs.com/release/18140878,https://i.discogs.com/3kFMtAKccg6sEun9q6iR-R9NegFtJHYofoTLD79gzLU/rs:fit/g:sm/q:40/h:150/w:150/czM6Ly9kaXNjb2dz/LWRhdGFiYXNlLWlt/YWdlcy9SLTE4MTQw/ODc4LTE2MTc1Mzc0/ODUtOTM4OC5qcGVn.jpeg,0,0,0,0,1771441855545,30,0.0,,label
18177652,1159164,"Te Puke Thunder EP","Chaos In The Cbd",,IDWT-009,https://www.discogs.com/releases/18177652,https://i.discogs.com/56HNIr1600Fe4S7zY9wVeXq6F-c9bSuvBkKj7AEZ-UQ/rs:fit/g:sm/q:40/h:150/w:150/czM6Ly9kaXNjb2dz/LWRhdGFiYXNlLWlt/YWdlcy9SLTE4MTc3/NjUyLTE2MjYyODQ3/OTQtMTAwOS5qcGVn.jpeg,1,0,0,1,1771445244032,32,0.0,,discogs_want
18184306,1411307,"Advanced Electronic Systems","Matthew Dexter",2021,EYA013,https://www.discogs.com/release/18184306,https://i.discogs.com/kLV8p8Dt9GHFopBanrZGKDc5h7SFEERY6_7_TukjlsU/rs:fit/g:sm/q:40/h:150/w:150/czM6Ly9kaXNjb2dz/LWRhdGFiYXNlLWlt/YWdlcy9SLTE4MTg0/MzA2LTE2MTc3NDcz/MTMtNDY5MC5qcGVn.jpeg,0,0,0,0,1771441863643,21,0.0,,label
18218857,1120990,"Tri-Phase EP","Syzygy Vs Luke Warmwater Vs Fluid",2021,OYSTER29,https://www.discogs.com/release/18218857,https://i.discogs.com/IvHdi_jkNK2Aj9dyXg2Xc0-TK84NjlL8vJWomOtDBxk/rs:fit/g:sm/q:40/h:150/w:150/czM6Ly9kaXNjb2dz/LWRhdGFiYXNlLWlt/YWdlcy9SLTE4MjE4/ODU3LTE2MTc5NjY5/ODMtMjE5Ny5qcGVn.jpeg,0,0,0,0,1771441850683,58,0.0,,label
18267445,1287914,Slipstream,Dynarec,2021,SUPLU006,https://www.discogs.com/release/18267445,https://i.discogs.com/15wmBmjUFp5LV2FYhiK6E5H6sogHF62l9HefahBTXK8/rs:fit/g:sm/q:40/h:150/w:150/czM6Ly9kaXNjb2dz/LWRhdGFiYXNlLWlt/YWdlcy9SLTE4MjY3/NDQ1LTE2MTgyNDUw/MDItMTMyMC5qcGVn.jpeg,0,0,0,0,1771441851663,15,0.0,,label
18282094,847737,Europa,Tapan,2017,"Malka Tuti LP 002 D",https://www.discogs.com/release/18282094,https://i.discogs.com/gHh_lM60-1TI0nxYWLFxP7-4_IL4_G8r0uW0g5PK5Zs/rs:fit/g:sm/q:40/h:150/w:150/czM6Ly9kaXNjb2dz/LWRhdGFiYXNlLWlt/YWdlcy9SLTE4Mjgy/MDk0LTE2MTgzMzM1/MzktNTQyMS5qcGVn.jpeg,0,0,0,0,1771441863768,39,0.0,,label
18288418,1438825,"1.5m ","Jennifer Loveless",2020,PED005,https://www.discogs.com/release/18288418,https://i.discogs.com/r65vopnR5Ms8PGqeZxxW0jyFQe-SJtMK8P5Kei2Jyaw/rs:fit/g:sm/q:40/h:150/w:150/czM6Ly9kaXNjb2dz/LWRhdGFiYXNlLWlt/YWdlcy9SLTE4Mjg4/NDE4LTE2MTgzNzYw/MTMtMzcyNy5qcGVn.jpeg,0,0,0,0,1771441861047,30,0.0,,label
18311980,952963,"Atipic 012","Joren Edwards",2021,ATIPIC012,https://www.discogs.com/release/18311980,https://i.discogs.com/CZYnkjTrt1GfYiY7KcTRYt7G6NxNBBNXwKG212TDPPw/rs:fit/g:sm/q:40/h:150/w:150/czM6Ly9kaXNjb2dz/LWRhdGFiYXNlLWlt/YWdlcy9SLTE4MzEx/OTgwLTE2MTg1MTMx/MTQtNjU2NC5qcGVn.jpeg,1,1,0,0,1771444139034,17,1.0,,label
18475681,1913682,"Esculturas Rupestres","Cass. & Niklas Wandt",2021,CNDMBLE007,https://www.discogs.com/release/18475681,https://i.discogs.com/_x6f9M1q26zheB37eINJbRG8VVAkcaebbdcqh-I40_k/rs:fit/g:sm/q:40/h:150/w:150/czM6Ly9kaXNjb2dz/LWRhdGFiYXNlLWlt/YWdlcy9SLTE4NDc1/NjgxLTE2MTk0NzU1/NjEtOTcwNy5qcGVn.jpeg,0,0,0,0,1771441855545,31,0.0,,label
18496444,1120990,"X-Ray Records 1992-1994","Raymond Castoldi*",2021,OYSTER4,https://www.discogs.com/release/18496444,https://i.discogs.com/y0s_L8-jNxY7nLdNG9GSrUdIMs8tBZ0E0m0LA9thx_U/rs:fit/g:sm/q:40/h:150/w:150/czM6Ly9kaXNjb2dz/LWRhdGFiYXNlLWlt/YWdlcy9SLTE4NDk2/NDQ0LTE2MTk2MTE5/MjYtOTE0Ni5qcGVn.jpeg,0,0,0,0,1771441850683,74,0.0,,label
18538645,1913682,"Vinyan Remixes ",Various,2021,"ST-oo๔",https://www.discogs.com/release/18538645,https://i.discogs.com/4Uh2R6Lwobw1R2sGIjgPmEWV_IxPmoV07SP-D43Pn34/rs:fit/g:sm/q:40/h:150/w:150/czM6Ly9kaXNjb2dz/LWRhdGFiYXNlLWlt/YWdlcy9SLTE4NTM4/NjQ1LTE2MTk4NDk4/MTctNjk3MS5qcGVn.jpeg,0,0,0,0,1771441855545,32,0.0,,label
18611755,1015857,"Dream Forest EP","Invisible Menders",2021,"AOP 006",https://www.discogs.com/release/18611755,https://i.discogs.com/ugjvUix8txD3i7psTuwVOsEt7UDmYbKuT2FPBayf0_c/rs:fit/g:sm/q:40/h:150/w:150/czM6Ly9kaXNjb2dz/LWRhdGFiYXNlLWlt/YWdlcy9SLTE4NjEx/NzU1LTE2MzczMzI2/NTEtNTAzNy5qcGVn.jpeg,1,1,1,1,1771441855694,0,1.0,,label
18706204,1913682,"Tapestry Of Sound","Tapestry Of Sound",2021,STEP02,https://www.discogs.com/release/18706204,https://i.discogs.com/BQ6jsgTVTE4p_qyOYWitukZbTzlLZGhx3raLUS-qT5Y/rs:fit/g:sm/q:40/h:150/w:150/czM6Ly9kaXNjb2dz/LWRhdGFiYXNlLWlt/YWdlcy9SLTE4NzA2/MjA0LTE2MzYzNzky/MDctNTY1Ny5qcGVn.jpeg,0,0,0,0,1771441855545,33,0.0,,label
18707500,1913682,"Transient Recs 2","Șerb",2021,NDWAX008,https://www.discogs.com/release/18707500,https://i.discogs.com/y3jlcR6yw7IhyzyjjLAgpNABnuO2KLfLN0SplnKhXYY/rs:fit/g:sm/q:40/h:150/w:150/czM6Ly9kaXNjb2dz/LWRhdGFiYXNlLWlt/YWdlcy9SLTE4NzA3/NTAwLTE2MjE0MTg2/OTItNDA2My5wbmc.jpeg,0,0,0,0,1771441855545,34,0.0,,label
18766900,2223778,"Intimate Fades",Purplehands,2021,HPR001,https://www.discogs.com/release/18766900,https://i.discogs.com/cUoQHXl-ww0Jr6JxNrIddnmUZeDYGYSdCb1RlM1b8pc/rs:fit/g:sm/q:40/h:150/w:150/czM6Ly9kaXNjb2dz/LWRhdGFiYXNlLWlt/YWdlcy9SLTE4NzY2/OTAwLTE2MjEyNjY3/MjktMTk4OS5qcGVn.jpeg,1,1,0,0,1771441862493,0,0.833333333333333,"Track match issue: YouTube quota exceeded for this key. Wait for quota reset or use another key.",label
18777646,1592903,"People Are All That We Have","Eamon Harkin",2021,FRS010,https://www.discogs.com/release/18777646,https://i.discogs.com/vr6Jr6ikapQ3Kr_mT8VkMjpccdP8bhCVSZbL0icSQfU/rs:fit/g:sm/q:40/h:150/w:150/czM6Ly9kaXNjb2dz/LWRhdGFiYXNlLWlt/YWdlcy9SLTE4Nzc3/NjQ2LTE2MjM1MTUy/NDYtNzI3My5qcGVn.jpeg,0,0,0,0,1771441866063,13,0.0,,label
18818401,1390196,"On A Nimbus","Priori (2)",2021,NAFF006,https://www.discogs.com/release/18818401,https://i.discogs.com/rB2XECrLLOaKm6vV0DNvbD7Z9hud1_KWHwD6BQV60R4/rs:fit/g:sm/q:40/h:150/w:150/czM6Ly9kaXNjb2dz/LWRhdGFiYXNlLWlt/YWdlcy9SLTE4ODE4/NDAxLTE2MjE1OTU3/MjAtNzMyNi5qcGVn.jpeg,0,0,0,0,1771441853832,9,0.0,,label
18847747,1913682,1991-1995,"Boom Generation",2021,PROXY01,https://www.discogs.com/release/18847747,https://i.discogs.com/lPz0c_FYvzW2JnCWxM05g8TGo2oTu2NGxqaOjq8lOsc/rs:fit/g:sm/q:40/h:150/w:150/czM6Ly9kaXNjb2dz/LWRhdGFiYXNlLWlt/YWdlcy9SLTE4ODQ3/NzQ3LTE2MjE3ODI0/MzctNTM5Ni5qcGVn.jpeg,0,0,0,0,1771441855545,35,0.0,,label
18858715,1913682,"The Sound Of Hope Played Backwards",Remotif,2021,PLF002,https://www.discogs.com/release/18858715,https://i.discogs.com/40Zkfu8xtrZgVTplQDDgePGCUQyUGdPCtuUn8qutsoY/rs:fit/g:sm/q:40/h:150/w:150/czM6Ly9kaXNjb2dz/LWRhdGFiYXNlLWlt/YWdlcy9SLTE4ODU4/NzE1LTE2NTI3MzI2/NTMtODc2NC5wbmc.jpeg,0,0,0,0,1771441855545,36,0.0,,label
18868066,1913682,"Little Flower EP","Priori (2)",2021,PETITEFLEUR,https://www.discogs.com/release/18868066,https://i.discogs.com/Nq4HRZnX3o1P4fXk8cFacJchKlm1_cl9kpfFfaFkPqM/rs:fit/g:sm/q:40/h:150/w:150/czM6Ly9kaXNjb2dz/LWRhdGFiYXNlLWlt/YWdlcy9SLTE4ODY4/MDY2LTE2MjE4ODYw/NzMtNTgyNi5qcGVn.jpeg,0,0,0,0,1771441855545,37,0.0,,label
18877696,1120990,"Shifting Sands","Junes (3)",2021,OYSTER33,https://www.discogs.com/release/18877696,https://i.discogs.com/VhI9TCUtywImGEFq1zjVKbea_6jqW2ZmWYojqDipHrI/rs:fit/g:sm/q:40/h:150/w:150/czM6Ly9kaXNjb2dz/LWRhdGFiYXNlLWlt/YWdlcy9SLTE4ODc3/Njk2LTE2MjE5NTQ1/NzUtNjM2Mi5qcGVn.jpeg,0,0,0,0,1771441850683,9,0.0,,label
18929083,952963,"Atipic Lab 013","Dinu (4)",2021,ATIPICLAB013,https://www.discogs.com/release/18929083,https://i.discogs.com/VOoljQPnjEVGNHs3oH5I8mt6JW0L4ol39QQTEAcw-GY/rs:fit/g:sm/q:40/h:150/w:150/czM6Ly9kaXNjb2dz/LWRhdGFiYXNlLWlt/YWdlcy9SLTE4OTI5/MDgzLTE2MjIyNzU2/NzEtNTk0Ni5qcGVn.jpeg,1,1,0,0,1771446278059,40,1.0,,label
19036693,1120990,"Moments In / Imprinting Day","Alphonse, Miki",2021,OCD.SSxOYSTER,https://www.discogs.com/release/19036693,https://i.discogs.com/tXPj9GmvZLi5sY5ICEGc9Km80twTp-iPl6Cf1eI1pGY/rs:fit/g:sm/q:40/h:150/w:150/czM6Ly9kaXNjb2dz/LWRhdGFiYXNlLWlt/YWdlcy9SLTE5MDM2/NjkzLTE2MjI5Nzc1/OTYtMzMxNS5qcGVn.jpeg,0,0,0,0,1771441850683,27,0.0,,label
19049743,1913682,Microcosmo,Gropina,2021,PSGG003,https://www.discogs.com/release/19049743,https://i.discogs.com/mY1AsM16oFkymmQo5oy-gZEZ1uihY02Lj1HAfsX8CVg/rs:fit/g:sm/q:40/h:150/w:150/czM6Ly9kaXNjb2dz/LWRhdGFiYXNlLWlt/YWdlcy9SLTE5MDQ5/NzQzLTE2MzM2NDQw/NjQtNTc1MS5qcGVn.jpeg,0,0,0,0,1771441855545,39,0.0,,label
19050814,1247544,"Laguna Sud","Alan Backdrop",2021,HARMONY007,https://www.discogs.com/release/19050814,https://i.discogs.com/Iykbj-43rifOdmnE-gsBjB71qPmhrp7HWd4hucyGoPY/rs:fit/g:sm/q:40/h:150/w:150/czM6Ly9kaXNjb2dz/LWRhdGFiYXNlLWlt/YWdlcy9SLTE5MDUw/ODE0LTE3MTY5MDA1/NTUtMTg1Mi5qcGVn.jpeg,0,0,0,0,1771441860116,42,0.0,,label
19189294,1913682,"Fièvre EP","Anton Kubikov",2021,STLR001,https://www.discogs.com/release/19189294,https://i.discogs.com/lCUZw_FokNXLzLPQ6ghTw4PaxLgP1U5agnb1Uvxf51k/rs:fit/g:sm/q:40/h:150/w:150/czM6Ly9kaXNjb2dz/LWRhdGFiYXNlLWlt/YWdlcy9SLTE5MTg5/Mjk0LTE2MjQ1NjMy/NTktNDA1MS5qcGVn.jpeg,0,0,0,0,1771441855545,40,0.0,,label
19270183,1913682,"Mineral 02","Thotful Spot / Nüw Idol",2021,MINERAL02,https://www.discogs.com/release/19270183,https://i.discogs.com/2vwPrx8u1X81AUyMOJ3jEeql0CNjcHUfLeZWnj1-ays/rs:fit/g:sm/q:40/h:150/w:150/czM6Ly9kaXNjb2dz/LWRhdGFiYXNlLWlt/YWdlcy9SLTE5Mjcw/MTgzLTE2MjQ2MjE1/NzEtMjM4My5qcGVn.jpeg,0,0,0,0,1771441855545,41,0.0,,label
19320688,363756,"Better / Fever","Bluntman Deejay",2016,"MH013 ",https://www.discogs.com/release/19320688,https://i.discogs.com/sr-1X8angpkdzXuZKVgYmfwQzRklYkYlUlPf-WDDocg/rs:fit/g:sm/q:40/h:150/w:150/czM6Ly9kaXNjb2dz/LWRhdGFiYXNlLWlt/YWdlcy9SLTE5MzIw/Njg4LTE2MjQ5OTA0/NTEtNDM5NS5qcGVn.jpeg,1,0,0,0,1771423261457,37,0.0,"Track match issue: YouTube API error 403: {
  ""error"": {
    ""code"": 403,
    ""message"": ""Requests to this API youtube method youtube.api.v3.V3DataSearchService.List are blocked."",
    ""errors"": [
      {
        ""message"": ""Requests to this API youtube method youtube.api.v3.V3DataSearchService.List are blocked."",
        ""domain"": ""global"",
        ""reason"": ""forbidden""
      }
    ],
    ""status"": ""PERMISSION_DENIED"",
    ""details"": [
      {
        ""@type"": ""type.googleapis.com/google.rpc.ErrorInfo"",
        ""reason"": ""API_KEY_SERVICE_BLOCKED"",
        ""domain"": ""googleapis.com"",
        ""metadata"": {
          ""service"": ""youtube.googleapis.com"",
          ""consumer"": ""projects/1097707475336"",
          ""apiName"": ""youtube"",
          ""methodName"": ""youtube.api.v3.V3DataSearchService.List""
        }
      },
      {
        ""@type"": ""type.googleapis.com/google.rpc.LocalizedMessage"",
        ""locale"": ""en-US"",
        ""message"": ""Requests to this API youtube method youtube.api.v3.V3DataSearchService.List are blocked.""
      }
    ]
  }
}
",label
19381444,147719,"'77 Live: Vol. 2","Les Rallizes Denudes",1991,none,https://www.discogs.com/release/19381444,https://i.discogs.com/YpFOhTfkUfGaj6sSbVvgfc0UAjaXvTiw0-8qlxB-xqY/rs:fit/g:sm/q:40/h:150/w:150/czM6Ly9kaXNjb2dz/LWRhdGFiYXNlLWlt/YWdlcy9SLTE5Mzgx/NDQ0LTE2MjU0NDQw/MDItMjgwNy5wbmc.jpeg,0,0,0,0,1771441865977,16,0.0,,label
19383583,147719,"'77 Live: Vol. 1","Les Rallizes Denudes",1991,none,https://www.discogs.com/release/19383583,https://i.discogs.com/r9oSZDiaZuiCSW_wxZKDwFhb-nnmq1OBkMOWYHnFmf0/rs:fit/g:sm/q:40/h:150/w:150/czM6Ly9kaXNjb2dz/LWRhdGFiYXNlLWlt/YWdlcy9SLTE5Mzgz/NTgzLTE2MjU0NzA4/OTQtMTAzMi5wbmc.jpeg,0,0,0,0,1771441865977,15,0.0,,label
19383712,147719,"The Return Of The Dark 1993","Les Rallizes Dénudés*",,none,https://www.discogs.com/release/19383712,https://i.discogs.com/weaBLaE25hh6mXYHp86PAMKoOFgicYMoWqz__oSenEU/rs:fit/g:sm/q:40/h:150/w:150/czM6Ly9kaXNjb2dz/LWRhdGFiYXNlLWlt/YWdlcy9SLTE5Mzgz/NzEyLTE2MjU0NzIw/ODMtODM4MS5wbmc.jpeg,0,0,0,0,1771441865977,3,0.0,,label
19384024,147719,"Black Light / Black Heat","Les Rallizes Dénudés*",2009,none,https://www.discogs.com/release/19384024,https://i.discogs.com/0o3_p_ypq_wx50aKPJGB9BTQZ2sNf3W3_CQLq6jey4I/rs:fit/g:sm/q:40/h:150/w:150/czM6Ly9kaXNjb2dz/LWRhdGFiYXNlLWlt/YWdlcy9SLTE5Mzg0/MDI0LTE2MjU0NzQy/MTUtODA3NS5qcGVn.jpeg,0,0,0,0,1771441865977,13,0.0,,label
19384177,147719,"Caress & Violence 1987","Les Rallizes DeNudes",2009,none,https://www.discogs.com/release/19384177,https://i.discogs.com/HdSd2CB4vMZXfSDaFpUmZVtr97qqaKxW4wHTzsLc-3g/rs:fit/g:sm/q:40/h:150/w:150/czM6Ly9kaXNjb2dz/LWRhdGFiYXNlLWlt/YWdlcy9SLTE5Mzg0/MTc3LTE2MjU0NzU4/NTAtNTMxNi5wbmc.jpeg,0,0,0,0,1771441865977,12,0.0,,label
19384309,147719,"Tangled Up In Blue","Les Rallizes DeNudes*",2009,none,https://www.discogs.com/release/19384309,https://i.discogs.com/HfUi3oXsdbWhgzAYVCs7uRvFOngV09Ab272NNxWOIOY/rs:fit/g:sm/q:40/h:150/w:150/czM6Ly9kaXNjb2dz/LWRhdGFiYXNlLWlt/YWdlcy9SLTE5Mzg0/MzA5LTE2MjU0NzY3/NzktMzMyMS5wbmc.jpeg,0,0,0,0,1771441865977,11,0.0,,label
19384501,147719,"Live 1973","Les Rallizes Denudes",,none,https://www.discogs.com/release/19384501,https://i.discogs.com/traHAOqbFAk-K1t2QMKoppnjY7i4yL3vf0e8wq6jbks/rs:fit/g:sm/q:40/h:150/w:150/czM6Ly9kaXNjb2dz/LWRhdGFiYXNlLWlt/YWdlcy9SLTE5Mzg0/NTAxLTE2MjU0Nzgy/MTEtNjEzOC5wbmc.jpeg,0,0,0,0,1771441865977,10,0.0,,label
19410595,1120990,myDEFINITION,SW.,2021,OYSTER30,https://www.discogs.com/release/19410595,https://i.discogs.com/CpLJ3_1lt1fs_giaOG6TOwEyYGT-sTYJFqMkNUao_LU/rs:fit/g:sm/q:40/h:150/w:150/czM6Ly9kaXNjb2dz/LWRhdGFiYXNlLWlt/YWdlcy9SLTE5NDEw/NTk1LTE2MjU2NzIx/MzctMTgzOS5qcGVn.jpeg,0,0,0,0,1771441850683,60,0.0,,label
19418053,1913682,"A Recurring Nature","Adam Pits",2021,ONRO01,https://www.discogs.com/release/19418053,https://i.discogs.com/e6yIDMrFs5z5HjGjPuyNQcJYxtz4H_itb3evhpNku5w/rs:fit/g:sm/q:40/h:150/w:150/czM6Ly9kaXNjb2dz/LWRhdGFiYXNlLWlt/YWdlcy9SLTE5NDE4/MDUzLTE2MjYwNDg0/ODctNDU1NC5qcGVn.jpeg,0,0,0,0,1771441855545,43,0.0,,label
19482214,1592903,"People Are All That We Have","Eamon Harkin",2021,FRS010,https://www.discogs.com/release/19482214,https://i.discogs.com/3v1ArB24Qrq0YcA_cEobu-EDpUP2q1Imvbe37A3Fbhk/rs:fit/g:sm/q:40/h:150/w:150/czM6Ly9kaXNjb2dz/LWRhdGFiYXNlLWlt/YWdlcy9SLTE5NDgy/MjE0LTE2MjYyMjA0/MjgtNjE1Ni5qcGVn.jpeg,0,0,0,0,1771441866063,14,0.0,,label
19503811,473973,"Confidential II ","Visitor (22)",2021,AODRSD002,https://www.discogs.com/release/19503811,https://i.discogs.com/SwRiUOD1OQN7zDVtYOAcfVAJ0ztfsU9Wgk-hNLPDYeQ/rs:fit/g:sm/q:40/h:150/w:150/czM6Ly9kaXNjb2dz/LWRhdGFiYXNlLWlt/YWdlcy9SLTE5NTAz/ODExLTE2MjYzNjU1/MTktODQ3Mi5qcGVn.jpeg,0,0,0,0,1771441859879,25,0.0,,label
19506982,1913682,"Calling Me","Pillow Queen + Ruin (28)",2021,"ISLA 26",https://www.discogs.com/release/19506982,https://i.discogs.com/FPbVN6m43SS0xJK4Wz48yu0kyFXOY5Y7gaZErnzBJso/rs:fit/g:sm/q:40/h:150/w:150/czM6Ly9kaXNjb2dz/LWRhdGFiYXNlLWlt/YWdlcy9SLTE5NTA2/OTgyLTE2MjYzODM1/MTItMjY1NS5qcGVn.jpeg,0,0,0,0,1771441855545,44,0.0,,label
19573186,1913682,"Cloud Hop",Rudefood,2021,"BEAM 05, BEAM_05",https://www.discogs.com/release/19573186,https://i.discogs.com/dpfiTnFVdg2mo_sK3qV59UiavPPvxqcjgU5WETtYFuU/rs:fit/g:sm/q:40/h:150/w:150/czM6Ly9kaXNjb2dz/LWRhdGFiYXNlLWlt/YWdlcy9SLTE5NTcz/MTg2LTE2MzU3NTc1/NzEtMzc0Ni5qcGVn.jpeg,0,0,0,0,1771441855545,45,0.0,,label
19621198,921036,Metamorphose,Boulderhead,2021,CKNOWEP30,https://www.discogs.com/release/19621198,https://i.discogs.com/8YiPmM-oyFsVz_Ayw3_qFnIKbbxQ6883wD_g1YgmU6s/rs:fit/g:sm/q:40/h:150/w:150/czM6Ly9kaXNjb2dz/LWRhdGFiYXNlLWlt/YWdlcy9SLTE5NjIx/MTk4LTE2MjcyMzI4/MjMtNTQzMy5wbmc.jpeg,0,0,0,0,1771441861415,64,0.0,,label
19669492,1287914,"Vice And Device ",Dynarec,2021,"SUPLU006 XL",https://www.discogs.com/release/19669492,https://i.discogs.com/ATdAYMLN4RcEXi3ND6NQ0HZFDj1_00QQNRwrEXYfe8M/rs:fit/g:sm/q:40/h:150/w:150/czM6Ly9kaXNjb2dz/LWRhdGFiYXNlLWlt/YWdlcy9SLTE5NjY5/NDkyLTE2Mjc1Nzcx/MjgtMTk4OC5qcGVn.jpeg,0,0,0,0,1771441851663,16,0.0,,label
19749748,952963,"Atipic Lab 14",Sublee,2021,ATIPICLAB014,https://www.discogs.com/release/19749748,https://i.discogs.com/Av4XC3jI3-MW89H_T9XhnyebQuSSjPHE2dx8EYU-LZ8/rs:fit/g:sm/q:40/h:150/w:150/czM6Ly9kaXNjb2dz/LWRhdGFiYXNlLWlt/YWdlcy9SLTE5NzQ5/NzQ4LTE2MjgxNjc3/MTQtODg5Ny5qcGVn.jpeg,1,1,0,0,1771446280032,41,1.0,,label
19751350,1287914,"Insomnia ",Various,2021,SUPLU007,https://www.discogs.com/release/19751350,https://i.discogs.com/5mYDKa189EMyIJ1zMOLvNGVBr96Vy8a4FEKEPl2yVm8/rs:fit/g:sm/q:40/h:150/w:150/czM6Ly9kaXNjb2dz/LWRhdGFiYXNlLWlt/YWdlcy9SLTE5NzUx/MzUwLTE2MjgxNzUw/NDktMjY4NS5qcGVn.jpeg,0,0,0,0,1771441851663,17,0.0,,label
19776394,363756,"Touch Tone ","Local Artist",2019,"mh024 ",https://www.discogs.com/release/19776394,https://i.discogs.com/buf_bKiSAtzYJW6xJLBrknQj4QjSfmufCn5aV2Cc7wc/rs:fit/g:sm/q:40/h:150/w:150/czM6Ly9kaXNjb2dz/LWRhdGFiYXNlLWlt/YWdlcy9SLTE5Nzc2/Mzk0LTE2Mjg5NjIx/MDUtMzM5Mi5qcGVn.jpeg,1,0,0,0,1771423305185,57,0.0,"Track match issue: YouTube API error 403: {
  ""error"": {
    ""code"": 403,
    ""message"": ""Requests to this API youtube method youtube.api.v3.V3DataSearchService.List are blocked."",
    ""errors"": [
      {
        ""message"": ""Requests to this API youtube method youtube.api.v3.V3DataSearchService.List are blocked."",
        ""domain"": ""global"",
        ""reason"": ""forbidden""
      }
    ],
    ""status"": ""PERMISSION_DENIED"",
    ""details"": [
      {
        ""@type"": ""type.googleapis.com/google.rpc.ErrorInfo"",
        ""reason"": ""API_KEY_SERVICE_BLOCKED"",
        ""domain"": ""googleapis.com"",
        ""metadata"": {
          ""service"": ""youtube.googleapis.com"",
          ""apiName"": ""youtube"",
          ""methodName"": ""youtube.api.v3.V3DataSearchService.List"",
          ""consumer"": ""projects/1097707475336""
        }
      },
      {
        ""@type"": ""type.googleapis.com/google.rpc.LocalizedMessage"",
        ""locale"": ""en-US"",
        ""message"": ""Requests to this API youtube method youtube.api.v3.V3DataSearchService.List are blocked.""
      }
    ]
  }
}
",label
19780768,2430592,"New Era E.P.","Planet Love",2021,BKSP001,https://www.discogs.com/release/19780768,https://i.discogs.com/wfqCLhiBt5Zuw32eHWvfSziwILhwAuViDMAjPvEtDHE/rs:fit/g:sm/q:40/h:150/w:150/czM6Ly9kaXNjb2dz/LWRhdGFiYXNlLWlt/YWdlcy9SLTE5Nzgw/NzY4LTE2MzM3Njc1/NjgtNTUzNC5qcGVn.jpeg,1,1,0,0,1771441871269,0,1.0,,label
19821589,1120990,Golem,"Cleveland (4)",2021,OYSTER31,https://www.discogs.com/release/19821589,https://i.discogs.com/coGUbINLQEPJU_nt_42Rt24I_JYpYrNqOO1AAFvQDIM/rs:fit/g:sm/q:40/h:150/w:150/czM6Ly9kaXNjb2dz/LWRhdGFiYXNlLWlt/YWdlcy9SLTE5ODIx/NTg5LTE2Mjg2NzUw/MzktMzY0OC5qcGVn.jpeg,0,0,0,0,1771441850683,61,0.0,,label
19852837,1592903,Emulations,Escaflowne,2021,FRS011,https://www.discogs.com/release/19852837,https://i.discogs.com/IGHEXP8HeJ94GmPkOrk7qI-2pZY399h_e5PsytGo14w/rs:fit/g:sm/q:40/h:150/w:150/czM6Ly9kaXNjb2dz/LWRhdGFiYXNlLWlt/YWdlcy9SLTE5ODUy/ODM3LTE2Mjg5NTYw/NTItMTAyNy5qcGVn.jpeg,0,0,0,0,1771441866063,15,0.0,,label
19859281,1913682,"Stone Diviner",Ike*,2021,ORKL-17,https://www.discogs.com/release/19859281,https://i.discogs.com/6Z1Bur49Vij0GTBEnlqboJhNm31erptvSE0Bidmq1sM/rs:fit/g:sm/q:40/h:150/w:150/czM6Ly9kaXNjb2dz/LWRhdGFiYXNlLWlt/YWdlcy9SLTE5ODU5/MjgxLTE2Mjg5NTE2/NDMtMTIyOS5qcGVn.jpeg,0,0,0,0,1771441855545,47,0.0,,label
19879456,1913682,"Spoor 1",Various,2021,SPOOR1,https://www.discogs.com/release/19879456,https://i.discogs.com/XsQX93Z0G4-JdOpEulD0mLjp1O6uDCkNVQDO0sZXxhM/rs:fit/g:sm/q:40/h:150/w:150/czM6Ly9kaXNjb2dz/LWRhdGFiYXNlLWlt/YWdlcy9SLTE5ODc5/NDU2LTE2MjkxMTcz/NDQtMzMzNC5qcGVn.jpeg,0,0,0,0,1771441855545,48,0.0,,label
19921204,147719,"Double Heads 1980 - 1981: Maximum Psychedelic Blues Years","Les Rallizes Dénudés*",2021,none,https://www.discogs.com/release/19921204,https://i.discogs.com/9Q6b_8Q6Mg9SsQkAfHuVTe0GDKgAYGTMa8rFx1JcaeM/rs:fit/g:sm/q:40/h:150/w:150/czM6Ly9kaXNjb2dz/LWRhdGFiYXNlLWlt/YWdlcy9SLTE5OTIx/MjA0LTE2Mjk0MDM2/OTktMjk0My5qcGVn.jpeg,0,0,0,0,1771441865977,9,0.0,,label
19923775,1913682,Cryptobitch,Cryptobitch,2021,PE017,https://www.discogs.com/release/19923775,https://i.discogs.com/oVYOf83CmH-Jc--RGJPhksj6_ZxSU-yYDeTfjCqBHQc/rs:fit/g:sm/q:40/h:150/w:150/czM6Ly9kaXNjb2dz/LWRhdGFiYXNlLWlt/YWdlcy9SLTE5OTIz/Nzc1LTE2Mjk0MjA4/NjctMzYwMi5qcGVn.jpeg,0,0,0,0,1771441855545,49,0.0,,label
19923799,1913682,Cryptobitch,Cryptobitch,2021,PE017,https://www.discogs.com/release/19923799,https://i.discogs.com/1AwPzI_vCjbvulSB4iEAXK_yB04WwQesOz7fs2aWu68/rs:fit/g:sm/q:40/h:150/w:150/czM6Ly9kaXNjb2dz/LWRhdGFiYXNlLWlt/YWdlcy9SLTE5OTIz/Nzk5LTE2MzgxMjUy/NTQtNTI3Ni5qcGVn.jpeg,0,0,0,0,1771441855545,50,0.0,,label
19970905,1592903,Emulations,Escaflowne,2021,FRS011,https://www.discogs.com/release/19970905,https://i.discogs.com/vQgVyyiILQ6r7iXa2li2dRMfGpE1cwVDnOT6dXslc78/rs:fit/g:sm/q:40/h:150/w:150/czM6Ly9kaXNjb2dz/LWRhdGFiYXNlLWlt/YWdlcy9SLTE5OTcw/OTA1LTE2Mjk3NTM5/MjUtMzQxNS5qcGVn.jpeg,0,0,0,0,1771441866063,16,0.0,,label
19971151,1592903,"""Emulations"" VIP Remixes",Escaflowne,2021,none,https://www.discogs.com/release/19971151,https://i.discogs.com/gukP_GHalwIQbEkzw0eJgoYyRPw-Ow-9B_k9Eg949pE/rs:fit/g:sm/q:40/h:150/w:150/czM6Ly9kaXNjb2dz/LWRhdGFiYXNlLWlt/YWdlcy9SLTE5OTcx/MTUxLTE2Mjk3NTQ4/NjgtNzUwMS5qcGVn.jpeg,0,0,0,0,1771441866063,52,0.0,,label
20012569,1247544,"Laguna Sud","Alan Backdrop",2021,HARMONY007,https://www.discogs.com/release/20012569,https://i.discogs.com/FcdFWV4ZAshJDo06eXMR31J0KYEk5chBtDqThBVY6s0/rs:fit/g:sm/q:40/h:150/w:150/czM6Ly9kaXNjb2dz/LWRhdGFiYXNlLWlt/YWdlcy9SLTIwMDEy/NTY5LTE2MzAwNjg3/MDUtOTgwNC5qcGVn.jpeg,0,0,0,0,1771441860116,40,0.0,,label
20012944,1247544,"Laguna Sud","Alan Backdrop",2021,HARMONY007,https://www.discogs.com/release/20012944,https://i.discogs.com/JnXmupdB86RSTFnszWTuaJ1ruEbhGL7bFzBBMq8Lv1s/rs:fit/g:sm/q:40/h:150/w:150/czM6Ly9kaXNjb2dz/LWRhdGFiYXNlLWlt/YWdlcy9SLTIwMDEy/OTQ0LTE2MzAwNjk4/OTMtMzE3MC5wbmc.jpeg,0,0,0,0,1771441860116,41,0.0,,label
20013388,1913682,"Kāthā",Various,2021,"ST-๐๐ห้า",https://www.discogs.com/release/20013388,https://i.discogs.com/E0gHEiDTdrdR4GqZA-qXKcGJL4xRFBLSGDlKH3ETgs4/rs:fit/g:sm/q:40/h:150/w:150/czM6Ly9kaXNjb2dz/LWRhdGFiYXNlLWlt/YWdlcy9SLTIwMDEz/Mzg4LTE2MzAwNzIx/OTUtODkwOS5qcGVn.jpeg,0,0,0,0,1771441855545,51,0.0,,label
20086567,1913682,"Gilgamesh EP","Fruit (13)",2021,"ØEN020",https://www.discogs.com/release/20086567,https://i.discogs.com/RaPbjs2sHq2HYu5CA8RXKxBPgOSHyBFL1ZXSFMtEPUc/rs:fit/g:sm/q:40/h:150/w:150/czM6Ly9kaXNjb2dz/LWRhdGFiYXNlLWlt/YWdlcy9SLTIwMDg2/NTY3LTE3MjE1MTE3/OTQtMjE4My5wbmc.jpeg,0,0,0,0,1771441855545,52,0.0,,label
20220361,1411307,"Made In Japan ",EDMX,2021,EYA014,https://www.discogs.com/release/20220361,https://i.discogs.com/5SnUvMvWvZT3YvjxWZ96tQzT9qf3M5GOyLQ-aIoylFc/rs:fit/g:sm/q:40/h:150/w:150/czM6Ly9kaXNjb2dz/LWRhdGFiYXNlLWlt/YWdlcy9SLTIwMjIw/MzYxLTE2MzE1NTM3/NzUtNTk0NC5qcGVn.jpeg,0,0,0,0,1771441863643,23,0.0,,label
20276014,921036,"Ultraviolet Freqs EP","Guy Contact",2022,CKNOWEP31,https://www.discogs.com/release/20276014,https://i.discogs.com/D9sOWry3CnIpd5cBC_M7OTNZtronDEb_FJDmtsWljBg/rs:fit/g:sm/q:40/h:150/w:150/czM6Ly9kaXNjb2dz/LWRhdGFiYXNlLWlt/YWdlcy9SLTIwMjc2/MDE0LTE3MjA5NzI2/MDEtODcwNy5qcGVn.jpeg,0,0,0,0,1771441861415,66,0.0,,label
20292772,1913682,"Limpet Minds EP",Biodive,2021,PIST001,https://www.discogs.com/release/20292772,https://i.discogs.com/ntzlysE4ZPr0UgUfePcT78tHKf5wO_KaUWTT8_MtnhI/rs:fit/g:sm/q:40/h:150/w:150/czM6Ly9kaXNjb2dz/LWRhdGFiYXNlLWlt/YWdlcy9SLTIwMjky/NzcyLTE3MTY4NzA0/NjktNTE3NS5qcGVn.jpeg,0,0,0,0,1771441855545,53,0.0,,label
20312239,1913682,Sintaksis,"Adhianto Aryo",2021,D62-11,https://www.discogs.com/release/20312239,https://i.discogs.com/bQPkxnbG30g3JXlPauFQJ3tATYYUNRwOBLy_H9JH5ZI/rs:fit/g:sm/q:40/h:150/w:150/czM6Ly9kaXNjb2dz/LWRhdGFiYXNlLWlt/YWdlcy9SLTIwMzEy/MjM5LTE2MzIyMTMz/OTQtNTEyMS5qcGVn.jpeg,0,0,0,0,1771441855545,54,0.0,,label
20312323,1913682,Sintaksis,"Adhianto Aryo",2021,D62-11,https://www.discogs.com/release/20312323,https://i.discogs.com/_ivx7Zgd69G8wuwX9stB46zAHBfVf60TRCKFkw_Jj9E/rs:fit/g:sm/q:40/h:150/w:150/czM6Ly9kaXNjb2dz/LWRhdGFiYXNlLWlt/YWdlcy9SLTIwMzEy/MzIzLTE2MzMwODY1/NjctNzE2NS5qcGVn.jpeg,0,0,0,0,1771441855545,55,0.0,,label
20326531,847737,"Shavua Tov","Nic Arizona",2021,"Malka TutiLP011",https://www.discogs.com/release/20326531,https://i.discogs.com/z7UEic1g-v2LuTbXO-A0M0KtSmbKljzzCq0Wmv6YL8Y/rs:fit/g:sm/q:40/h:150/w:150/czM6Ly9kaXNjb2dz/LWRhdGFiYXNlLWlt/YWdlcy9SLTIwMzI2/NTMxLTE2MzIzMTgz/ODYtNzI2OS5qcGVn.jpeg,0,0,0,0,1771441863768,43,0.0,,label
20397301,473973,"Worlds Beyond Knowledge","Matthias (52)",2021,AOD011,https://www.discogs.com/release/20397301,https://i.discogs.com/f4Ztei5Y_JZEqE2pfTpx1iQj-QhAP_f_dNNukeSNSjc/rs:fit/g:sm/q:40/h:150/w:150/czM6Ly9kaXNjb2dz/LWRhdGFiYXNlLWlt/YWdlcy9SLTIwMzk3/MzAxLTE2MzI4MjU4/MzAtNDY3OC5qcGVn.jpeg,0,0,0,0,1771441859879,13,0.0,,label
20399167,1120990,"Scope Zone","Liquid Earth (3)",2021,OYSTER36,https://www.discogs.com/release/20399167,https://i.discogs.com/PrU4BhZPTxpb03rV5cQiKUNrNTPKtxhBhBzDKwvNKFo/rs:fit/g:sm/q:40/h:150/w:150/czM6Ly9kaXNjb2dz/LWRhdGFiYXNlLWlt/YWdlcy9SLTIwMzk5/MTY3LTE2MzI5MDUy/NDAtMTg2OC5qcGVn.jpeg,0,0,0,0,1771441850683,10,0.0,,label
20550085,1913682,44-2,Various,2021,FRKD44-2,https://www.discogs.com/release/20550085,https://i.discogs.com/5PeqfK-pgzd-dUTJJ_mvnFiJil8BdJltm5jdJf_igvo/rs:fit/g:sm/q:40/h:150/w:150/czM6Ly9kaXNjb2dz/LWRhdGFiYXNlLWlt/YWdlcy9SLTIwNTUw/MDg1LTE2NDk2ODU4/MTgtNTA2Ni5qcGVn.jpeg,0,0,0,0,1771441855545,57,0.0,,label
20594137,1592903,Boulder,Cratan,2021,FRS012,https://www.discogs.com/release/20594137,https://i.discogs.com/JkmwRkusTU3hudVKZ090IaNRyW6xK8sbxde5P0UQTzI/rs:fit/g:sm/q:40/h:150/w:150/czM6Ly9kaXNjb2dz/LWRhdGFiYXNlLWlt/YWdlcy9SLTIwNTk0/MTM3LTE2MzU5NTgw/MjctNTk4Ni5qcGVn.jpeg,0,0,0,0,1771441866063,19,0.0,,label
20655262,1390196,"Your Own Power","Priori (2)",2021,"NAFF014, COU007",https://www.discogs.com/release/20655262,https://i.discogs.com/aViuAGZ6PvNgUqhdqrlSdy4khcCqmYsw3IjwqyinHfk/rs:fit/g:sm/q:40/h:150/w:150/czM6Ly9kaXNjb2dz/LWRhdGFiYXNlLWlt/YWdlcy9SLTIwNjU1/MjYyLTE2MzcxODc3/NDMtODY0MS5qcGVn.jpeg,0,0,0,0,1771441853832,21,0.0,,label
20738350,1913682,"Stone Diviner",Ike*,2021,ORKL-17,https://www.discogs.com/release/20738350,https://i.discogs.com/yPsA3q44h5WP9Mp9ddzOqtkEGuuHtYeefIQjw2ai1uQ/rs:fit/g:sm/q:40/h:150/w:150/czM6Ly9kaXNjb2dz/LWRhdGFiYXNlLWlt/YWdlcy9SLTIwNzM4/MzUwLTE2MzUyNjAw/MTAtMTA1OC5qcGVn.jpeg,0,0,0,0,1771441855545,59,0.0,,label
20748835,1913682,"Solvation EP",Eversines,2021,DLEP05,https://www.discogs.com/release/20748835,https://i.discogs.com/F1mMIvU_iSisltVq-RVA0E3y2t5gxaMStWgbQqz0gpc/rs:fit/g:sm/q:40/h:150/w:150/czM6Ly9kaXNjb2dz/LWRhdGFiYXNlLWlt/YWdlcy9SLTIwNzQ4/ODM1LTE2MzUzMzgw/NDYtNDc4Ni5wbmc.jpeg,0,0,0,0,1771441855545,60,0.0,,label
20835190,1913682,ONO001,e-Plume,2021,ONO001,https://www.discogs.com/release/20835190,https://i.discogs.com/sl_ADJbmAZj7mNqOVbwQIYeki-bT1F05TWymvoZv8po/rs:fit/g:sm/q:40/h:150/w:150/czM6Ly9kaXNjb2dz/LWRhdGFiYXNlLWlt/YWdlcy9SLTIwODM1/MTkwLTE2Mzg1NDIy/MzItNjQwOS5qcGVn.jpeg,0,0,0,0,1771441855545,61,0.0,,label
20888563,921036,Metamorphose,Boulderhead,2021,"CKNOWEP 30",https://www.discogs.com/release/20888563,https://i.discogs.com/RO94Wk-QNBL-jBD92PjW40g3PtWVtdsVfB6XNC6hbOo/rs:fit/g:sm/q:40/h:150/w:150/czM6Ly9kaXNjb2dz/LWRhdGFiYXNlLWlt/YWdlcy9SLTIwODg4/NTYzLTE2MzYzMDI0/NjktMjMxMi5qcGVn.jpeg,0,0,0,0,1771441861415,22,0.0,,label
20902921,2430592,"Adamha E.P.","Planet Love",2022,BKSP003,https://www.discogs.com/release/20902921,https://i.discogs.com/xKJjsmHGW2XJwC4NPEDeQDsHLXCwCw3RmyKG60FV9_c/rs:fit/g:sm/q:40/h:150/w:150/czM6Ly9kaXNjb2dz/LWRhdGFiYXNlLWlt/YWdlcy9SLTIwOTAy/OTIxLTE2NjQyMDk5/OTUtMTQ2My5qcGVn.jpeg,0,0,0,0,1771441865938,2,0.0,,label
20959384,1390196,"Your Own Power","Priori (2)",2021,NAFF014,https://www.discogs.com/release/20959384,https://i.discogs.com/o4psgydW1TZOIW2kpmuZsGolTc1E9NGlXlGnRQy8APQ/rs:fit/g:sm/q:40/h:150/w:150/czM6Ly9kaXNjb2dz/LWRhdGFiYXNlLWlt/YWdlcy9SLTIwOTU5/Mzg0LTE2MzY3ODc0/NTgtMzYyMy5qcGVn.jpeg,0,0,0,0,1771441853832,20,0.0,,label
20982577,1592903,"Social Factory Reset","Cmd (5)",2021,FRS013,https://www.discogs.com/release/20982577,https://i.discogs.com/0wZRkvEq-uiIx71OS0qt8wkmbnY8cJ8UG2ZqY7UMqZo/rs:fit/g:sm/q:40/h:150/w:150/czM6Ly9kaXNjb2dz/LWRhdGFiYXNlLWlt/YWdlcy9SLTIwOTgy/NTc3LTE2MzY5Mjk3/NDctMzA4NC5qcGVn.jpeg,0,0,0,0,1771441866063,20,0.0,,label
21001360,1913682,"Greenhouse Vol. I",Various,2021,DWR003,https://www.discogs.com/release/21001360,https://i.discogs.com/vgdTR3QZHDOYVNy_VtE4bd6waGwRpbE_rbNOK2C3Uig/rs:fit/g:sm/q:40/h:150/w:150/czM6Ly9kaXNjb2dz/LWRhdGFiYXNlLWlt/YWdlcy9SLTIxMDAx/MzYwLTE2MzcwNzE4/OTItNjAxNC5qcGVn.jpeg,0,0,0,0,1771441855545,62,0.0,,label
21068449,1913682,Slingshot,"Solar Suite",2021,ONRO02,https://www.discogs.com/release/21068449,https://i.discogs.com/ob8SJX-FVPvh79hX_DX_W_ht_JPnDOd0OVK0Ed0Mda0/rs:fit/g:sm/q:40/h:150/w:150/czM6Ly9kaXNjb2dz/LWRhdGFiYXNlLWlt/YWdlcy9SLTIxMDY4/NDQ5LTE2Mzc1MDcw/MjItOTQyMC5qcGVn.jpeg,0,0,0,0,1771441855545,63,0.0,,label
21074605,1913682,"As The Days Go By",Various,2021,"day by day 006",https://www.discogs.com/release/21074605,https://i.discogs.com/9Ny1RuDCX7F2vR-ZF_W5T7mWekQgt19jojrwOIBrY9E/rs:fit/g:sm/q:40/h:150/w:150/czM6Ly9kaXNjb2dz/LWRhdGFiYXNlLWlt/YWdlcy9SLTIxMDc0/NjA1LTE2MzkyMjYx/NzgtODA2NC5qcGVn.jpeg,0,0,0,0,1771441855545,64,0.0,,label
21085990,1411307,"Transient Love ","D.A.B (2)",2021,EYA015,https://www.discogs.com/release/21085990,https://i.discogs.com/f5Vrus-uWa-UfRfxy7hCEukRxucLyRdeXWW3VSYX32s/rs:fit/g:sm/q:40/h:150/w:150/czM6Ly9kaXNjb2dz/LWRhdGFiYXNlLWlt/YWdlcy9SLTIxMDg1/OTkwLTE2NjMxNjI1/MzItMzk4My5qcGVn.jpeg,0,0,0,0,1771441863643,25,0.0,,label
21099343,1682339,"In A (once​-​)​blossomed Place","Cassie Wieland & Erich Barganier",2019,none,https://www.discogs.com/release/21099343,https://i.discogs.com/CWrV85V7KCkrNlSjrG4mEhjBBSeG0de2CHoxe5ypEbs/rs:fit/g:sm/q:40/h:150/w:150/czM6Ly9kaXNjb2dz/LWRhdGFiYXNlLWlt/YWdlcy9SLTIxMDk5/MzQzLTE2Mzc3MTQ4/ODEtNjUwNS5qcGVn.jpeg,1,0,0,0,1771441859914,0,0.0,"Track match issue: YouTube quota exceeded for this key. Wait for quota reset or use another key.",label
21106699,1120990,"Sans Musique",Sansibar,2021,OYSTER34,https://www.discogs.com/release/21106699,https://i.discogs.com/OO50mk1nox8tOYkQrrjWnLiRis-r89DlOo5dZYt54Bo/rs:fit/g:sm/q:40/h:150/w:150/czM6Ly9kaXNjb2dz/LWRhdGFiYXNlLWlt/YWdlcy9SLTIxMTA2/Njk5LTE2Mzg4MjQ4/NDYtMTA1Mi5qcGVn.jpeg,0,0,0,0,1771441850683,11,0.0,,label
21119521,1913682,"Mineral 03","Fashion Queens / Memphis (3)",2021,MINERAL03,https://www.discogs.com/release/21119521,https://i.discogs.com/AoZDpaDCmUK3DJBFJAe148ljB8RNFWk5oP4Ta6sywFo/rs:fit/g:sm/q:40/h:150/w:150/czM6Ly9kaXNjb2dz/LWRhdGFiYXNlLWlt/YWdlcy9SLTIxMTE5/NTIxLTE2Mzc4NjAx/NjktMzgxNS5qcGVn.jpeg,0,0,0,0,1771441855545,66,0.0,,label
21274951,1913682,"Molecules EP",Zots*,2022,"LONEWOLF 008",https://www.discogs.com/release/21274951,https://i.discogs.com/svXnWzidTqE14rBAEU31HuFeHtxJzBnwjGNrPKKg-tw/rs:fit/g:sm/q:40/h:150/w:150/czM6Ly9kaXNjb2dz/LWRhdGFiYXNlLWlt/YWdlcy9SLTIxMjc0/OTUxLTE2Nzc1OTg1/MTktNzY5MC5qcGVn.jpeg,0,0,0,0,1771441855545,67,0.0,,label
21291367,921036,"Metamorphose EP",Boulderhead,2021,CKNOWEP30,https://www.discogs.com/release/21291367,https://i.discogs.com/Ll5y_6yqx2Fqn5vCFYvsZ-o1j1JoAzWDD7Mm28j0hFM/rs:fit/g:sm/q:40/h:150/w:150/czM6Ly9kaXNjb2dz/LWRhdGFiYXNlLWlt/YWdlcy9SLTIxMjkx/MzY3LTE2MzkwODYz/NTAtODQ0Mi5qcGVn.jpeg,0,0,0,0,1771441861415,65,0.0,,label
21358123,1913682,"Sugary Hills","Caramel Chameleon",2021,NN01,https://www.discogs.com/release/21358123,https://i.discogs.com/IeLZbnO7k7oVx3eALDPaGEStLSi7ZA8TVQYnsMtypkU/rs:fit/g:sm/q:40/h:150/w:150/czM6Ly9kaXNjb2dz/LWRhdGFiYXNlLWlt/YWdlcy9SLTIxMzU4/MTIzLTE2NDg5OTQz/MjktNDY4Mi5qcGVn.jpeg,0,0,0,0,1771441855545,68,0.0,,label
21375013,1592903,Boulder,Cratan,2021,FRS012,https://www.discogs.com/release/21375013,https://i.discogs.com/t3wlFQ99BJH6oxCs26p_Ch2Zq0Gc-uZUR1cyPi35ae8/rs:fit/g:sm/q:40/h:150/w:150/czM6Ly9kaXNjb2dz/LWRhdGFiYXNlLWlt/YWdlcy9SLTIxMzc1/MDEzLTE2Mzk2ODE2/NzQtNTc5Ni5qcGVn.jpeg,0,0,0,0,1771441866063,17,0.0,,label
21382951,739381,"In Bloom",Facta,,WSDM021,https://www.discogs.com/releases/21382951,https://i.discogs.com/w7DzCQ3Gbk3ykKKykMN698cbqpGdQ1QJ1uoBrDiK53o/rs:fit/g:sm/q:40/h:150/w:150/czM6Ly9kaXNjb2dz/LWRhdGFiYXNlLWlt/YWdlcy9SLTIxMzgy/OTUxLTE2Mzk3NDc3/MzUtNTA5NS5qcGVn.jpeg,1,0,0,1,1771445244032,65,0.0,,discogs_want
21443365,852291,"Sorority House Massacre II & III (Original Motion Picture Soundtracks)","Chuck Cirino",2021,DDR730,https://www.discogs.com/release/21443365,https://i.discogs.com/dBuUxV6WtyNhrRTqwRXZznGyRcCXWHxpqNtLUcQirmY/rs:fit/g:sm/q:40/h:150/w:150/czM6Ly9kaXNjb2dz/LWRhdGFiYXNlLWlt/YWdlcy9SLTIxNDQz/MzY1LTE2NDAzNDMw/NzYtMTQ2NS5qcGVn.jpeg,0,0,0,0,1771441866461,21,0.0,,label
21588889,1913682,"Ambiente Sonoro",Tagliabue*,2021,GAIT02,https://www.discogs.com/release/21588889,https://i.discogs.com/ZbQf9h38XHbtcwdRJSaJcX3PugzzpDOoV7qL3RhywHY/rs:fit/g:sm/q:40/h:150/w:150/czM6Ly9kaXNjb2dz/LWRhdGFiYXNlLWlt/YWdlcy9SLTIxNTg4/ODg5LTE2NDEyMTk5/OTItMzQ3Ny5qcGVn.jpeg,0,0,0,0,1771441855545,69,0.0,,label
21614869,1913682,WAR1203,"Giraffi Dog / Erik Jäähalli / Henry 3000 / DJ Hummer",2022,WAR1203,https://www.discogs.com/release/21614869,https://i.discogs.com/oJklOM3QVtneOWupxJP0pXLJc5d4plcYT4fnWjNXZj4/rs:fit/g:sm/q:40/h:150/w:150/czM6Ly9kaXNjb2dz/LWRhdGFiYXNlLWlt/YWdlcy9SLTIxNjE0/ODY5LTE2NjU0ODcx/MTQtMTEzMS5qcGVn.jpeg,0,0,0,0,1771441855545,70,0.0,,label
21614911,1120990,"AI Calculator","Primal Code",2022,OYSTER32,https://www.discogs.com/release/21614911,https://i.discogs.com/jyDUOZ7y2Aqg0EYb1IGn5Ju4aBMYAqawAK_V8p6ouBw/rs:fit/g:sm/q:40/h:150/w:150/czM6Ly9kaXNjb2dz/LWRhdGFiYXNlLWlt/YWdlcy9SLTIxNjE0/OTExLTE2NDEzOTc4/MzgtNTExNy5qcGVn.jpeg,0,0,0,0,1771441850683,12,0.0,,label
21631687,1913682,Prarhamansah,Prarhamansah,2022,"BRUTAŻLP-003",https://www.discogs.com/release/21631687,https://i.discogs.com/kbF2EkZbTfd3eRL_9rKLPmQrZaRe2bJ00aEMNHzUAfg/rs:fit/g:sm/q:40/h:150/w:150/czM6Ly9kaXNjb2dz/LWRhdGFiYXNlLWlt/YWdlcy9SLTIxNjMx/Njg3LTE3MDY0ODIw/MTEtMTE4My5qcGVn.jpeg,0,0,0,0,1771441855545,72,0.0,,label
21675535,1913682,AEORI,Patamamba,2022,KIMCHI003,https://www.discogs.com/release/21675535,https://i.discogs.com/J_3H4Gpb5vITq-MQB20MQVylDUfiNofo6Qgp3HHMDX4/rs:fit/g:sm/q:40/h:150/w:150/czM6Ly9kaXNjb2dz/LWRhdGFiYXNlLWlt/YWdlcy9SLTIxNjc1/NTM1LTE2OTUzOTIz/MjEtMTUzMC5qcGVn.jpeg,0,0,0,0,1771441855545,73,0.0,,label
21702037,1913682,"Brainwash EP","Fader Cap",2022,S2I01,https://www.discogs.com/release/21702037,https://i.discogs.com/aIWsNcjUxmg-22EY_OUaUF_mtfKAKl-_yfYImgIzvzk/rs:fit/g:sm/q:40/h:150/w:150/czM6Ly9kaXNjb2dz/LWRhdGFiYXNlLWlt/YWdlcy9SLTIxNzAy/MDM3LTE2NzkxMTk4/NTMtMTM1Ni5qcGVn.jpeg,0,0,0,0,1771441855545,74,0.0,,label
21721186,1913682,NDVAX02,"Mesak, Nurah, Mary Yalex, Even Tuell",2022,NDVAX02,https://www.discogs.com/release/21721186,https://i.discogs.com/nIIF8aNTrAnaTvyGIrFWVj0f4ns7Q9LO4eHMqFNct8A/rs:fit/g:sm/q:40/h:150/w:150/czM6Ly9kaXNjb2dz/LWRhdGFiYXNlLWlt/YWdlcy9SLTIxNzIx/MTg2LTE2NDIwODg1/MTgtMTQ0MS5qcGVn.jpeg,0,0,0,0,1771441855545,75,0.0,,label
21773314,847737,Twenty,"Tapan feat. Decha",2022,MT0032,https://www.discogs.com/release/21773314,https://i.discogs.com/R8a7UCF_4Mx1wy1HdF8gNWQWClSA9WS0steQoKqRjYQ/rs:fit/g:sm/q:40/h:150/w:150/czM6Ly9kaXNjb2dz/LWRhdGFiYXNlLWlt/YWdlcy9SLTIxNzcz/MzE0LTE2NDUxMDU0/NTQtNjgzMS5qcGVn.jpeg,0,0,0,0,1771441863768,56,0.0,,label
21791341,1913682,"Was Het Maar Eens Niet Zo'n Feest","Meetsysteem, Victor De Roo",2022,KG005,https://www.discogs.com/release/21791341,https://i.discogs.com/fAM93oq96lYroAUGnDDXlWlkNTQIvp04zP8KoGpjn0I/rs:fit/g:sm/q:40/h:150/w:150/czM6Ly9kaXNjb2dz/LWRhdGFiYXNlLWlt/YWdlcy9SLTIxNzkx/MzQxLTE2NDMxMzYy/MzAtNTMxOS5qcGVn.jpeg,0,0,0,0,1771441855545,76,0.0,,label
21824347,1798608,"Don't Forget the Moonscreen","Dolly (37)",2022,ANIMA4,https://www.discogs.com/release/21824347,https://i.discogs.com/I0q62QFnLe2cyE4HuwaTDxOa-nW-Hyhyx_fjAGkF_dE/rs:fit/g:sm/q:40/h:150/w:150/czM6Ly9kaXNjb2dz/LWRhdGFiYXNlLWlt/YWdlcy9SLTIxODI0/MzQ3LTE2NDI3NDI1/NjEtMzM4NS5qcGVn.jpeg,1,1,1,0,1771451164047,13,1.0,,label
21831556,1913682,"Transcendence EP","Elliott (10)",2022,RP009,https://www.discogs.com/release/21831556,https://i.discogs.com/vwlRprFQCkPtbWkIkpJoa89tYVhm53QW1VB6203PlGE/rs:fit/g:sm/q:40/h:150/w:150/czM6Ly9kaXNjb2dz/LWRhdGFiYXNlLWlt/YWdlcy9SLTIxODMx/NTU2LTE2NDI3ODgy/MzgtMzI2MC5qcGVn.jpeg,0,0,0,0,1771441855545,77,0.0,,label
21876640,147719,"Live 23 Mar. 1981","Les Rallizes Dénudés*",,none,https://www.discogs.com/release/21876640,https://i.discogs.com/mTo4lhXzz19EY87q5Oesqs15pY6K236gRFog5yx3G0s/rs:fit/g:sm/q:40/h:150/w:150/czM6Ly9kaXNjb2dz/LWRhdGFiYXNlLWlt/YWdlcy9SLTIxODc2/NjQwLTE2NDMwNjM0/ODAtNDMzMi5qcGVn.jpeg,0,0,0,0,1771441865977,8,0.0,,label
21884890,1913682,"Third Nature","Roza Terenzi & jd*",2022,STEP04,https://www.discogs.com/release/21884890,https://i.discogs.com/xCR39lOhe1c2Tv_byezcg-ZR5c-iK6c2y9SNyH_mgzU/rs:fit/g:sm/q:40/h:150/w:150/czM6Ly9kaXNjb2dz/LWRhdGFiYXNlLWlt/YWdlcy9SLTIxODg0/ODkwLTE2NDMxMjUz/MjItNzMyOS5qcGVn.jpeg,0,0,0,0,1771441855545,78,0.0,,label
21988414,147719,"Azabu Demo 1985","Les Rallizes Denudes",2022,"LR 66",https://www.discogs.com/release/21988414,https://i.discogs.com/a_jZouAyJJmsPIGdHSvsbjjbSVi5QiJTwCMfz5GBKVs/rs:fit/g:sm/q:40/h:150/w:150/czM6Ly9kaXNjb2dz/LWRhdGFiYXNlLWlt/YWdlcy9SLTIxOTg4/NDE0LTE3NDc4OTky/MTktMTkxMi5qcGVn.jpeg,0,0,0,0,1771441865977,2,0.0,,label
21998761,1390196,"Your Own Power (Remixes)","Priori (2)",2022,NAFF015,https://www.discogs.com/release/21998761,https://i.discogs.com/kAnRb51sAza32UpgYcPejnlht-kJAje1g7AKJnYUtOg/rs:fit/g:sm/q:40/h:150/w:150/czM6Ly9kaXNjb2dz/LWRhdGFiYXNlLWlt/YWdlcy9SLTIxOTk4/NzYxLTE2NDM4Mjkz/MTItNjY3NS5qcGVn.jpeg,0,0,0,0,1771441853832,22,0.0,,label
22017910,1247544,"Reality Check","Alfred Czital",2022,HARMONY008,https://www.discogs.com/release/22017910,https://i.discogs.com/rXFfqQj0iVpwVmKfZt0Yx-oCPx9_vcX94MD39218hbk/rs:fit/g:sm/q:40/h:150/w:150/czM6Ly9kaXNjb2dz/LWRhdGFiYXNlLWlt/YWdlcy9SLTIyMDE3/OTEwLTE2NDg1NzIy/NDgtMTA1Ny5qcGVn.jpeg,0,0,0,0,1771441860116,43,0.0,,label
22020625,1247544,"Reality Check","Alfred Czital",2022,HARMONY008,https://www.discogs.com/release/22020625,https://i.discogs.com/ArI_QqC8S__WZ6M2TTDjeBXmwxGUxjmqjT87Q7dIHoY/rs:fit/g:sm/q:40/h:150/w:150/czM6Ly9kaXNjb2dz/LWRhdGFiYXNlLWlt/YWdlcy9SLTIyMDIw/NjI1LTE2NDM5ODA2/NjUtMjc3Ni5qcGVn.jpeg,0,0,0,0,1771441860116,44,0.0,,label
22068487,1411307,"A Thin Veneer Of Overlord ","Manuk / Oli Silva",2022,EYA016,https://www.discogs.com/release/22068487,https://i.discogs.com/zBoipgXJ9MkbbyYdE4Iq7P4v1krxSfvpv9KzytO7F2w/rs:fit/g:sm/q:40/h:150/w:150/czM6Ly9kaXNjb2dz/LWRhdGFiYXNlLWlt/YWdlcy9SLTIyMDY4/NDg3LTE2NDQyNzA1/MTktNDI2MS5qcGVn.jpeg,0,0,0,0,1771441863643,26,0.0,,label
22088074,1913682,"West In Motion",Bumble,2022,ARIS01,https://www.discogs.com/release/22088074,https://i.discogs.com/AHNcQjdj9Sh56zs_dpbhMQqErpytNIcsQaK2BNuZbNY/rs:fit/g:sm/q:40/h:150/w:150/czM6Ly9kaXNjb2dz/LWRhdGFiYXNlLWlt/YWdlcy9SLTIyMDg4/MDc0LTE2NDU0NTEx/NTMtMjI4NS5qcGVn.jpeg,0,0,0,0,1771441855545,80,0.0,,label
22116775,1592903,"Rio De Janeiro 3025 EP","Marcela Dias Sindaco",2022,FRS014,https://www.discogs.com/release/22116775,https://i.discogs.com/2pfed_nMmPaMhIk-WGPfhD722woHYJfDnZU5nAqTLHg/rs:fit/g:sm/q:40/h:150/w:150/czM6Ly9kaXNjb2dz/LWRhdGFiYXNlLWlt/YWdlcy9SLTIyMTE2/Nzc1LTE2NDQ1OTY0/MDAtOTMxNi5qcGVn.jpeg,0,0,0,0,1771441866063,21,0.0,,label
22151134,1913682,"Urvi (उर्वी)",Mogambo*,2022,"ST-๐๐๖",https://www.discogs.com/release/22151134,https://i.discogs.com/cRyFNG4Bh_A8d5kw3JzWTMbHc-aphvM_7q1uI0nHtIw/rs:fit/g:sm/q:40/h:150/w:150/czM6Ly9kaXNjb2dz/LWRhdGFiYXNlLWlt/YWdlcy9SLTIyMTUx/MTM0LTE2NDQ4MjAx/ODgtMjc2OC5qcGVn.jpeg,0,0,0,0,1771441855545,81,0.0,,label
22204594,473973,"Caracal EP",BufoBufo,2022,AOD012,https://www.discogs.com/release/22204594,https://i.discogs.com/AQKK1U2HuDO1BYIjKNy7Kojx6PDQFqAmzTRrTY8NAEE/rs:fit/g:sm/q:40/h:150/w:150/czM6Ly9kaXNjb2dz/LWRhdGFiYXNlLWlt/YWdlcy9SLTIyMjA0/NTk0LTE2NDUxNzc5/NTktNjAzNC5wbmc.jpeg,0,0,0,0,1771441859879,15,0.0,,label
22259194,1913682,"Mineral 04","T.W.E.* / Sigma Tibet*",2022,MINERAL04,https://www.discogs.com/release/22259194,https://i.discogs.com/F3xrCzZvHp3J8HL4S9nhq_vx5qDJBrknG5BuSH3todU/rs:fit/g:sm/q:40/h:150/w:150/czM6Ly9kaXNjb2dz/LWRhdGFiYXNlLWlt/YWdlcy9SLTIyMjU5/MTk0LTE2NDU1MjMz/NDMtNDk1OS5qcGVn.jpeg,0,0,0,0,1771441855545,82,0.0,,label
22260289,1913682,WITNESS03,Various,2022,WITNESS03,https://www.discogs.com/release/22260289,https://i.discogs.com/8aOaHNWwv1VSs_Yu4v0SWWAJxMfvX4SaBwy8GM38hQs/rs:fit/g:sm/q:40/h:150/w:150/czM6Ly9kaXNjb2dz/LWRhdGFiYXNlLWlt/YWdlcy9SLTIyMjYw/Mjg5LTE3MjE2NjYz/OTgtNzU2NS5wbmc.jpeg,0,0,0,0,1771441855545,83,0.0,,label
22272487,1120990,"Elsewhere XX",Various,2022,OYSTER35,https://www.discogs.com/release/22272487,https://i.discogs.com/cE0w9G4diQQWYeCQtkfrGWh187gpMhEdymKl2FtKdeE/rs:fit/g:sm/q:40/h:150/w:150/czM6Ly9kaXNjb2dz/LWRhdGFiYXNlLWlt/YWdlcy9SLTIyMjcy/NDg3LTE2NDY0MTA5/MjQtMjkxOS5qcGVn.jpeg,0,0,0,0,1771441850683,66,0.0,,label
22275475,1592903,"Easily Disturbed ","Ben Ritz",2022,FRS015,https://www.discogs.com/release/22275475,https://i.discogs.com/ZDoHaQUs1g4DIDXF-2N_IGMOXN1Momu81RJikRMjzys/rs:fit/g:sm/q:40/h:150/w:150/czM6Ly9kaXNjb2dz/LWRhdGFiYXNlLWlt/YWdlcy9SLTIyMjc1/NDc1LTE2NDU2MzEy/NjEtOTcxMC5qcGVn.jpeg,0,0,0,0,1771441866063,22,0.0,,label
22308076,852291,"Exterminator 2 (Original Score)","David Spear",2022,DDR728,https://www.discogs.com/release/22308076,https://i.discogs.com/aEbUqnjFB2BNBMWPyQfvF1ZlpRFl4SP2k4Vx8MjY51k/rs:fit/g:sm/q:40/h:150/w:150/czM6Ly9kaXNjb2dz/LWRhdGFiYXNlLWlt/YWdlcy9SLTIyMzA4/MDc2LTE2NDU4NTk2/MTItMzM1MC5qcGVn.jpeg,0,0,0,0,1771441866461,22,0.0,,label
22343614,1913682,"Stay The Night EP",Malugi,2022,SNC006,https://www.discogs.com/release/22343614,https://i.discogs.com/TKnBGyDg8QJOAldLrR9KFBQr-lJl2iWIg0fD8j9_7SY/rs:fit/g:sm/q:40/h:150/w:150/czM6Ly9kaXNjb2dz/LWRhdGFiYXNlLWlt/YWdlcy9SLTIyMzQz/NjE0LTE2NDYzMzE3/NjctMTQxMi5qcGVn.jpeg,0,0,0,0,1771441855545,86,0.0,,label
22354801,1438825,"Warp Drive","Space Cadets (9)",2022,PE015,https://www.discogs.com/release/22354801,https://i.discogs.com/odowdNlpMh7FFI5cp2su-djKh97C1UCuGtQFhj6b9Rw/rs:fit/g:sm/q:40/h:150/w:150/czM6Ly9kaXNjb2dz/LWRhdGFiYXNlLWlt/YWdlcy9SLTIyMzU0/ODAxLTE2NDYyMDEx/OTEtMjY5NS5qcGVn.jpeg,0,0,0,0,1771441861047,22,0.0,,label
22372573,1913682,"Surface Air","Black Merlin",2022,MT033,https://www.discogs.com/release/22372573,https://i.discogs.com/MDUhA12lFu62dYnTaNP-HAwezgTBzFakEI9MSavuoRI/rs:fit/g:sm/q:40/h:150/w:150/czM6Ly9kaXNjb2dz/LWRhdGFiYXNlLWlt/YWdlcy9SLTIyMzcy/NTczLTE2NDg3MjQy/MzMtODE4MC5qcGVn.jpeg,0,0,0,0,1771441855545,87,0.0,,label
22381225,1038740,Overseas,"A.T. (13)",2022,DISCARDED-106,https://www.discogs.com/release/22381225,https://i.discogs.com/-NsZbICnBiFhetqmaSoPcz0T4FSBabbGb45s29LACmc/rs:fit/g:sm/q:40/h:150/w:150/czM6Ly9kaXNjb2dz/LWRhdGFiYXNlLWlt/YWdlcy9SLTIyMzgx/MjI1LTE2NDYzOTE0/NDAtOTcwOS5qcGVn.jpeg,1,1,0,0,1771447950725,4,1.0,,label
22472254,1592903,"Easily Disturbed ","Ben Ritz",2022,FRS015,https://www.discogs.com/release/22472254,https://i.discogs.com/3Re9V0MXf1BMvJtWMiyNK10sHiQjlxnrpSxHwqbyXnw/rs:fit/g:sm/q:40/h:150/w:150/czM6Ly9kaXNjb2dz/LWRhdGFiYXNlLWlt/YWdlcy9SLTIyNDcy/MjU0LTE2NDcwMTg3/ODUtNDgzNC5qcGVn.jpeg,0,0,0,0,1771441866063,23,0.0,,label
22522883,1913682,"Olympos 06","Athena (30)",2022,"OLMP 06",https://www.discogs.com/release/22522883,https://i.discogs.com/TkTB-Rya3k1Q1NO8PMgXpbHR3nhx-fP9TglznnOdphs/rs:fit/g:sm/q:40/h:150/w:150/czM6Ly9kaXNjb2dz/LWRhdGFiYXNlLWlt/YWdlcy9SLTIyNTIy/ODgzLTE2NDczNzE5/MDQtMjgyNC5qcGVn.jpeg,0,0,0,0,1771441855545,88,0.0,,label
22550714,1913682,"Desert Portal","Guy Contact",2022,ONO002,https://www.discogs.com/release/22550714,https://i.discogs.com/d9nJQC4E8CVeEQZ5LqWqiOWUmMnODG-ju_WyqUwMvyo/rs:fit/g:sm/q:40/h:150/w:150/czM6Ly9kaXNjb2dz/LWRhdGFiYXNlLWlt/YWdlcy9SLTIyNTUw/NzE0LTE2NDc1Nzgz/NDYtMjM1Ny5qcGVn.jpeg,0,0,0,0,1771441855545,89,0.0,,label
22590155,1120990,"Metric EP","Picture (6)",2022,OYSTER37,https://www.discogs.com/release/22590155,https://i.discogs.com/rDUanTEjzG0lA83k61f9NXeGxIhriMjtme93y0l1qTs/rs:fit/g:sm/q:40/h:150/w:150/czM6Ly9kaXNjb2dz/LWRhdGFiYXNlLWlt/YWdlcy9SLTIyNTkw/MTU1LTE3MzY0ODE3/MzMtNjk3OC5qcGVn.jpeg,0,0,0,0,1771441850683,68,0.0,,label
22612223,1390196,"The Pearl","Sensational ft. Planteaterz",2022,NAFF013,https://www.discogs.com/release/22612223,https://i.discogs.com/RaX54YBxfQz13Vdow_aB9EH_eXh4Qv-Gi98np3dHkFI/rs:fit/g:sm/q:40/h:150/w:150/czM6Ly9kaXNjb2dz/LWRhdGFiYXNlLWlt/YWdlcy9SLTIyNjEy/MjIzLTE2NDgwMjM1/NDctOTI0Mi5qcGVn.jpeg,0,0,0,0,1771441853832,19,0.0,,label
22613111,952963,"Atipic 013",Romar,2022,ATIPIC013,https://www.discogs.com/release/22613111,https://i.discogs.com/-RvHwMtjA_XQJzAYYMY7ARjAMSWNAHhK_x1sEqa5w8o/rs:fit/g:sm/q:40/h:150/w:150/czM6Ly9kaXNjb2dz/LWRhdGFiYXNlLWlt/YWdlcy9SLTIyNjEz/MTExLTE2NDgwMzA3/OTQtNjY2Mi5qcGVn.jpeg,1,1,1,0,1771441853713,0,1.0,,label
22716497,1438825,"End Of Sleep","Baby Blue (25)",2022,PE016,https://www.discogs.com/release/22716497,https://i.discogs.com/ijkit4C0jb2f4bMfQ5v5THIIHaqbXc6yy0g_Yg9jdRI/rs:fit/g:sm/q:40/h:150/w:150/czM6Ly9kaXNjb2dz/LWRhdGFiYXNlLWlt/YWdlcy9SLTIyNzE2/NDk3LTE2NDg3Njc0/NDAtMjE3My5qcGVn.jpeg,0,0,0,0,1771441861047,23,0.0,,label
22746380,1798608,Microevolutions,Various,2022,ANIMA5,https://www.discogs.com/release/22746380,https://i.discogs.com/_gYhPViiZCvKei3i4wVo6oCKtoMpAbN7LBDwj9CFaqw/rs:fit/g:sm/q:40/h:150/w:150/czM6Ly9kaXNjb2dz/LWRhdGFiYXNlLWlt/YWdlcy9SLTIyNzQ2/MzgwLTE2NDkyNDkx/MjAtNTk0Mi5qcGVn.jpeg,1,1,0,0,1771451168519,14,0.875,,label
22768976,1913682,"Vol. 1","Fish Go Deep",2022,ARIS02,https://www.discogs.com/release/22768976,https://i.discogs.com/Gkq4cXjVOB-tmdcRmiEtBfzBuEZ_oKWTpPyfIiPYOlA/rs:fit/g:sm/q:40/h:150/w:150/czM6Ly9kaXNjb2dz/LWRhdGFiYXNlLWlt/YWdlcy9SLTIyNzY4/OTc2LTE2NTI1MzE2/NjItNDE0OC5qcGVn.jpeg,0,0,0,0,1771441855545,91,0.0,,label
22770713,363756,"Opening The Door","Jack J*",2022,MH027,https://www.discogs.com/release/22770713,https://i.discogs.com/cyV9TMtBP4Rc1T-W0yBGoIBP1gJZoVZYvZbqIMrmhQU/rs:fit/g:sm/q:40/h:150/w:150/czM6Ly9kaXNjb2dz/LWRhdGFiYXNlLWlt/YWdlcy9SLTIyNzcw/NzEzLTE2NDkzNzA3/NTgtNzc5Mi5qcGVn.jpeg,1,0,0,0,1771423314090,60,0.0,"Track match issue: YouTube API error 403: {
  ""error"": {
    ""code"": 403,
    ""message"": ""Requests to this API youtube method youtube.api.v3.V3DataSearchService.List are blocked."",
    ""errors"": [
      {
        ""message"": ""Requests to this API youtube method youtube.api.v3.V3DataSearchService.List are blocked."",
        ""domain"": ""global"",
        ""reason"": ""forbidden""
      }
    ],
    ""status"": ""PERMISSION_DENIED"",
    ""details"": [
      {
        ""@type"": ""type.googleapis.com/google.rpc.ErrorInfo"",
        ""reason"": ""API_KEY_SERVICE_BLOCKED"",
        ""domain"": ""googleapis.com"",
        ""metadata"": {
          ""service"": ""youtube.googleapis.com"",
          ""apiName"": ""youtube"",
          ""methodName"": ""youtube.api.v3.V3DataSearchService.List"",
          ""consumer"": ""projects/1097707475336""
        }
      },
      {
        ""@type"": ""type.googleapis.com/google.rpc.LocalizedMessage"",
        ""locale"": ""en-US"",
        ""message"": ""Requests to this API youtube method youtube.api.v3.V3DataSearchService.List are blocked.""
      }
    ]
  }
}
",label
22817897,847737,"Surface Air","Black Merlin",2022,MT033,https://www.discogs.com/release/22817897,https://i.discogs.com/F2Ejs-eW4Xw-eRR4I85S75u0IpM5W07wPVpj8w66qxM/rs:fit/g:sm/q:40/h:150/w:150/czM6Ly9kaXNjb2dz/LWRhdGFiYXNlLWlt/YWdlcy9SLTIyODE3/ODk3LTE2NDk0OTk1/NDUtOTc1Ny5qcGVn.jpeg,0,0,0,0,1771441863768,87,0.0,,label
22864850,921036,"Freaks On Speed",Cromby,2022,CKNOWEP33,https://www.discogs.com/release/22864850,https://i.discogs.com/RrGuUYdB9B6ZdjkAPRntoVDOIIuYvEaD-HZT127gjMA/rs:fit/g:sm/q:40/h:150/w:150/czM6Ly9kaXNjb2dz/LWRhdGFiYXNlLWlt/YWdlcy9SLTIyODY0/ODUwLTE2NTEwNDM4/MDgtODUzOC5qcGVn.jpeg,0,0,0,0,1771441861415,69,0.0,,label
22917359,1120990,Plooi,Eversines,2020,OYSTER27,https://www.discogs.com/release/22917359,,0,0,0,0,1771441850683,13,0.0,,label
22969352,1287914,"Drifting Pitch",Autoerosynth,2022,SUPLU008,https://www.discogs.com/release/22969352,https://i.discogs.com/JoXsM5CP0ReHQbEsUXt0LitN_zzQgxlRSz5df2Oxh-4/rs:fit/g:sm/q:40/h:150/w:150/czM6Ly9kaXNjb2dz/LWRhdGFiYXNlLWlt/YWdlcy9SLTIyOTY5/MzUyLTE2NTMwODgx/OTAtMjI5My5qcGVn.jpeg,0,0,0,0,1771441851663,18,0.0,,label
23006729,1411307,"Peemax Trax","Too Smooth Christ",2022,EYA018,https://www.discogs.com/release/23006729,https://i.discogs.com/0ydKLWyAVBfwbrdUcHBZ3V1hLbHTPAEt_QeDU-GEphg/rs:fit/g:sm/q:40/h:150/w:150/czM6Ly9kaXNjb2dz/LWRhdGFiYXNlLWlt/YWdlcy9SLTIzMDA2/NzI5LTE2NzA4ODMx/NDYtODgyMS5qcGVn.jpeg,0,0,0,0,1771441863643,28,0.0,,label
23035133,921036,"Retina EP","DJ Life (5)",2022,CKNOWEP34,https://www.discogs.com/release/23035133,https://i.discogs.com/4gHW2k-6Szzv708k68DcrAvyk_q84ajlVCuZDZzR0zY/rs:fit/g:sm/q:40/h:150/w:150/czM6Ly9kaXNjb2dz/LWRhdGFiYXNlLWlt/YWdlcy9SLTIzMDM1/MTMzLTE2NTEwOTc3/NzItNTE4Ny5qcGVn.jpeg,0,0,0,0,1771441861415,70,0.0,,label
23045534,1913682,Lovebite,Blu:sh,2022,STEP05,https://www.discogs.com/release/23045534,https://i.discogs.com/Lyuhjb0cdm7Tqd-J5vmye2dch7aSeO4BItMjg5v2v3s/rs:fit/g:sm/q:40/h:150/w:150/czM6Ly9kaXNjb2dz/LWRhdGFiYXNlLWlt/YWdlcy9SLTIzMDQ1/NTM0LTE2NTExNzMy/ODQtNDAxOC5qcGVn.jpeg,0,0,0,0,1771441855545,92,0.0,,label
23084681,952963,"Atipic Lab 15",Floog,2022,ATIPICLAB015,https://www.discogs.com/release/23084681,https://i.discogs.com/Xr4QXTerO0-vx5lxt8X68QbXxSkN65CwHUvlo_pmOFE/rs:fit/g:sm/q:40/h:150/w:150/czM6Ly9kaXNjb2dz/LWRhdGFiYXNlLWlt/YWdlcy9SLTIzMDg0/NjgxLTE2NTE4MjA0/NDQtOTQzMS5qcGVn.jpeg,1,1,0,0,1771446281497,42,1.0,,label
23086160,1913682,"Moonward EP","Alessandro Crimi",2022,STLR003,https://www.discogs.com/release/23086160,https://i.discogs.com/bKkhg6yek5kVUOtBD9fA9jEf4AA3wgi7hRTAPh2iDCk/rs:fit/g:sm/q:40/h:150/w:150/czM6Ly9kaXNjb2dz/LWRhdGFiYXNlLWlt/YWdlcy9SLTIzMDg2/MTYwLTE2NTE0OTUx/MDctNjg3MC5qcGVn.jpeg,0,0,0,0,1771441855545,93,0.0,,label
23100968,1913682,"Voltage Controlled Love Affair","Nathan Kofi",2022,DLEP06,https://www.discogs.com/release/23100968,https://i.discogs.com/Cd5nNjk140HdEp6IQd_JCju0CoJuFO2k7ImO7qqfuhI/rs:fit/g:sm/q:40/h:150/w:150/czM6Ly9kaXNjb2dz/LWRhdGFiYXNlLWlt/YWdlcy9SLTIzMTAw/OTY4LTE2NTE2MDMy/ODktMTY1MS5wbmc.jpeg,0,0,0,0,1771441855545,94,0.0,,label
23136746,921036,"Heart of Silicium","Pyramid Of Knowledge",2022,CKNOWEP35,https://www.discogs.com/release/23136746,https://i.discogs.com/EKtIhoXF66aOmR_YvfNUZYJY7MCGmRiA_ycNUC4PKTE/rs:fit/g:sm/q:40/h:150/w:150/czM6Ly9kaXNjb2dz/LWRhdGFiYXNlLWlt/YWdlcy9SLTIzMTM2/NzQ2LTE2NTE4Njcy/MjAtNDUzMi5qcGVn.jpeg,0,0,0,0,1771441861415,71,0.0,,label
23164985,1913682,Judgement,"Infinity (23)",2022,MINERALEP01,https://www.discogs.com/release/23164985,https://i.discogs.com/7pLtMDPTc9jnO2gYLP1POPFyV3WfFscW-qqC0o0vG_A/rs:fit/g:sm/q:40/h:150/w:150/czM6Ly9kaXNjb2dz/LWRhdGFiYXNlLWlt/YWdlcy9SLTIzMTY0/OTg1LTE2NTIwOTQ0/NzItNDEyMS5qcGVn.jpeg,0,0,0,0,1771441855545,95,0.0,,label
23185529,1913682,"Leisure Devices","Ike Release",2022,BLIQ21,https://www.discogs.com/release/23185529,https://i.discogs.com/t1jud-JELf4Td04x5_WYqI0OfbfvZESlgh3VNJsPHw4/rs:fit/g:sm/q:40/h:150/w:150/czM6Ly9kaXNjb2dz/LWRhdGFiYXNlLWlt/YWdlcy9SLTIzMTg1/NTI5LTE2NTIyNDE3/NDItMjcwMy5qcGVn.jpeg,0,0,0,0,1771441855545,96,0.0,,label
23232191,847737,"5 Years Compilation",Various,2020,MTDGTL004,https://www.discogs.com/release/23232191,https://i.discogs.com/rPor-zDSpH3Z1cmq2R7GHNnr1ErErWoLNOT1_tHkYSw/rs:fit/g:sm/q:40/h:150/w:150/czM6Ly9kaXNjb2dz/LWRhdGFiYXNlLWlt/YWdlcy9SLTIzMjMy/MTkxLTE2NTI2MDMx/NjMtNjkyMy5qcGVn.jpeg,0,0,0,0,1771441863768,91,0.0,,label
23267147,1913682,"The Heavens",N-Gynn,2022,"SUPERLUX 006 ",https://www.discogs.com/release/23267147,https://i.discogs.com/NERj4r-5kE88SUKKvf3zRBmYUqFcDS9PXMSZ4PI7KeE/rs:fit/g:sm/q:40/h:150/w:150/czM6Ly9kaXNjb2dz/LWRhdGFiYXNlLWlt/YWdlcy9SLTIzMjY3/MTQ3LTE2NTI4NjA4/MDAtNDg1MC5qcGVn.jpeg,0,0,0,0,1771441855545,97,0.0,,label
23328458,1120990,Rainalice,"Volodymyr Gnatenko",2022,OYSTER38,https://www.discogs.com/release/23328458,https://i.discogs.com/H8XultqiptfZ7J6IMpWdQwvJKK3-h_vTcCfMmbvvOQ8/rs:fit/g:sm/q:40/h:150/w:150/czM6Ly9kaXNjb2dz/LWRhdGFiYXNlLWlt/YWdlcy9SLTIzMzI4/NDU4LTE2NTMzMjA0/MjAtOTg3My5qcGVn.jpeg,0,0,0,0,1771441850683,69,0.0,,label
23330330,921036,"Misaligned Logic EP",Cignol,2022,CKNOWEP32,https://www.discogs.com/release/23330330,https://i.discogs.com/skfzms4rIcVQ-JxzEfP7SjBH5x66hUEPYzrubSKRt3E/rs:fit/g:sm/q:40/h:150/w:150/czM6Ly9kaXNjb2dz/LWRhdGFiYXNlLWlt/YWdlcy9SLTIzMzMw/MzMwLTE2NTMzOTI0/NjktOTE3MC5qcGVn.jpeg,0,0,0,0,1771441861415,67,0.0,,label
23387150,921036,"Misaligned Logic EP",Cignol,2022,CKNOWEP32,https://www.discogs.com/release/23387150,https://i.discogs.com/ltTJnaf_fMTYNlfhHrFRWlZsKWIda86xnigijC5S-xI/rs:fit/g:sm/q:40/h:150/w:150/czM6Ly9kaXNjb2dz/LWRhdGFiYXNlLWlt/YWdlcy9SLTIzMzg3/MTUwLTE2NTM3NjI3/NTgtMzY1Mi5qcGVn.jpeg,0,0,0,0,1771441861415,68,0.0,,label
23503391,1913682,"303 Dalmatians","Angel D'lite",2022,PE018,https://www.discogs.com/release/23503391,https://i.discogs.com/K2XGPSRPBrfdxRUKIQc5UzJO1RnrUHal54W8x5SPbZI/rs:fit/g:sm/q:40/h:150/w:150/czM6Ly9kaXNjb2dz/LWRhdGFiYXNlLWlt/YWdlcy9SLTIzNTAz/MzkxLTE2NTQ2NTMx/NjktODc0OC5qcGVn.jpeg,0,0,0,0,1771441855545,99,0.0,,label
23509652,1411307,"Danger At The Tendo Dojo EP","Otis (31)",2022,EYA019,https://www.discogs.com/release/23509652,https://i.discogs.com/UMGY8hA8OvDjrHlYK6Y8PAWNFkMmDYnbZBFmQjlbWyA/rs:fit/g:sm/q:40/h:150/w:150/czM6Ly9kaXNjb2dz/LWRhdGFiYXNlLWlt/YWdlcy9SLTIzNTA5/NjUyLTE2NzA4ODMy/MDMtNjU0NS5qcGVn.jpeg,0,0,0,0,1771441863643,29,0.0,,label
23659307,1752374,P12_02,"Pavilion (5)",,P12_02,https://www.discogs.com/releases/23659307,https://i.discogs.com/0E1gUBgXy2_OF65Rhkc0h_lnat_aE1akCPGsxnHuXek/rs:fit/g:sm/q:40/h:150/w:150/czM6Ly9kaXNjb2dz/LWRhdGFiYXNlLWlt/YWdlcy9SLTIzNjU5/MzA3LTE3MzY0NTY0/MjUtNTgzMy5qcGVn.jpeg,1,0,0,1,1771445244032,44,0.0,,discogs_want
23667542,1120990,"Mineral 05","Havana (4) / Sigma Tibet*",2022,MINERAL05,https://www.discogs.com/release/23667542,https://i.discogs.com/xZawoZ_AnTtjeLN7vvHmW2LHgTEMIzyCqS6Ze_0yjM8/rs:fit/g:sm/q:40/h:150/w:150/czM6Ly9kaXNjb2dz/LWRhdGFiYXNlLWlt/YWdlcy9SLTIzNjY3/NTQyLTE2NjA1NzIx/NDQtMTkwNy5qcGVn.jpeg,0,0,0,0,1771441850683,14,0.0,,label
23769170,1411307,"All Possible Futures EP",Various,2022,EYA017,https://www.discogs.com/release/23769170,https://i.discogs.com/oi1dazWT6FcrdiUzHvAWUS4hXDSlwCdjBLZ3c71TXRY/rs:fit/g:sm/q:40/h:150/w:150/czM6Ly9kaXNjb2dz/LWRhdGFiYXNlLWlt/YWdlcy9SLTIzNzY5/MTcwLTE2NjcwMzM5/NjktNjM4Ny5qcGVn.jpeg,0,0,0,0,1771441863643,27,0.0,,label
23781953,1390196,"The Pearl","Sensational ft. Planteaterz",2022,NAFF013,https://www.discogs.com/release/23781953,https://i.discogs.com/2i0PpNOfTjfkKdmplbXdqHHZkd6I9vjFRy1Kbkwq8IA/rs:fit/g:sm/q:40/h:150/w:150/czM6Ly9kaXNjb2dz/LWRhdGFiYXNlLWlt/YWdlcy9SLTIzNzgx/OTUzLTE2NTY5NjA5/MTUtNDM4OS5qcGVn.jpeg,0,0,0,0,1771441853832,18,0.0,,label
23820383,1120990,"Alltogethernow EP","Fantastic Man",2022,OYSTER42,https://www.discogs.com/release/23820383,https://i.discogs.com/BdIQW7QTHKcf2iPmmBqTl3DIGK8VjCRMkbORoSRwgy0/rs:fit/g:sm/q:40/h:150/w:150/czM6Ly9kaXNjb2dz/LWRhdGFiYXNlLWlt/YWdlcy9SLTIzODIw/MzgzLTE2NTcyODE3/MzItOTcyNC5qcGVn.jpeg,0,0,0,0,1771441850683,15,0.0,,label
23894882,1038740,"Discarded for Ukraine",Various,2022,DISCARDED-X-UKRAINE,https://www.discogs.com/release/23894882,https://i.discogs.com/AWcKuGLTyWqnlFmc7Qg04WCHcmfMuDth3cNJ1DKOqTY/rs:fit/g:sm/q:40/h:150/w:150/czM6Ly9kaXNjb2dz/LWRhdGFiYXNlLWlt/YWdlcy9SLTIzODk0/ODgyLTE2NTc5MDY0/OTctOTM4NS5qcGVn.jpeg,1,0,0,0,1771447972266,9,0.0,"Track match issue: YouTube quota exceeded for this key. Wait for quota reset or use another key.",label
23932550,952963,"Atipic Lab 16","Andu Simion",2022,ATIPICLAB016,https://www.discogs.com/release/23932550,https://i.discogs.com/aNv65lG5m1ynw4MD-PYpkVxqCxcilDUbvVU9hlTqhHM/rs:fit/g:sm/q:40/h:150/w:150/czM6Ly9kaXNjb2dz/LWRhdGFiYXNlLWlt/YWdlcy9SLTIzOTMy/NTUwLTE2NTgyMzAw/NzQtNTg2OC5qcGVn.jpeg,1,1,0,0,1771446283654,43,1.0,,label
23940209,147719,"Solo Works 1970",Mizutani*,,none,https://www.discogs.com/release/23940209,https://i.discogs.com/4F6OYwne_ZgsaY3J_43wRVcP-HzyHuX6HasqvVlyTag/rs:fit/g:sm/q:40/h:150/w:150/czM6Ly9kaXNjb2dz/LWRhdGFiYXNlLWlt/YWdlcy9SLTIzOTQw/MjA5LTE2OTk1MDg4/NDctNTU0Ny5qcGVn.jpeg,0,0,0,0,1771441865977,7,0.0,,label
23957336,1592903,"High Exposure",Jdotbalance,2022,FRS016,https://www.discogs.com/release/23957336,https://i.discogs.com/8nMtkddykUq_u0bjKXFwTGP1XkrVSkjzjiPG1Lj-Vd8/rs:fit/g:sm/q:40/h:150/w:150/czM6Ly9kaXNjb2dz/LWRhdGFiYXNlLWlt/YWdlcy9SLTIzOTU3/MzM2LTE2NTg0MzEy/OTctNjU3MS5qcGVn.jpeg,0,0,0,0,1771441866063,24,0.0,,label
23991590,1287914,"Lost In Dreams EP",Electrodynamique,2022," SUPLU009",https://www.discogs.com/release/23991590,https://i.discogs.com/ThVbwaWcBI59xEkNFOx-8YVkSMYxutBs7ayj-r-Si_k/rs:fit/g:sm/q:40/h:150/w:150/czM6Ly9kaXNjb2dz/LWRhdGFiYXNlLWlt/YWdlcy9SLTIzOTkx/NTkwLTE2NTg3Mzg5/OTgtMTk3OC5qcGVn.jpeg,0,0,0,0,1771441851663,20,0.0,,label
24025904,921036,"Witches Drinner","Spray (21)",2022,CKNOWEP39,https://www.discogs.com/release/24025904,https://i.discogs.com/6AX0brK60MxEkrUWVvbJP7iiJ2csIrlem7a_OqeIuIw/rs:fit/g:sm/q:40/h:150/w:150/czM6Ly9kaXNjb2dz/LWRhdGFiYXNlLWlt/YWdlcy9SLTI0MDI1/OTA0LTE2NTkwMjQx/MzQtMzA2NS5qcGVn.jpeg,0,0,0,0,1771441861415,75,0.0,,label
24109565,952963,"Atipic 014","Alexis Cabrera",2022,ATIPIC014,https://www.discogs.com/release/24109565,https://i.discogs.com/5wqvlAaodvvGG_PZndklW7xg-7gsTytlP5OIb8N8FxA/rs:fit/g:sm/q:40/h:150/w:150/czM6Ly9kaXNjb2dz/LWRhdGFiYXNlLWlt/YWdlcy9SLTI0MTA5/NTY1LTE2NTk3MTA0/NjEtMjA0NS5qcGVn.jpeg,1,1,0,0,1771444141401,19,1.0,,label
24116117,363756,"Our Time","Pender Street Steppers",2019,MH023,https://www.discogs.com/release/24116117,https://i.discogs.com/LYwYszIaBpgiP2hNVGZiEaLhTa1hnXpZvUoUKUApqnM/rs:fit/g:sm/q:40/h:150/w:150/czM6Ly9kaXNjb2dz/LWRhdGFiYXNlLWlt/YWdlcy9SLTI0MTE2/MTE3LTE2NTk3NzEz/MTktNDM4MC5qcGVn.jpeg,1,0,0,0,1771423299652,53,0.0,"Track match issue: YouTube API error 403: {
  ""error"": {
    ""code"": 403,
    ""message"": ""Requests to this API youtube method youtube.api.v3.V3DataSearchService.List are blocked."",
    ""errors"": [
      {
        ""message"": ""Requests to this API youtube method youtube.api.v3.V3DataSearchService.List are blocked."",
        ""domain"": ""global"",
        ""reason"": ""forbidden""
      }
    ],
    ""status"": ""PERMISSION_DENIED"",
    ""details"": [
      {
        ""@type"": ""type.googleapis.com/google.rpc.ErrorInfo"",
        ""reason"": ""API_KEY_SERVICE_BLOCKED"",
        ""domain"": ""googleapis.com"",
        ""metadata"": {
          ""consumer"": ""projects/1097707475336"",
          ""service"": ""youtube.googleapis.com"",
          ""apiName"": ""youtube"",
          ""methodName"": ""youtube.api.v3.V3DataSearchService.List""
        }
      },
      {
        ""@type"": ""type.googleapis.com/google.rpc.LocalizedMessage"",
        ""locale"": ""en-US"",
        ""message"": ""Requests to this API youtube method youtube.api.v3.V3DataSearchService.List are blocked.""
      }
    ]
  }
}
",label
24226925,1120990,"Fancy Feast EP","Maara (2)",2022,OYSTER41,https://www.discogs.com/release/24226925,https://i.discogs.com/eaAvHy0aNZmNe2x1Re9ETImyJWYTyN9rbVLmUsWtTHA/rs:fit/g:sm/q:40/h:150/w:150/czM6Ly9kaXNjb2dz/LWRhdGFiYXNlLWlt/YWdlcy9SLTI0MjI2/OTI1LTE2NjQxMzE4/NTAtODIzNC5qcGVn.jpeg,0,0,0,0,1771441850683,76,0.0,,label
24234191,1592903,"High Exposure",Jdotbalance,2022,FRS016,https://www.discogs.com/release/24234191,https://i.discogs.com/xiYFsypNgwMvIuP4o2_zEZPGYcO2g1erXNHHxKh8Flg/rs:fit/g:sm/q:40/h:150/w:150/czM6Ly9kaXNjb2dz/LWRhdGFiYXNlLWlt/YWdlcy9SLTI0MjM0/MTkxLTE2NjA3ODk4/NjUtNTQzMi5qcGVn.jpeg,0,0,0,0,1771441866063,25,0.0,,label
24244328,1120990,"Alltogethernow EP","Fantastic Man",2022,OYSTER42,https://www.discogs.com/release/24244328,https://i.discogs.com/DvawtmeX2gNkyr8APOFLRr8q7CpJIRW_Ym5XpJzSdVo/rs:fit/g:sm/q:40/h:150/w:150/czM6Ly9kaXNjb2dz/LWRhdGFiYXNlLWlt/YWdlcy9SLTI0MjQ0/MzI4LTE2NjA4Nzky/MDktOTMyMS5qcGVn.jpeg,0,0,0,0,1771441850683,79,0.0,,label
24277121,1247544,Aureola,Shoal,2022,HARMONY009,https://www.discogs.com/release/24277121,https://i.discogs.com/6rXIokx50dsD4E1AonXzpwEkTd48PzKdBKkdz0OY3Vc/rs:fit/g:sm/q:40/h:150/w:150/czM6Ly9kaXNjb2dz/LWRhdGFiYXNlLWlt/YWdlcy9SLTI0Mjc3/MTIxLTE2NjExNjEy/NTUtNDQ3NC5qcGVn.jpeg,0,0,0,0,1771441860116,47,0.0,,label
24277193,1247544,Aureola,Shoal,2022,HARMONY009,https://www.discogs.com/release/24277193,https://i.discogs.com/lMX6yX-K4D2qlsA2mpw7ygnRW-cNm2JSLDeIHKnX4dQ/rs:fit/g:sm/q:40/h:150/w:150/czM6Ly9kaXNjb2dz/LWRhdGFiYXNlLWlt/YWdlcy9SLTI0Mjc3/MTkzLTE2NjExNjE0/MjItODk5My5qcGVn.jpeg,0,0,0,0,1771441860116,46,0.0,,label
24277217,1247544,Aureola,Shoal,2022,HARMONY009,https://www.discogs.com/release/24277217,https://i.discogs.com/Z1NON4RU8tg7q0lHZ02IsASvsnHiI-rPouCcP7-UWNg/rs:fit/g:sm/q:40/h:150/w:150/czM6Ly9kaXNjb2dz/LWRhdGFiYXNlLWlt/YWdlcy9SLTI0Mjc3/MjE3LTE2NjExNTgw/MjMtMzMyOS5qcGVn.jpeg,0,0,0,0,1771441860116,45,0.0,,label
24288440,363756,"Expanding Horizons","Local Artist",2022,MH028,https://www.discogs.com/release/24288440,https://i.discogs.com/gk9ei6uuMYzMAGlwDX4POUzKBnGWg6E81uQSAIsjgDY/rs:fit/g:sm/q:40/h:150/w:150/czM6Ly9kaXNjb2dz/LWRhdGFiYXNlLWlt/YWdlcy9SLTI0Mjg4/NDQwLTE2NjEyNTU1/NjYtODMyNS5qcGVn.jpeg,1,0,0,0,1771423320777,62,0.0,"Track match issue: YouTube API error 403: {
  ""error"": {
    ""code"": 403,
    ""message"": ""Requests to this API youtube method youtube.api.v3.V3DataSearchService.List are blocked."",
    ""errors"": [
      {
        ""message"": ""Requests to this API youtube method youtube.api.v3.V3DataSearchService.List are blocked."",
        ""domain"": ""global"",
        ""reason"": ""forbidden""
      }
    ],
    ""status"": ""PERMISSION_DENIED"",
    ""details"": [
      {
        ""@type"": ""type.googleapis.com/google.rpc.ErrorInfo"",
        ""reason"": ""API_KEY_SERVICE_BLOCKED"",
        ""domain"": ""googleapis.com"",
        ""metadata"": {
          ""apiName"": ""youtube"",
          ""methodName"": ""youtube.api.v3.V3DataSearchService.List"",
          ""service"": ""youtube.googleapis.com"",
          ""consumer"": ""projects/1097707475336""
        }
      },
      {
        ""@type"": ""type.googleapis.com/google.rpc.LocalizedMessage"",
        ""locale"": ""en-US"",
        ""message"": ""Requests to this API youtube method youtube.api.v3.V3DataSearchService.List are blocked.""
      }
    ]
  }
}
",label
24379307,363756,"Opening The Door","Jack J*",2022,MH027,https://www.discogs.com/release/24379307,https://i.discogs.com/vPeGdULZ3H0_br7MOwQ3fGmpl3yHR5f8wh4t5WGN13M/rs:fit/g:sm/q:40/h:150/w:150/czM6Ly9kaXNjb2dz/LWRhdGFiYXNlLWlt/YWdlcy9SLTI0Mzc5/MzA3LTE2NjIwMzQ2/NjktMjY5Ni5qcGVn.jpeg,1,0,0,0,1771423316959,61,0.0,"Track match issue: YouTube API error 403: {
  ""error"": {
    ""code"": 403,
    ""message"": ""Requests to this API youtube method youtube.api.v3.V3DataSearchService.List are blocked."",
    ""errors"": [
      {
        ""message"": ""Requests to this API youtube method youtube.api.v3.V3DataSearchService.List are blocked."",
        ""domain"": ""global"",
        ""reason"": ""forbidden""
      }
    ],
    ""status"": ""PERMISSION_DENIED"",
    ""details"": [
      {
        ""@type"": ""type.googleapis.com/google.rpc.ErrorInfo"",
        ""reason"": ""API_KEY_SERVICE_BLOCKED"",
        ""domain"": ""googleapis.com"",
        ""metadata"": {
          ""methodName"": ""youtube.api.v3.V3DataSearchService.List"",
          ""service"": ""youtube.googleapis.com"",
          ""consumer"": ""projects/1097707475336"",
          ""apiName"": ""youtube""
        }
      },
      {
        ""@type"": ""type.googleapis.com/google.rpc.LocalizedMessage"",
        ""locale"": ""en-US"",
        ""message"": ""Requests to this API youtube method youtube.api.v3.V3DataSearchService.List are blocked.""
      }
    ]
  }
}
",label
24414536,1438825,"Tiny Planet Vol.4",Various,2022,PE019,https://www.discogs.com/release/24414536,https://i.discogs.com/9XuEl6mOzJCOqlimJbhjy8oXnmEaOZBwHR4GxfHpdyU/rs:fit/g:sm/q:40/h:150/w:150/czM6Ly9kaXNjb2dz/LWRhdGFiYXNlLWlt/YWdlcy9SLTI0NDE0/NTM2LTE2NjIzMTQ3/NDUtNjMzOC5qcGVn.jpeg,0,0,0,0,1771441861047,27,0.0,,label
24415952,1015857,"Ayakashi Committee","Vladimir Gnatenko*, Kai Noob",2022,"AOP 007",https://www.discogs.com/release/24415952,https://i.discogs.com/Db1lGza1YtugRDB9Lhyy18zovAT0Q_AJl4c-fAcbf5k/rs:fit/g:sm/q:40/h:150/w:150/czM6Ly9kaXNjb2dz/LWRhdGFiYXNlLWlt/YWdlcy9SLTI0NDE1/OTUyLTE2NjIzMjQy/NDMtMzM4My5qcGVn.jpeg,1,1,0,0,1771444130752,8,1.0,,label
24445211,2910968,"Into The Void","Anatolian Weapons",2022,P&P001,https://www.discogs.com/release/24445211,https://i.discogs.com/lu5iC0K49O22bdBs2h4GJ-WJZifZXz9zqff8LwCcuHQ/rs:fit/g:sm/q:40/h:150/w:150/czM6Ly9kaXNjb2dz/LWRhdGFiYXNlLWlt/YWdlcy9SLTI0NDQ1/MjExLTE3MjAyODYx/NjQtNzA0OC5qcGVn.jpeg,1,1,0,0,1771441859223,0,0.5,"Track match issue: YouTube quota exceeded for this key. Wait for quota reset or use another key.",label
24450308,921036,"From The Taxi To The Club",Biodive,2022,CKNOWEP36,https://www.discogs.com/release/24450308,https://i.discogs.com/jN0RPzcN8xDG3AEb4qshuk73yrBYOGudOwSVK5H-rhE/rs:fit/g:sm/q:40/h:150/w:150/czM6Ly9kaXNjb2dz/LWRhdGFiYXNlLWlt/YWdlcy9SLTI0NDUw/MzA4LTE2ODI0ODYz/NDgtOTUyMC5qcGVn.jpeg,0,0,0,0,1771441861415,72,0.0,,label
24511892,473973,"Express Yourself EP","DMC (24)",2022,AOD013,https://www.discogs.com/release/24511892,https://i.discogs.com/mqdbtGwrbIrWahEji5QRkRNySKMmrFNIH4KHp3hRjho/rs:fit/g:sm/q:40/h:150/w:150/czM6Ly9kaXNjb2dz/LWRhdGFiYXNlLWlt/YWdlcy9SLTI0NTEx/ODkyLTE2NjMxNjU4/NTgtMTE0MS5qcGVn.jpeg,0,0,0,0,1771441859879,16,0.0,,label
24573458,363756,"Opening The Door","Jack J*",2022,AMDS010,https://www.discogs.com/release/24573458,https://i.discogs.com/P1k113mLhl2dxciAcQEQDpPTm2uBI3hQyxQG6HO-Ssw/rs:fit/g:sm/q:40/h:150/w:150/czM6Ly9kaXNjb2dz/LWRhdGFiYXNlLWlt/YWdlcy9SLTI0NTcz/NDU4LTE2NzQ3NjU4/MDYtMjU3My5qcGVn.jpeg,1,0,0,0,1771423169046,0,0.0,"Track match issue: YouTube API error 403: {
  ""error"": {
    ""code"": 403,
    ""message"": ""Requests to this API youtube method youtube.api.v3.V3DataSearchService.List are blocked."",
    ""errors"": [
      {
        ""message"": ""Requests to this API youtube method youtube.api.v3.V3DataSearchService.List are blocked."",
        ""domain"": ""global"",
        ""reason"": ""forbidden""
      }
    ],
    ""status"": ""PERMISSION_DENIED"",
    ""details"": [
      {
        ""@type"": ""type.googleapis.com/google.rpc.ErrorInfo"",
        ""reason"": ""API_KEY_SERVICE_BLOCKED"",
        ""domain"": ""googleapis.com"",
        ""metadata"": {
          ""apiName"": ""youtube"",
          ""methodName"": ""youtube.api.v3.V3DataSearchService.List"",
          ""service"": ""youtube.googleapis.com"",
          ""consumer"": ""projects/1097707475336""
        }
      },
      {
        ""@type"": ""type.googleapis.com/google.rpc.LocalizedMessage"",
        ""locale"": ""en-US"",
        ""message"": ""Requests to this API youtube method youtube.api.v3.V3DataSearchService.List are blocked.""
      }
    ]
  }
}
",label
24576743,1411307,"EYA Digital Audio Frequencies Vol​.​2","Phase O'Matic",2022,EYADAF002,https://www.discogs.com/release/24576743,https://i.discogs.com/GmVHNLRA-eytrOqeOLmSDQu4YjdnJMtt1f3e15Y-KAQ/rs:fit/g:sm/q:40/h:150/w:150/czM6Ly9kaXNjb2dz/LWRhdGFiYXNlLWlt/YWdlcy9SLTI0NTc2/NzQzLTE3MjA1NjE4/OTYtMjg4Ny5wbmc.jpeg,0,0,0,0,1771441863643,41,0.0,,label
24597473,1038740,"Trippy Land",Lenzyak*,2022,DISCARDED-107,https://www.discogs.com/release/24597473,https://i.discogs.com/3OqxnO0yfDsMSSI1buACmxp9x7EknwmDOaxDvz-HWI8/rs:fit/g:sm/q:40/h:150/w:150/czM6Ly9kaXNjb2dz/LWRhdGFiYXNlLWlt/YWdlcy9SLTI0NTk3/NDczLTE2NjM4NjUx/MTUtNDI2Ni5qcGVn.jpeg,1,1,0,0,1771447956634,5,1.0,,label
24674471,921036,"Re​-​Bound","Emkay (9)",2022,CKNOWEP37,https://www.discogs.com/release/24674471,https://i.discogs.com/_7eiZat2CtTW1_XcDGTYi_HdViEQtp8-2brVfmPaAr0/rs:fit/g:sm/q:40/h:150/w:150/czM6Ly9kaXNjb2dz/LWRhdGFiYXNlLWlt/YWdlcy9SLTI0Njc0/NDcxLTE2NjQ1Mjc4/NDMtNzExMi5qcGVn.jpeg,0,0,0,0,1771441861415,73,0.0,,label
24779081,1120990,"Suite EP","RDS (10)",2022,"OYSTER 39",https://www.discogs.com/release/24779081,https://i.discogs.com/8vnwjnZMzQ7utS5GdyyeztqIRR6J9k3pznfGzqGNk1M/rs:fit/g:sm/q:40/h:150/w:150/czM6Ly9kaXNjb2dz/LWRhdGFiYXNlLWlt/YWdlcy9SLTI0Nzc5/MDgxLTE2NjU0MDc4/NjAtNzExNC5qcGVn.jpeg,0,0,0,0,1771441850683,16,0.0,,label
24870008,921036,"Crocodile Tears EP","OCB (5)",2022,CKNOWEP42,https://www.discogs.com/release/24870008,https://i.discogs.com/0_Wx8cIgdlUhRTkGnh1efGxHCGUo-1bJvFztNDh7aG8/rs:fit/g:sm/q:40/h:150/w:150/czM6Ly9kaXNjb2dz/LWRhdGFiYXNlLWlt/YWdlcy9SLTI0ODcw/MDA4LTE3MjI4OTcx/NTktMjQzNC5wbmc.jpeg,0,0,0,0,1771441861415,80,0.0,,label
25031680,1390196,"Second Message",Cousin,2022,NAFF016,https://www.discogs.com/release/25031680,https://i.discogs.com/lCKORSFTrd3hhcXlJ4lPWWz9FvqtIfd7BcjKMH_dc0s/rs:fit/g:sm/q:40/h:150/w:150/czM6Ly9kaXNjb2dz/LWRhdGFiYXNlLWlt/YWdlcy9SLTI1MDMx/NjgwLTE2Njc0MjI3/NTUtNDM3My5qcGVn.jpeg,0,0,0,0,1771441853832,23,0.0,,label
25085731,921036,"Club Telepathy","Fader Cap",2022,CKNOWEP44,https://www.discogs.com/release/25085731,https://i.discogs.com/LQYIO0mFqJMLUmm6dccV9If35w2Ti-H7RgA1cKaFGhw/rs:fit/g:sm/q:40/h:150/w:150/czM6Ly9kaXNjb2dz/LWRhdGFiYXNlLWlt/YWdlcy9SLTI1MDg1/NzMxLTE2Njc4MzA0/MDUtOTg3OS5qcGVn.jpeg,0,0,0,0,1771441861415,83,0.0,,label
25102723,921036,Motherland,Dream_E,2022,CKNOWEP43,https://www.discogs.com/release/25102723,https://i.discogs.com/1LHD631tlqLaQJhclzmQgmKFwf0YFwDawxyJQMalm58/rs:fit/g:sm/q:40/h:150/w:150/czM6Ly9kaXNjb2dz/LWRhdGFiYXNlLWlt/YWdlcy9SLTI1MTAy/NzIzLTE2Njc5NTYw/NTUtNzg0NC5qcGVn.jpeg,0,0,0,0,1771441861415,81,0.0,,label
25116100,1798608,"Shifting Sands",Billus,2022,ANIMA6,https://www.discogs.com/release/25116100,https://i.discogs.com/O8Rz-eQLesi4l9k9j1UJrd9lzhi_K91Vg5_jj-Ycx7Y/rs:fit/g:sm/q:40/h:150/w:150/czM6Ly9kaXNjb2dz/LWRhdGFiYXNlLWlt/YWdlcy9SLTI1MTE2/MTAwLTE2NjgwNzE2/MzYtMzg3Mi5qcGVn.jpeg,1,1,0,0,1771451173259,15,1.0,,label
25160593,1120990,Suite,"RDS (10)",2022,OYSTER39,https://www.discogs.com/release/25160593,https://i.discogs.com/JkvVczZKenxRhJoIzp0rxRo7h-hsspFt6Akxx_DN1DU/rs:fit/g:sm/q:40/h:150/w:150/czM6Ly9kaXNjb2dz/LWRhdGFiYXNlLWlt/YWdlcy9SLTI1MTYw/NTkzLTE2Njg0Mjc4/NjQtNjY0NC5qcGVn.jpeg,0,0,0,0,1771441850683,71,0.0,,label
25198231,921036,Motherland,Dream_E,2022,CKNOWEP43,https://www.discogs.com/release/25198231,https://i.discogs.com/IiuPuH3yzq9dOEEeAj71y40F1bKpNc73hQNclirUCqU/rs:fit/g:sm/q:40/h:150/w:150/czM6Ly9kaXNjb2dz/LWRhdGFiYXNlLWlt/YWdlcy9SLTI1MTk4/MjMxLTE2NjkyMTM5/OTAtNjUxMy5qcGVn.jpeg,0,0,0,0,1771441861415,82,0.0,,label
25202350,1682339,"Ghost Songs","Bekah Simms",2022,"PPR | 031",https://www.discogs.com/release/25202350,https://i.discogs.com/j342XsCAbVembYu3WYok5Wp2fmKK58Af7lBRKK03foY/rs:fit/g:sm/q:40/h:150/w:150/czM6Ly9kaXNjb2dz/LWRhdGFiYXNlLWlt/YWdlcy9SLTI1MjAy/MzUwLTE2Njg3NjY0/MDAtNTUzMC5qcGVn.jpeg,0,0,0,0,1771441854974,2,0.0,,label
25203403,921036,"Cosmic Confession","Adam Pits",2022,CKNOWEP40,https://www.discogs.com/release/25203403,https://i.discogs.com/NClfxMP6IkwAAxVj-Zr1Ghc7JtdLWROBosXT0BaE6eQ/rs:fit/g:sm/q:40/h:150/w:150/czM6Ly9kaXNjb2dz/LWRhdGFiYXNlLWlt/YWdlcy9SLTI1MjAz/NDAzLTE2Njg3NzQy/NjItMTI0Ny5qcGVn.jpeg,0,0,0,0,1771441861415,78,0.0,,label
25209859,921036,"Witches Drinner","Spray (21)",2022,CKNOWEP39,https://www.discogs.com/release/25209859,https://i.discogs.com/VoNomYu4UYBrtTFVoZeoXeBdmG9Gh3ZDPu5GmiSRlc0/rs:fit/g:sm/q:40/h:150/w:150/czM6Ly9kaXNjb2dz/LWRhdGFiYXNlLWlt/YWdlcy9SLTI1MjA5/ODU5LTE2Njg4MTM2/MjAtMjc0Ny5qcGVn.jpeg,0,0,0,0,1771441861415,76,0.0,,label
25237675,1120990,Voyria,"Sohrab (4)",2022,OYSTER43,https://www.discogs.com/release/25237675,https://i.discogs.com/SYqZV6UGjkRpLuNMfmEvwHophj5eZeCdCgvHwUJ7mIA/rs:fit/g:sm/q:40/h:150/w:150/czM6Ly9kaXNjb2dz/LWRhdGFiYXNlLWlt/YWdlcy9SLTI1MjM3/Njc1LTE3Mzc5Mjgw/NTYtNzg3Ni5qcGVn.jpeg,0,0,0,0,1771441850683,80,0.0,,label
25319530,952963,"Atipic Lab 017 ",Arapu,2022,ATIPICLAB017,https://www.discogs.com/release/25319530,https://i.discogs.com/EWoV5nN48L694vQ1I6h653szREw-Uw8KHqVY59vQQQk/rs:fit/g:sm/q:40/h:150/w:150/czM6Ly9kaXNjb2dz/LWRhdGFiYXNlLWlt/YWdlcy9SLTI1MzE5/NTMwLTE2Njk3MzMx/NjQtNDIzNC5qcGVn.jpeg,1,1,0,0,1771446284716,44,1.0,,label
25389403,1287914,Genesis,Various,2022,SUPLU010,https://www.discogs.com/release/25389403,https://i.discogs.com/oweQ3qwTRho9vxko9PwvceUt2B23PIm7lVvfCdA_VUI/rs:fit/g:sm/q:40/h:150/w:150/czM6Ly9kaXNjb2dz/LWRhdGFiYXNlLWlt/YWdlcy9SLTI1Mzg5/NDAzLTE2NzAzNjAy/MjgtMzgyOC5qcGVn.jpeg,0,0,0,0,1771441851663,21,0.0,,label
25455184,1592903,"Walking Backward",JR2k*,2022,FRS017,https://www.discogs.com/release/25455184,https://i.discogs.com/_RdNY0q-Uvvneit-dY-Q7ok47kEaTSiABq5n1gbkSpc/rs:fit/g:sm/q:40/h:150/w:150/czM6Ly9kaXNjb2dz/LWRhdGFiYXNlLWlt/YWdlcy9SLTI1NDU1/MTg0LTE2NzA5NTc2/MjAtNzAxMS5qcGVn.jpeg,0,0,0,0,1771441866063,26,0.0,,label
25457128,1592903,"Walking Backward",JR2k*,2023,FRS017,https://www.discogs.com/release/25457128,https://i.discogs.com/75Pi9pY9JLwXqsoDxicZgjlIDSuCSSrK8xoACssmrKw/rs:fit/g:sm/q:40/h:150/w:150/czM6Ly9kaXNjb2dz/LWRhdGFiYXNlLWlt/YWdlcy9SLTI1NDU3/MTI4LTE2NzA5NzIx/NzYtNTk1NC5qcGVn.jpeg,0,0,0,0,1771441866063,27,0.0,,label
25480108,363756,"Prayer Bass","Big Zen",2022,MH029,https://www.discogs.com/release/25480108,https://i.discogs.com/KLxVRgxWWYlgeworViuugVnK-PdEvSgoEDFT8hkC7U4/rs:fit/g:sm/q:40/h:150/w:150/czM6Ly9kaXNjb2dz/LWRhdGFiYXNlLWlt/YWdlcy9SLTI1NDgw/MTA4LTE2NzExOTAz/NzYtNTcyNy5qcGVn.jpeg,1,0,0,0,1771423323636,63,0.0,"Track match issue: YouTube API error 403: {
  ""error"": {
    ""code"": 403,
    ""message"": ""Requests to this API youtube method youtube.api.v3.V3DataSearchService.List are blocked."",
    ""errors"": [
      {
        ""message"": ""Requests to this API youtube method youtube.api.v3.V3DataSearchService.List are blocked."",
        ""domain"": ""global"",
        ""reason"": ""forbidden""
      }
    ],
    ""status"": ""PERMISSION_DENIED"",
    ""details"": [
      {
        ""@type"": ""type.googleapis.com/google.rpc.ErrorInfo"",
        ""reason"": ""API_KEY_SERVICE_BLOCKED"",
        ""domain"": ""googleapis.com"",
        ""metadata"": {
          ""consumer"": ""projects/1097707475336"",
          ""service"": ""youtube.googleapis.com"",
          ""apiName"": ""youtube"",
          ""methodName"": ""youtube.api.v3.V3DataSearchService.List""
        }
      },
      {
        ""@type"": ""type.googleapis.com/google.rpc.LocalizedMessage"",
        ""locale"": ""en-US"",
        ""message"": ""Requests to this API youtube method youtube.api.v3.V3DataSearchService.List are blocked.""
      }
    ]
  }
}
",label
25504318,1592903,"Walking Backward",JR2k*,2023,FRS017,https://www.discogs.com/release/25504318,https://i.discogs.com/Tn33fZ0f9GjxoN8lI23_parghL8bK4UQvnK03slPZvU/rs:fit/g:sm/q:40/h:150/w:150/czM6Ly9kaXNjb2dz/LWRhdGFiYXNlLWlt/YWdlcy9SLTI1NTA0/MzE4LTE2NzEzOTYx/NTEtNTE1NS5qcGVn.jpeg,0,0,0,0,1771441866063,28,0.0,,label
25655584,1411307,"Spellbound EP","Eric OS",2023,EYA021,https://www.discogs.com/release/25655584,https://i.discogs.com/yWYwjR4HCvtAELSUW-LWUvwCguFRlS6YsAgWhseUURs/rs:fit/g:sm/q:40/h:150/w:150/czM6Ly9kaXNjb2dz/LWRhdGFiYXNlLWlt/YWdlcy9SLTI1NjU1/NTg0LTE2NzI3ODA4/NjYtNDk5NC5qcGVn.jpeg,0,0,0,0,1771441863643,31,0.0,,label
25661470,1120990,"VT Trad","Spray (21)",2023,OYSTER46,https://www.discogs.com/release/25661470,https://i.discogs.com/iMeIxOzJboF2YJAfdXShMA1_WAKRf3tLZAcImdjuCyM/rs:fit/g:sm/q:40/h:150/w:150/czM6Ly9kaXNjb2dz/LWRhdGFiYXNlLWlt/YWdlcy9SLTI1NjYx/NDcwLTE2NzI4Mzk2/MDItNTIyNC5qcGVn.jpeg,0,0,0,0,1771441850683,84,0.0,,label
25664509,1438825,"Freq Accident",Reptant,2019,PE004,https://www.discogs.com/release/25664509,https://i.discogs.com/3flqvEf3M04Q2wEtxSPBiCiENwTi7aCczOxG5Kfc9cM/rs:fit/g:sm/q:40/h:150/w:150/czM6Ly9kaXNjb2dz/LWRhdGFiYXNlLWlt/YWdlcy9SLTI1NjY0/NTA5LTE2NzI4NTc1/MDQtNzY3MS5qcGVn.jpeg,0,0,0,0,1771441861047,8,0.0,,label
25682902,1923234,"Unreleased Territory vol. 4",Various,,ES020,https://www.discogs.com/releases/25682902,https://i.discogs.com/kPyTwwdWvr4sXVEkPWkq-R3Et4dnoGVJlkGmN83KyOc/rs:fit/g:sm/q:40/h:150/w:150/czM6Ly9kaXNjb2dz/LWRhdGFiYXNlLWlt/YWdlcy9SLTI1Njgy/OTAyLTE2NzMwMjEx/MjQtMTU1Mi5qcGVn.jpeg,1,0,0,1,1771445244032,23,0.0,,discogs_want
25687675,473973,"Souls Of Dead Ravers EP","Daïf",2022,AOD014,https://www.discogs.com/release/25687675,https://i.discogs.com/A_SQMl_FmGyUGJcJS9FZOndIFTaJdC3ce2yOn0D80xs/rs:fit/g:sm/q:40/h:150/w:150/czM6Ly9kaXNjb2dz/LWRhdGFiYXNlLWlt/YWdlcy9SLTI1Njg3/Njc1LTE2NzMwNTIx/NDUtMzI3MC5qcGVn.jpeg,0,0,0,0,1771441859879,17,0.0,,label
25756462,1247544,"X Pt.1",Various,2023,HARMONY010.1,https://www.discogs.com/release/25756462,https://i.discogs.com/33ACStOV768e-Z8vaNDKhNaxhHJL5EzalsnLIFtzAmI/rs:fit/g:sm/q:40/h:150/w:150/czM6Ly9kaXNjb2dz/LWRhdGFiYXNlLWlt/YWdlcy9SLTI1NzU2/NDYyLTE2NzM4MTEw/NzgtODU0NS5qcGVn.jpeg,0,0,0,0,1771441860116,49,0.0,,label
25756552,1247544,"X Pt.2",Various,2023,HARMONY010.2,https://www.discogs.com/release/25756552,https://i.discogs.com/ICJngurOxm43OnYFUBf7HMZYyikr8vB3yiLG5Ktn1F8/rs:fit/g:sm/q:40/h:150/w:150/czM6Ly9kaXNjb2dz/LWRhdGFiYXNlLWlt/YWdlcy9SLTI1NzU2/NTUyLTE2NzQwNDM0/NDgtNjg1MC5qcGVn.jpeg,0,0,0,0,1771441860116,50,0.0,,label
25762456,852291,"The Peter Bernstein Collection Volume 2","Peter Bernstein (3)",2022,DDR642,https://www.discogs.com/release/25762456,https://i.discogs.com/mYicmwcqgePidzoK1IM88qT5XxNZi8vZxXAfPgXaGTQ/rs:fit/g:sm/q:40/h:150/w:150/czM6Ly9kaXNjb2dz/LWRhdGFiYXNlLWlt/YWdlcy9SLTI1NzYy/NDU2LTE2NzM2OTYz/MTMtODgyMC5qcGVn.jpeg,0,0,0,0,1771441866461,99,0.0,,label
25763353,847737,Recall,"Benedikt Frey",2023,MT034,https://www.discogs.com/release/25763353,https://i.discogs.com/3B0WLulX9ECjSH9kPgrvKuXMGEWpsb3d7y7aVFMYpyw/rs:fit/g:sm/q:40/h:150/w:150/czM6Ly9kaXNjb2dz/LWRhdGFiYXNlLWlt/YWdlcy9SLTI1NzYz/MzUzLTE2NzU0MzM0/NDEtMTczOC5qcGVn.jpeg,0,0,0,0,1771441863768,88,0.0,,label
25994344,1592903,"Broadway Mid-Tempo Party Music","Alien D",2023,FRS018,https://www.discogs.com/release/25994344,https://i.discogs.com/2BbovvQJGONPDD2WpMZXY4rMsg3WNOdxoy1IyQQsbqE/rs:fit/g:sm/q:40/h:150/w:150/czM6Ly9kaXNjb2dz/LWRhdGFiYXNlLWlt/YWdlcy9SLTI1OTk0/MzQ0LTE2NzU1NDY5/OTQtMTE5My5qcGVn.jpeg,0,0,0,0,1771441866063,29,0.0,,label
26054794,921036,"War Child 4",Various,2020,CKNOW4,https://www.discogs.com/release/26054794,https://i.discogs.com/h5e1rcKJvSU-5jWKsHFD-Z4jLo9s6Ep6NEZZUT64OL0/rs:fit/g:sm/q:40/h:150/w:150/czM6Ly9kaXNjb2dz/LWRhdGFiYXNlLWlt/YWdlcy9SLTI2MDU0/Nzk0LTE2NzYwNDA4/NTMtOTc2Ny5qcGVn.jpeg,0,0,0,0,1771441861415,18,0.0,,label
26059066,921036,"Hyper Charged EP",Dawl,2023,CKNOWEP41,https://www.discogs.com/release/26059066,https://i.discogs.com/r8lourpWzg88ljVzW1W5wNK3Hbs6Bksm-CU3HsiRgxo/rs:fit/g:sm/q:40/h:150/w:150/czM6Ly9kaXNjb2dz/LWRhdGFiYXNlLWlt/YWdlcy9SLTI2MDU5/MDY2LTE2NzcxNzY5/NzktOTA3NC5qcGVn.jpeg,0,0,0,0,1771441861415,79,0.0,,label
26106343,952963,"Atipic 015","Costin Rp",2023,ATIPIC015,https://www.discogs.com/release/26106343,https://i.discogs.com/s6r5gBGq9BkZFv2TYQTC4EkXa1qBRUttNI1CCl0x0Po/rs:fit/g:sm/q:40/h:150/w:150/czM6Ly9kaXNjb2dz/LWRhdGFiYXNlLWlt/YWdlcy9SLTI2MTA2/MzQzLTE2NzY0NjEw/NzItNzA1NS5qcGVn.jpeg,1,1,0,0,1771444142268,20,1.0,,label
26110948,1411307,"EYA 003",Various,2018,"EYA 003",https://www.discogs.com/release/26110948,https://i.discogs.com/LtTUcz6TPaa3Katlx-97GnyDocCcqp_UAi8waTPrwF0/rs:fit/g:sm/q:40/h:150/w:150/czM6Ly9kaXNjb2dz/LWRhdGFiYXNlLWlt/YWdlcy9SLTI2MTEw/OTQ4LTE2NzY0Nzk0/OTctODA2MS5qcGVn.jpeg,0,0,0,0,1771441863643,2,0.0,,label
26135324,1592903,"Broadway Mid-Tempo Party Music","Alien D",2023,FRS018,https://www.discogs.com/release/26135324,https://i.discogs.com/lHqwn-j0lomi910NQ4p9s1N570JZynHgFbsj6HL4qdE/rs:fit/g:sm/q:40/h:150/w:150/czM6Ly9kaXNjb2dz/LWRhdGFiYXNlLWlt/YWdlcy9SLTI2MTM1/MzI0LTE2NzY2NTcx/MjQtNzQxMS5qcGVn.jpeg,0,0,0,0,1771441866063,30,0.0,,label
26202260,1247544,"X ",Various,2023,HARMONY010,https://www.discogs.com/release/26202260,https://i.discogs.com/26AEov5ywNKffF79Jbk_NHKtrIQjEuGQaKbqNFj7myw/rs:fit/g:sm/q:40/h:150/w:150/czM6Ly9kaXNjb2dz/LWRhdGFiYXNlLWlt/YWdlcy9SLTI2MjAy/MjYwLTE2NzcxNzk3/NTYtMzE4OC5qcGVn.jpeg,0,0,0,0,1771441860116,48,0.0,,label
26221499,2430592,"D.O.C. E.P.","Planet Love",2023,BKSP005,https://www.discogs.com/release/26221499,https://i.discogs.com/o4phv3dMbmNIAaZOKqWkFT88914m7Qj7ulFVCjkLmAU/rs:fit/g:sm/q:40/h:150/w:150/czM6Ly9kaXNjb2dz/LWRhdGFiYXNlLWlt/YWdlcy9SLTI2MjIx/NDk5LTE2NzczMzQy/NzUtODczOC5qcGVn.jpeg,0,0,0,0,1771441865938,3,0.0,,label
26341760,1798608,Plunge,LOIF,2023,ANIMA7,https://www.discogs.com/release/26341760,https://i.discogs.com/_emNVo-EnZ87UvsqmOttssfoq_oZ3V1OWX4ukU-hyM8/rs:fit/g:sm/q:40/h:150/w:150/czM6Ly9kaXNjb2dz/LWRhdGFiYXNlLWlt/YWdlcy9SLTI2MzQx/NzYwLTE2NzgyNDE2/NjYtOTUzOC5qcGVn.jpeg,1,1,0,0,1771451177858,16,1.0,,label
26384705,1592903,"Broadway Mid-Tempo Party Music","Alien D",2023,FRS018,https://www.discogs.com/release/26384705,https://i.discogs.com/jNg4NQWnO1GIreN7u1Jw3KHEVxXywJlLmce_pYBP2rM/rs:fit/g:sm/q:40/h:150/w:150/czM6Ly9kaXNjb2dz/LWRhdGFiYXNlLWlt/YWdlcy9SLTI2Mzg0/NzA1LTE2Nzg1NTQ3/ODQtOTEyNy5qcGVn.jpeg,0,0,0,0,1771441866063,31,0.0,,label
26426417,1411307,"In Grooves EP","Tom Carruthers",2023,EYA022,https://www.discogs.com/release/26426417,https://i.discogs.com/Gz1s3ugCIuaA3BV1hmNTBMnCmy4UQAermwe6ra-8BP4/rs:fit/g:sm/q:40/h:150/w:150/czM6Ly9kaXNjb2dz/LWRhdGFiYXNlLWlt/YWdlcy9SLTI2NDI2/NDE3LTE2Nzg4NzA1/NzAtNDQ5MC5qcGVn.jpeg,0,0,0,0,1771441863643,32,0.0,,label
26506289,1120990,"The Chants Of The Holy Oyster",Various,2023,OYSTER40,https://www.discogs.com/release/26506289,https://i.discogs.com/TeHxrU6tFW5Rme4witipJng43Y0DPAx8x-yuFDynIVc/rs:fit/g:sm/q:40/h:150/w:150/czM6Ly9kaXNjb2dz/LWRhdGFiYXNlLWlt/YWdlcy9SLTI2NTA2/Mjg5LTE2ODM0MTgx/MjYtNTIyNy5qcGVn.jpeg,0,0,0,0,1771441850683,75,0.0,,label
26506625,1390196,"To / Deep EP",Purelink,2023,naff017,https://www.discogs.com/release/26506625,https://i.discogs.com/8IbYBD_hviiPLg9LKrZYdtJlWdBEryKcEa59XT90MSU/rs:fit/g:sm/q:40/h:150/w:150/czM6Ly9kaXNjb2dz/LWRhdGFiYXNlLWlt/YWdlcy9SLTI2NTA2/NjI1LTE2Nzk1MDA5/MDAtNTM4Mi5wbmc.jpeg,0,0,0,0,1771441853832,24,0.0,,label
26507831,473973,"EP Part I","Yu (33)",2023,AOD015,https://www.discogs.com/release/26507831,https://i.discogs.com/w54F-CLksLi-OP_Zez_nF4cWPTOD9X0C2018S0QnqlQ/rs:fit/g:sm/q:40/h:150/w:150/czM6Ly9kaXNjb2dz/LWRhdGFiYXNlLWlt/YWdlcy9SLTI2NTA3/ODMxLTE2Nzk1MDgz/NDMtNDcwOC5qcGVn.jpeg,0,0,0,0,1771441859879,18,0.0,,label
26650580,1287914,"Alpha Wave TV","Phil Moon (2)",2023,SUPLU011,https://www.discogs.com/release/26650580,https://i.discogs.com/e5S7CjwPmuZ1d-YRH8iQOBX0Pc_stEry59PBOsbN87g/rs:fit/g:sm/q:40/h:150/w:150/czM6Ly9kaXNjb2dz/LWRhdGFiYXNlLWlt/YWdlcy9SLTI2NjUw/NTgwLTE2ODE5MzI0/MzYtNzY3OC5qcGVn.jpeg,0,0,0,0,1771441851663,22,0.0,,label
26797454,852291,"Black Scorpion (Original Motion Picture Soundtrack)","Kevin Kiner",2023,DDR769,https://www.discogs.com/release/26797454,https://i.discogs.com/jVIGpbR59tzf99QQ3dVEnUMttGCExRdIvbkgdi72ZEc/rs:fit/g:sm/q:40/h:150/w:150/czM6Ly9kaXNjb2dz/LWRhdGFiYXNlLWlt/YWdlcy9SLTI2Nzk3/NDU0LTE2ODE4MDU1/MTQtMzY5MS5qcGVn.jpeg,0,0,0,0,1771441866461,23,0.0,,label
26859428,1438825,"Diaspora Cocktail",Sepehr,2023,PE020,https://www.discogs.com/release/26859428,https://i.discogs.com/IYicSFI8TXvEI6-Rq3i1jVnFDu4icukqcWPHZILbEgA/rs:fit/g:sm/q:40/h:150/w:150/czM6Ly9kaXNjb2dz/LWRhdGFiYXNlLWlt/YWdlcy9SLTI2ODU5/NDI4LTE2ODkyMzY1/NDItMjAxNS5qcGVn.jpeg,0,0,0,0,1771441861047,28,0.0,,label
26962076,1247544,"Whispering Thru The Mask","Trevor Linde",2023,HARMONY011,https://www.discogs.com/release/26962076,https://i.discogs.com/ZJtlbZ1DIa-MlXkrHqcbpPHqaRYeM_gYpd1qAOL30ao/rs:fit/g:sm/q:40/h:150/w:150/czM6Ly9kaXNjb2dz/LWRhdGFiYXNlLWlt/YWdlcy9SLTI2OTYy/MDc2LTE2ODMxMTk1/NzItNDYxMC5qcGVn.jpeg,0,0,0,0,1771441860116,52,0.0,,label
26962121,1247544,"Whispering Thru The Mask","Trevor Linde",2023,HARMONY011,https://www.discogs.com/release/26962121,https://i.discogs.com/lypTK7Uqp-aBsvaB6FXJCd6gqD85NVmfeIRR0RHL7vI/rs:fit/g:sm/q:40/h:150/w:150/czM6Ly9kaXNjb2dz/LWRhdGFiYXNlLWlt/YWdlcy9SLTI2OTYy/MTIxLTE2ODMxMTk5/NzYtMTM1NS5qcGVn.jpeg,0,0,0,0,1771441860116,51,0.0,,label
26962139,1247544,"Whispering Thru The Mask","Trevor Linde",2023,HARMONY011,https://www.discogs.com/release/26962139,https://i.discogs.com/wJzgd0ba1Me1e6KHXK34K_5yhPCVb5N1nDIYE9eD36I/rs:fit/g:sm/q:40/h:150/w:150/czM6Ly9kaXNjb2dz/LWRhdGFiYXNlLWlt/YWdlcy9SLTI2OTYy/MTM5LTE2ODMxMjAw/ODAtNDc2MS5qcGVn.jpeg,0,0,0,0,1771441860116,53,0.0,,label
26965928,921036,"Square One",Lisene,2023,CKNOWEP45,https://www.discogs.com/release/26965928,https://i.discogs.com/uRYGbAnxslqX70GSo8wPkKZT3yioDuc2kYMfJXVoOKw/rs:fit/g:sm/q:40/h:150/w:150/czM6Ly9kaXNjb2dz/LWRhdGFiYXNlLWlt/YWdlcy9SLTI2OTY1/OTI4LTE2ODYyNTc5/MTktNDI0MC5qcGVn.jpeg,0,0,0,0,1771441861415,84,0.0,,label
26990850,1411307,"Everything In Between EP",Mariiin,2023,EYA020,https://www.discogs.com/release/26990850,https://i.discogs.com/Duh1b7MWp5lOGDgMSPQzmJ4mxpyvO-tPPy_Rtwo1EdU/rs:fit/g:sm/q:40/h:150/w:150/czM6Ly9kaXNjb2dz/LWRhdGFiYXNlLWlt/YWdlcy9SLTI2OTkw/ODUwLTE2ODU4OTg0/MDktMzg2My5qcGVn.jpeg,0,0,0,0,1771441863643,30,0.0,,label
26997327,921036,"Lazan Beat EP","Matthias (52)",2023,CKNOWEP47,https://www.discogs.com/release/26997327,https://i.discogs.com/sddMGuQp9n856I9fQ2d-n9kBIM3asj8mTt_gIpxzOCY/rs:fit/g:sm/q:40/h:150/w:150/czM6Ly9kaXNjb2dz/LWRhdGFiYXNlLWlt/YWdlcy9SLTI2OTk3/MzI3LTE2ODM0MDQ3/MTYtMTc5Ni5qcGVn.jpeg,0,0,0,0,1771441861415,86,0.0,,label
27006990,3504445,"Klub Control EP",Richer,2023,OPIA013,https://www.discogs.com/release/27006990,https://i.discogs.com/4_HxR6dLckE6YQefd7zCvY2KMQArna22HjkFj4b-Fjg/rs:fit/g:sm/q:40/h:150/w:150/czM6Ly9kaXNjb2dz/LWRhdGFiYXNlLWlt/YWdlcy9SLTI3MDA2/OTkwLTE2ODcyODMw/MjYtMjk0My5qcGVn.jpeg,0,0,0,0,1771441856398,2,0.0,,label
27013410,1120990,MINERAL06,"Charles Ostrov, Blueberry",2023,MINERAL06,https://www.discogs.com/release/27013410,https://i.discogs.com/tYD-30MzmtFODXbDqkqO2xxCBtdsTSgnYsvXN787i3o/rs:fit/g:sm/q:40/h:150/w:150/czM6Ly9kaXNjb2dz/LWRhdGFiYXNlLWlt/YWdlcy9SLTI3MDEz/NDEwLTE2ODM1NTE3/MzYtNzQwNy5qcGVn.jpeg,0,0,0,0,1771441850683,17,0.0,,label
27014514,1120990,Hallways,"Olsvangèr & MYKI",2023,OYSTER44,https://www.discogs.com/release/27014514,https://i.discogs.com/qqDsBoIyKm_5e9nBSmXyf8c4D2YPBHOU65iIJIhJN5A/rs:fit/g:sm/q:40/h:150/w:150/czM6Ly9kaXNjb2dz/LWRhdGFiYXNlLWlt/YWdlcy9SLTI3MDE0/NTE0LTE2ODM1NTg4/OTItNTE4OC5qcGVn.jpeg,0,0,0,0,1771441850683,18,0.0,,label
27095928,473973,"Confidential III","Visitor (22)",2023,AODRSD003,https://www.discogs.com/release/27095928,https://i.discogs.com/DO_PPtMrXvIDOg5q1Q7cKAb0oLGRPAbkDAzPOu1cGXs/rs:fit/g:sm/q:40/h:150/w:150/czM6Ly9kaXNjb2dz/LWRhdGFiYXNlLWlt/YWdlcy9SLTI3MDk1/OTI4LTE2ODQyNDQ2/NjMtOTk3OS5qcGVn.jpeg,0,0,0,0,1771441859879,26,0.0,,label
27169398,1798608,"The Pulse Of Life","Sam Brickel",2023,ANIMA8,https://www.discogs.com/release/27169398,https://i.discogs.com/M9hjQFBIw-LliXj2w-HsJNHvsHxzrM0g1j_PMd22DHg/rs:fit/g:sm/q:40/h:150/w:150/czM6Ly9kaXNjb2dz/LWRhdGFiYXNlLWlt/YWdlcy9SLTI3MTY5/Mzk4LTE2ODQ4NjY0/MTEtMTIyOC5qcGVn.jpeg,1,1,0,0,1771451182147,17,1.0,,label
27171669,1120990,"VT Trad","Spray (21)",2023,OYSTER46,https://www.discogs.com/release/27171669,https://i.discogs.com/tAIbhnXmRqu63gG-fbOjtVqVDnzyuXy2o1jPNIbrUik/rs:fit/g:sm/q:40/h:150/w:150/czM6Ly9kaXNjb2dz/LWRhdGFiYXNlLWlt/YWdlcy9SLTI3MTcx/NjY5LTE2ODQ5MzM0/NjEtODEzNi5qcGVn.jpeg,0,0,0,0,1771441850683,19,0.0,,label
27266238,1592903,"Out Of Place","Takahiro Mukai",2023,FRS020,https://www.discogs.com/release/27266238,https://i.discogs.com/1tfWml4PzTnLW-p3-uMtcKIK9PHXQBRNTJwYKo_qjU0/rs:fit/g:sm/q:40/h:150/w:150/czM6Ly9kaXNjb2dz/LWRhdGFiYXNlLWlt/YWdlcy9SLTI3MjY2/MjM4LTE2ODU3MjEy/NjQtNzU1MS5qcGVn.jpeg,0,0,0,0,1771441866063,33,0.0,,label
27303933,1120990,"Lola Ran","Cleveland (4)",2023,OYSTER49,https://www.discogs.com/release/27303933,https://i.discogs.com/fiXlKNTcFacQ9Adndu36ikRplqXVGJAO9yLo9jowTUI/rs:fit/g:sm/q:40/h:150/w:150/czM6Ly9kaXNjb2dz/LWRhdGFiYXNlLWlt/YWdlcy9SLTI3MzAz/OTMzLTE2ODYxMjM4/NzktNDQ1MS5qcGVn.jpeg,0,0,0,0,1771441850683,88,0.0,,label
27305406,1592903,Dialectic,Autokinetic*,2023,FRS019,https://www.discogs.com/release/27305406,https://i.discogs.com/3-m7jl3d_J20ozHqYfSp6XhBZHDcn2YjpOSiiI-P8y8/rs:fit/g:sm/q:40/h:150/w:150/czM6Ly9kaXNjb2dz/LWRhdGFiYXNlLWlt/YWdlcy9SLTI3MzA1/NDA2LTE2ODYwNjYz/NTgtMjg4MC5qcGVn.jpeg,0,0,0,0,1771441866063,32,0.0,,label
27310593,921036,"Surreality EP",Jeku,2023,CKNOWEP46,https://www.discogs.com/release/27310593,https://i.discogs.com/ct5W1uTUO5G0RbXXnvk8cIAZY6ZuajdxvCiUbxx-ENs/rs:fit/g:sm/q:40/h:150/w:150/czM6Ly9kaXNjb2dz/LWRhdGFiYXNlLWlt/YWdlcy9SLTI3MzEw/NTkzLTE2ODYyNTgw/NjUtNDc2Mi5qcGVn.jpeg,0,0,0,0,1771441861415,85,0.0,,label
27312639,3504445,"On The Metro","LVCA & Marlon*",2023,GRUB001,https://www.discogs.com/release/27312639,https://i.discogs.com/4lpmaTUvZ6NjDb0kfh6b7Vps_1ELZXCRE3od_305654/rs:fit/g:sm/q:40/h:150/w:150/czM6Ly9kaXNjb2dz/LWRhdGFiYXNlLWlt/YWdlcy9SLTI3MzEy/NjM5LTE2ODYxMzYz/NjItOTM0MC5qcGVn.jpeg,0,0,0,0,1771441856398,32,0.0,,label
27312732,3504445,"Impulses EP",A:G,2023,X2S001,https://www.discogs.com/release/27312732,https://i.discogs.com/SwEcthbMfxWjEADNbOzSMXMGrFLzig1sNfPEvy8a6oI/rs:fit/g:sm/q:40/h:150/w:150/czM6Ly9kaXNjb2dz/LWRhdGFiYXNlLWlt/YWdlcy9SLTI3MzEy/NzMyLTE2ODYxMzY5/OTYtODk4Mi5qcGVn.jpeg,0,0,0,0,1771441856398,33,0.0,,label
27313062,921036,"Hi-Tee EP","Data Memory Access",2023,CKNOWEP51,https://www.discogs.com/release/27313062,https://i.discogs.com/9Q6k0l1EqZE6DvHR_XxdUXh0Zfq97NHIuMQawEHiB6o/rs:fit/g:sm/q:40/h:150/w:150/czM6Ly9kaXNjb2dz/LWRhdGFiYXNlLWlt/YWdlcy9SLTI3MzEz/MDYyLTE2ODYyNTcy/ODktMzcyNi5qcGVn.jpeg,0,0,0,0,1771441861415,92,0.0,,label
27313125,921036,"Friends In Low Places","Jerome Hill",2023,CKNOWEP50,https://www.discogs.com/release/27313125,https://i.discogs.com/ERmdPgQIWbut7FBKqsOeeFccYu6ZpcCLhiQ1600QLZU/rs:fit/g:sm/q:40/h:150/w:150/czM6Ly9kaXNjb2dz/LWRhdGFiYXNlLWlt/YWdlcy9SLTI3MzEz/MTI1LTE2ODYyNTM5/MDItMjczMS5qcGVn.jpeg,0,0,0,0,1771441861415,90,0.0,,label
27326607,921036,"Gotham EP","Reflex Blue",2023,CKNOWEP48,https://www.discogs.com/release/27326607,https://i.discogs.com/bip9PgqXE3YGBqGlIPYMNXWyOxUu6iCEW_MWxe5-EqQ/rs:fit/g:sm/q:40/h:150/w:150/czM6Ly9kaXNjb2dz/LWRhdGFiYXNlLWlt/YWdlcy9SLTI3MzI2/NjA3LTE2ODYyNTYy/MzktMjM2Mi5qcGVn.jpeg,0,0,0,0,1771441861415,87,0.0,,label
27326721,921036,"Microtransitions EP","not even noticed",2023,CKNOWEP49,https://www.discogs.com/release/27326721,https://i.discogs.com/6hauoCq61IQNU9mhBYHyTQVBxcgR1V3-rHms_cqK2fA/rs:fit/g:sm/q:40/h:150/w:150/czM6Ly9kaXNjb2dz/LWRhdGFiYXNlLWlt/YWdlcy9SLTI3MzI2/NzIxLTE2ODYyNTcw/MDktNjY2NC5qcGVn.jpeg,0,0,0,0,1771441861415,88,0.0,,label
27390573,847737,"Transmissions Part 1",Khidja,2023,MTLP0012a,https://www.discogs.com/release/27390573,https://i.discogs.com/fRm-nSpPaaYtCHWo_mTVizeldzqTcT3QL9xHDj5RWa8/rs:fit/g:sm/q:40/h:150/w:150/czM6Ly9kaXNjb2dz/LWRhdGFiYXNlLWlt/YWdlcy9SLTI3Mzkw/NTczLTE2ODc0MTcz/NzctOTQ4MC5qcGVn.jpeg,0,0,0,0,1771441863768,97,0.0,,label
27456867,1411307,"Everything Was Melting EP","Lake Haze",2023,EYA023,https://www.discogs.com/release/27456867,https://i.discogs.com/J8E8tkaE4dk4h2W5LoBpWbPyVoDMToFKdwjAmhhW8KA/rs:fit/g:sm/q:40/h:150/w:150/czM6Ly9kaXNjb2dz/LWRhdGFiYXNlLWlt/YWdlcy9SLTI3NDU2/ODY3LTE2ODc0MjYz/NTktNDE3Ni5qcGVn.jpeg,0,0,0,0,1771441863643,33,0.0,,label
27473298,1592903,"Something Manufactured EP",Mal.e,2023,FRS021,https://www.discogs.com/release/27473298,https://i.discogs.com/HGiT_0OgCflIiusgo_uGduRPMwtLeI5B8PM6OYF_vBM/rs:fit/g:sm/q:40/h:150/w:150/czM6Ly9kaXNjb2dz/LWRhdGFiYXNlLWlt/YWdlcy9SLTI3NDcz/Mjk4LTE2ODgzMzc2/NjItNjMyOS5qcGVn.jpeg,0,0,0,0,1771441866063,34,0.0,,label
27663297,3504445,"Lost & Found EP","Solar Plexus (4)",2023,OPIA014,https://www.discogs.com/release/27663297,https://i.discogs.com/vLgHJufgUmTUkXn6sldcUWfM41yIa_9HzOmq2_TjMMM/rs:fit/g:sm/q:40/h:150/w:150/czM6Ly9kaXNjb2dz/LWRhdGFiYXNlLWlt/YWdlcy9SLTI3NjYz/Mjk3LTE3MjM4MjI0/MDgtNjQ3Ny5qcGVn.jpeg,0,0,0,0,1771441856398,34,0.0,,label
27699792,363756,"Mondo Tempo","Freak Heat Waves",2023,MH030,https://www.discogs.com/release/27699792,https://i.discogs.com/P7LVTZ1gISsXX-xBrc8HcHiNqnsC8BdW2Tb7xBAojR4/rs:fit/g:sm/q:40/h:150/w:150/czM6Ly9kaXNjb2dz/LWRhdGFiYXNlLWlt/YWdlcy9SLTI3Njk5/NzkyLTE2OTA3OTQ0/MTItMTkxNy5qcGVn.jpeg,1,0,0,0,1771423326272,64,0.0,"Track match issue: YouTube API error 403: {
  ""error"": {
    ""code"": 403,
    ""message"": ""Requests to this API youtube method youtube.api.v3.V3DataSearchService.List are blocked."",
    ""errors"": [
      {
        ""message"": ""Requests to this API youtube method youtube.api.v3.V3DataSearchService.List are blocked."",
        ""domain"": ""global"",
        ""reason"": ""forbidden""
      }
    ],
    ""status"": ""PERMISSION_DENIED"",
    ""details"": [
      {
        ""@type"": ""type.googleapis.com/google.rpc.ErrorInfo"",
        ""reason"": ""API_KEY_SERVICE_BLOCKED"",
        ""domain"": ""googleapis.com"",
        ""metadata"": {
          ""service"": ""youtube.googleapis.com"",
          ""methodName"": ""youtube.api.v3.V3DataSearchService.List"",
          ""consumer"": ""projects/1097707475336"",
          ""apiName"": ""youtube""
        }
      },
      {
        ""@type"": ""type.googleapis.com/google.rpc.LocalizedMessage"",
        ""locale"": ""en-US"",
        ""message"": ""Requests to this API youtube method youtube.api.v3.V3DataSearchService.List are blocked.""
      }
    ]
  }
}
",label
27725574,363756,"Babylon Nightclub Demos and Dubs Vol. I","Jack J*",2023,MHC007,https://www.discogs.com/release/27725574,https://i.discogs.com/PEX5tisrJcRqLvr7V9G9sDcjqPfscpwTvZRuEK380I8/rs:fit/g:sm/q:40/h:150/w:150/czM6Ly9kaXNjb2dz/LWRhdGFiYXNlLWlt/YWdlcy9SLTI3NzI1/NTc0LTE2OTUzMTQy/ODgtNDIwMC5qcGVn.jpeg,1,0,0,0,1771423449597,88,0.0,"Track match issue: YouTube API error 403: {
  ""error"": {
    ""code"": 403,
    ""message"": ""Requests to this API youtube method youtube.api.v3.V3DataSearchService.List are blocked."",
    ""errors"": [
      {
        ""message"": ""Requests to this API youtube method youtube.api.v3.V3DataSearchService.List are blocked."",
        ""domain"": ""global"",
        ""reason"": ""forbidden""
      }
    ],
    ""status"": ""PERMISSION_DENIED"",
    ""details"": [
      {
        ""@type"": ""type.googleapis.com/google.rpc.ErrorInfo"",
        ""reason"": ""API_KEY_SERVICE_BLOCKED"",
        ""domain"": ""googleapis.com"",
        ""metadata"": {
          ""service"": ""youtube.googleapis.com"",
          ""consumer"": ""projects/1097707475336"",
          ""methodName"": ""youtube.api.v3.V3DataSearchService.List"",
          ""apiName"": ""youtube""
        }
      },
      {
        ""@type"": ""type.googleapis.com/google.rpc.LocalizedMessage"",
        ""locale"": ""en-US"",
        ""message"": ""Requests to this API youtube method youtube.api.v3.V3DataSearchService.List are blocked.""
      }
    ]
  }
}
",label
27769596,3504445,"The Rise Of Poseidon I","Break 3000",2023,CALYPSO003,https://www.discogs.com/release/27769596,https://i.discogs.com/-mi1mBYX6wZ1EGUHUcPcj8lA5U9CJcRp0DJj1JU7RQs/rs:fit/g:sm/q:40/h:150/w:150/czM6Ly9kaXNjb2dz/LWRhdGFiYXNlLWlt/YWdlcy9SLTI3NzY5/NTk2LTE2OTQwMzE5/OTMtMjM2OS5qcGVn.jpeg,0,0,0,0,1771441856398,35,0.0,,label
27769995,852291,"The Golden Age Of Science Fiction Vol. 2 (The Lost Missile / War Of The Satellites / The Angry Red Planet)","Gerald Fried, Walter Greene, Paul Dunlap",2023,DDR739,https://www.discogs.com/release/27769995,https://i.discogs.com/lsNgpUWqmywtjhQLC74E1Zu9yc2MySHATRHv3qUAwLw/rs:fit/g:sm/q:40/h:150/w:150/czM6Ly9kaXNjb2dz/LWRhdGFiYXNlLWlt/YWdlcy9SLTI3NzY5/OTk1LTE2OTA3ODQx/NjctNTgyMC5qcGVn.jpeg,0,0,0,0,1771441866461,25,0.0,,label
27789825,1125646,"Yesterday, Tomorrow EP",Ramu,,PALMS059,https://www.discogs.com/releases/27789825,https://i.discogs.com/fZeY4dKOxE_6mH4c5jU4Hss1s4Y0XJTUeFaGwBbsQG4/rs:fit/g:sm/q:40/h:150/w:150/czM6Ly9kaXNjb2dz/LWRhdGFiYXNlLWlt/YWdlcy9SLTI3Nzg5/ODI1LTE2OTAzOTQz/OTctODM2OS5qcGVn.jpeg,1,0,0,1,1771445244032,36,0.0,,discogs_want
27807021,3504445,"Chemicals Between Us EP","Bad Flatmates",2023,HYP001,https://www.discogs.com/release/27807021,https://i.discogs.com/mv5QDB_8i8CF-2oHD_k0Al0PgFdRvRDqLKls0NcEa2s/rs:fit/g:sm/q:40/h:150/w:150/czM6Ly9kaXNjb2dz/LWRhdGFiYXNlLWlt/YWdlcy9SLTI3ODA3/MDIxLTE2OTA1NTQ0/OTAtNjY3Ni5qcGVn.jpeg,0,0,0,0,1771441856398,36,0.0,,label
27844845,1411307,"Intercity Train Express EP","Jucid (2)",2023,"EYA024 ",https://www.discogs.com/release/27844845,,0,0,0,0,1771441863643,34,0.0,,label
27850878,952963,"Atipic Lab 18","Mihai Pol",2023,ATIPICLAB018,https://www.discogs.com/release/27850878,https://i.discogs.com/cQmDHeAQzYmHjGjObT9JwKQts_RinxSGeepI-9EWiBM/rs:fit/g:sm/q:40/h:150/w:150/czM6Ly9kaXNjb2dz/LWRhdGFiYXNlLWlt/YWdlcy9SLTI3ODUw/ODc4LTE2OTA5NTk4/NjEtMTMzNi5wbmc.jpeg,1,1,0,0,1771446287490,45,0.5,"Track match issue: YouTube quota exceeded for this key. Wait for quota reset or use another key.",label
27862698,1120990,"Duality Of The Gecko",Reptant,2023,OYSTER50,https://www.discogs.com/release/27862698,https://i.discogs.com/XEaO5eCvsiBpgMtupDqpMDxa3Pc6AZmDxjd5OHREStw/rs:fit/g:sm/q:40/h:150/w:150/czM6Ly9kaXNjb2dz/LWRhdGFiYXNlLWlt/YWdlcy9SLTI3ODYy/Njk4LTE3MjI4OTYz/NjgtNzk3MC5wbmc.jpeg,0,0,0,0,1771441850683,90,0.0,,label
27989451,3373479,"Echoes In The Night","Taylor Aaron",2023,HDF999,https://www.discogs.com/release/27989451,https://i.discogs.com/_tKznwGsNzNyCekEOsXD3PMVdECIhMlt00uGx2ZxeW8/rs:fit/g:sm/q:40/h:150/w:150/czM6Ly9kaXNjb2dz/LWRhdGFiYXNlLWlt/YWdlcy9SLTI3OTg5/NDUxLTE2OTIxODg4/MzYtNjQ1Mi5qcGVn.jpeg,0,0,0,0,1771441857364,8,0.0,,label
28031088,1038740,"Televised Justice EP","Paradise City Breakers",2023,Discarded-108,https://www.discogs.com/release/28031088,,1,1,0,0,1771447961566,6,0.5,"Track match issue: YouTube quota exceeded for this key. Wait for quota reset or use another key.",label
28037319,921036,"Creeping Plant EP",Fasme,2023,CKNOWEP52,https://www.discogs.com/release/28037319,https://i.discogs.com/XCKTcSW01uHOlgEm12pAxq3qnh9U1CLV1AIN7yPmKMw/rs:fit/g:sm/q:40/h:150/w:150/czM6Ly9kaXNjb2dz/LWRhdGFiYXNlLWlt/YWdlcy9SLTI4MDM3/MzE5LTE2OTI2Mzk2/MTYtNzc2MS5qcGVn.jpeg,0,0,0,0,1771441861415,94,0.0,,label
28103485,2910968," Northern Lights",Shjva,2023,P&P002,https://www.discogs.com/release/28103485,https://i.discogs.com/_GlmY3bvQofsZKmYkVPU1mNA3NBtmrf5TBMTL_aWJYM/rs:fit/g:sm/q:40/h:150/w:150/czM6Ly9kaXNjb2dz/LWRhdGFiYXNlLWlt/YWdlcy9SLTI4MTAz/NDg1LTE3MjAyODYw/MzQtMjE5MC5qcGVn.jpeg,1,1,0,0,1771441876285,1,1.0,,label
28209367,1592903,"Modus Operandi",1morning,2023,FRS022,https://www.discogs.com/release/28209367,https://i.discogs.com/aTdN-AnbrGmaGvLCopkVl9vHCfbEhjJAZrwLiSs44Lw/rs:fit/g:sm/q:40/h:150/w:150/czM6Ly9kaXNjb2dz/LWRhdGFiYXNlLWlt/YWdlcy9SLTI4MjA5/MzY3LTE3MjkyODQ1/NTItMzMwNi5qcGVn.jpeg,0,0,0,0,1771441866063,35,0.0,,label
28230826,1390196,"Lemon Citrus","Thurlow Joyce, Regularfantasy",2023,NAFF018,https://www.discogs.com/release/28230826,https://i.discogs.com/zwqROMPVuFItogg0y4G_uly8O2rCzfI-gQxOT3am8hw/rs:fit/g:sm/q:40/h:150/w:150/czM6Ly9kaXNjb2dz/LWRhdGFiYXNlLWlt/YWdlcy9SLTI4MjMw/ODI2LTE2OTQ1MzI3/NDEtOTkwOS5wbmc.jpeg,0,0,0,0,1771441853832,25,0.0,,label
28250098,1120990,"Felt Cute EP",Blu:sh,2023,OYSTER48,https://www.discogs.com/release/28250098,https://i.discogs.com/OhBeoTxIfs4h68d17ae19JIX-7MstHqjww5sQnpaZx0/rs:fit/g:sm/q:40/h:150/w:150/czM6Ly9kaXNjb2dz/LWRhdGFiYXNlLWlt/YWdlcy9SLTI4MjUw/MDk4LTE2OTQ2ODg5/MzItMzcwMy5qcGVn.jpeg,0,0,0,0,1771441850683,20,0.0,,label
28278091,473973,"Mind Control EP","Matthias (52)",2020,AOD006,https://www.discogs.com/release/28278091,,0,0,0,0,1771441859879,8,0.0,,label
28306924,1592903,"Modus Operandi",1morning,2023,FRS022,https://www.discogs.com/release/28306924,,0,0,0,0,1771441866063,36,0.0,,label
28317172,473973,"Goonhilly Rattle EP","Jack Keo",2023,AOD016,https://www.discogs.com/release/28317172,https://i.discogs.com/VhmTn6viilV90M3v3b7bfqLrnMCQenwqLxeNcSHrCew/rs:fit/g:sm/q:40/h:150/w:150/czM6Ly9kaXNjb2dz/LWRhdGFiYXNlLWlt/YWdlcy9SLTI4MzE3/MTcyLTE2OTUwNDY1/NzEtNDc0OS5qcGVn.jpeg,0,0,0,0,1771441859879,19,0.0,,label
28337164,921036,"Analog Heart, Magnetic Soul","Brian Kage",2023,CKNOWEP53,https://www.discogs.com/release/28337164,https://i.discogs.com/L4PaQwx-rWyAY_MfdcgZIgKepqrjwd3m58h4Ni3cCoc/rs:fit/g:sm/q:40/h:150/w:150/czM6Ly9kaXNjb2dz/LWRhdGFiYXNlLWlt/YWdlcy9SLTI4MzM3/MTY0LTE2OTUyODY3/NDEtNDA4Mi5qcGVn.jpeg,0,0,0,0,1771441861415,8,0.0,,label
28422919,1247544,PJM,"Alfred Czital, Vand (2)",2023,HARMONY012,https://www.discogs.com/release/28422919,https://i.discogs.com/aVJMLsEAy2yZTYxFeGnn6HsVNli4hEu3k28XObylsv8/rs:fit/g:sm/q:40/h:150/w:150/czM6Ly9kaXNjb2dz/LWRhdGFiYXNlLWlt/YWdlcy9SLTI4NDIy/OTE5LTE2OTU5ODQz/NDYtNDg1NS5qcGVn.jpeg,0,0,0,0,1771441860116,56,0.0,,label
28422997,1247544,PJM,"Alfred Czital, Vand (2)",2023,HARMONY012,https://www.discogs.com/release/28422997,https://i.discogs.com/vfuVNpWo-gXa5HZKFGlmF-OjkwqlnabII72CmaK5t1A/rs:fit/g:sm/q:40/h:150/w:150/czM6Ly9kaXNjb2dz/LWRhdGFiYXNlLWlt/YWdlcy9SLTI4NDIy/OTk3LTE2OTU5MDEw/NjMtNzg5MS5qcGVn.jpeg,0,0,0,0,1771441860116,55,0.0,,label
28432366,1247544,PJM,"Alfred Czital, Vand (2)",2023,HARMONY012,https://www.discogs.com/release/28432366,https://i.discogs.com/MEvfs3-zux0FvqNiXMhPKBN7yjV4D3peaGaZCNP8tH8/rs:fit/g:sm/q:40/h:150/w:150/czM6Ly9kaXNjb2dz/LWRhdGFiYXNlLWlt/YWdlcy9SLTI4NDMy/MzY2LTE2OTU5Nzgy/NjEtOTI4My5qcGVn.jpeg,0,0,0,0,1771441860116,54,0.0,,label
28464382,1287914,"Circularity EP","Alien Signal",2023,SUPLU012,https://www.discogs.com/release/28464382,https://i.discogs.com/59xaLg3B8iuvM8AA_GPZLehEvy-3lQiwC1xA-oV6V78/rs:fit/g:sm/q:40/h:150/w:150/czM6Ly9kaXNjb2dz/LWRhdGFiYXNlLWlt/YWdlcy9SLTI4NDY0/MzgyLTE3MjE1NzUy/NzQtMzcxMS5wbmc.jpeg,0,0,0,0,1771441851663,23,0.0,,label
28474504,1120990,Rivulets,"OK EG",2023,OYSTER52,https://www.discogs.com/release/28474504,https://i.discogs.com/J0aeh-Uyuc9O3LoqgrJiEX19LX54hllx2xKh1n4r5W8/rs:fit/g:sm/q:40/h:150/w:150/czM6Ly9kaXNjb2dz/LWRhdGFiYXNlLWlt/YWdlcy9SLTI4NDc0/NTA0LTE2OTYyNTYz/NzAtMzI2Ny5wbmc.jpeg,0,0,0,0,1771441850683,93,0.0,,label
28488856,847737,"Tanzers Eins",Various,2023,MTDGTL005,https://www.discogs.com/release/28488856,https://i.discogs.com/jsw3YCyypTlsa9FPL_5V4lTjtA4hzE8piCIO8jBUFxQ/rs:fit/g:sm/q:40/h:150/w:150/czM6Ly9kaXNjb2dz/LWRhdGFiYXNlLWlt/YWdlcy9SLTI4NDg4/ODU2LTE2OTYzNzE0/ODgtNzA0OS5qcGVn.jpeg,0,0,0,0,1771441863768,92,0.0,,label
28494139,1015857,"Uplink Ep","Matthew Dexter",2023,AOP008,https://www.discogs.com/release/28494139,https://i.discogs.com/tqh5xpFkcYJNpvf57zXC_yf_62qNWEy8FOLrBzdN8LY/rs:fit/g:sm/q:40/h:150/w:150/czM6Ly9kaXNjb2dz/LWRhdGFiYXNlLWlt/YWdlcy9SLTI4NDk0/MTM5LTE2OTc4MDcw/NjAtNTIzMC5qcGVn.jpeg,1,1,0,0,1771444146098,12,1.0,,label
28508710,1592903,"Abya Yala","Allpa Puruma",2023,FRS023,https://www.discogs.com/release/28508710,https://i.discogs.com/KVmulSW0XtyEJe7s2YJUWJhJlzuMgann7nbY6u1loMA/rs:fit/g:sm/q:40/h:150/w:150/czM6Ly9kaXNjb2dz/LWRhdGFiYXNlLWlt/YWdlcy9SLTI4NTA4/NzEwLTE3MTY0OTEz/ODMtNzEyOC5qcGVn.jpeg,0,0,0,0,1771441866063,37,0.0,,label
28537087,3504445,"Disco Inferno EP",Carriego,2023,X2SEE002,https://www.discogs.com/release/28537087,https://i.discogs.com/hpL89liLpcUHJr29hnhZvY15xXhNArtOqLb91LsqMsQ/rs:fit/g:sm/q:40/h:150/w:150/czM6Ly9kaXNjb2dz/LWRhdGFiYXNlLWlt/YWdlcy9SLTI4NTM3/MDg3LTE3MzA3NTQz/MzYtODE3Mi5qcGVn.jpeg,0,0,0,0,1771441856398,37,0.0,,label
28537156,3504445,"Layali's Dream",LVCA,2023,OPIA015,https://www.discogs.com/release/28537156,https://i.discogs.com/VJmPL6KBszwb5mta4bdXlVdaZOU08BJFWf3Qq_v_mpo/rs:fit/g:sm/q:40/h:150/w:150/czM6Ly9kaXNjb2dz/LWRhdGFiYXNlLWlt/YWdlcy9SLTI4NTM3/MTU2LTE3NTAzNDUz/MTItODg1My5qcGVn.jpeg,0,0,0,0,1771441856398,38,0.0,,label
28552975,363756,Kwong,Knopha,2023,MH032,https://www.discogs.com/release/28552975,https://i.discogs.com/HE96s745fVrtRFAL0F280H9lvyOKkwMvFD_qNQSEpdI/rs:fit/g:sm/q:40/h:150/w:150/czM6Ly9kaXNjb2dz/LWRhdGFiYXNlLWlt/YWdlcy9SLTI4NTUy/OTc1LTE2OTY5NDYy/OTMtMzQwMi5qcGVn.jpeg,1,0,0,0,1771423333580,66,0.0,"Track match issue: YouTube API error 403: {
  ""error"": {
    ""code"": 403,
    ""message"": ""Requests to this API youtube method youtube.api.v3.V3DataSearchService.List are blocked."",
    ""errors"": [
      {
        ""message"": ""Requests to this API youtube method youtube.api.v3.V3DataSearchService.List are blocked."",
        ""domain"": ""global"",
        ""reason"": ""forbidden""
      }
    ],
    ""status"": ""PERMISSION_DENIED"",
    ""details"": [
      {
        ""@type"": ""type.googleapis.com/google.rpc.ErrorInfo"",
        ""reason"": ""API_KEY_SERVICE_BLOCKED"",
        ""domain"": ""googleapis.com"",
        ""metadata"": {
          ""apiName"": ""youtube"",
          ""service"": ""youtube.googleapis.com"",
          ""consumer"": ""projects/1097707475336"",
          ""methodName"": ""youtube.api.v3.V3DataSearchService.List""
        }
      },
      {
        ""@type"": ""type.googleapis.com/google.rpc.LocalizedMessage"",
        ""locale"": ""en-US"",
        ""message"": ""Requests to this API youtube method youtube.api.v3.V3DataSearchService.List are blocked.""
      }
    ]
  }
}
",label
28574578,1592903,"Cidade Fantasma","Marcela Dias Sindaco",2023,FRS024,https://www.discogs.com/release/28574578,https://i.discogs.com/EPQhACctnV5AQs_k-iZZ9E11maYphQbrSG3RZ50nTlE/rs:fit/g:sm/q:40/h:150/w:150/czM6Ly9kaXNjb2dz/LWRhdGFiYXNlLWlt/YWdlcy9SLTI4NTc0/NTc4LTE2OTc1NDA3/NDgtNzc1OS5qcGVn.jpeg,0,0,0,0,1771441866063,38,0.0,,label
28679023,3373479,Inizializzazione,"Christopher Ledger",2023,HDF001,https://www.discogs.com/release/28679023,https://i.discogs.com/ONrX2eW3twdEZ3Dt82TaVzaO4q7p0fdYYozojDRxXCk/rs:fit/g:sm/q:40/h:150/w:150/czM6Ly9kaXNjb2dz/LWRhdGFiYXNlLWlt/YWdlcy9SLTI4Njc5/MDIzLTE2OTgwNTQ5/MzktOTM3NS5qcGVn.jpeg,1,1,0,0,1771441862306,0,1.0,,label
28680367,847737,"Transmissions Part 2",Khidja,2023,MTLP0012b,https://www.discogs.com/release/28680367,https://i.discogs.com/EFQnKutEIFP9eBxb6pNC9yj7ZmS_Ls7VPQNc-z6CrXY/rs:fit/g:sm/q:40/h:150/w:150/czM6Ly9kaXNjb2dz/LWRhdGFiYXNlLWlt/YWdlcy9SLTI4Njgw/MzY3LTE2OTg3NTUz/MzktNzQ1OC5qcGVn.jpeg,0,0,0,0,1771441863768,98,0.0,,label
28683217,2430592,"D.O.C. E.P.","Planet Love",2023,BKSP005,https://www.discogs.com/release/28683217,https://i.discogs.com/tAlN1_VtAoGAdRiLGkAP-k35yRFPFQ1KbEcuKDZ3_xA/rs:fit/g:sm/q:40/h:150/w:150/czM6Ly9kaXNjb2dz/LWRhdGFiYXNlLWlt/YWdlcy9SLTI4Njgz/MjE3LTE3MTg0Nzcy/NTctODI2Mi5qcGVn.jpeg,0,0,0,0,1771441865938,4,0.0,,label
28701127,952963,"Atipic 016",ardb,2023,ATIPIC016,https://www.discogs.com/release/28701127,https://i.discogs.com/8gQhln4ue_iV66NccAtlGbUvMUXqnXm_VtOtNtUZwQY/rs:fit/g:sm/q:40/h:150/w:150/czM6Ly9kaXNjb2dz/LWRhdGFiYXNlLWlt/YWdlcy9SLTI4NzAx/MTI3LTE2OTgyNDQw/NzEtMzI2NC5qcGVn.jpeg,1,1,0,0,1771444144466,21,1.0,,label
28718971,1120990,"Gaze EP",Eversines,2023,OYSTER54,https://www.discogs.com/release/28718971,https://i.discogs.com/xC6jnaVAHt5uUSwEXFkSmkcpvW-JW3dTWWE8icGo6ow/rs:fit/g:sm/q:40/h:150/w:150/czM6Ly9kaXNjb2dz/LWRhdGFiYXNlLWlt/YWdlcy9SLTI4NzE4/OTcxLTE2OTg0MTM5/OTQtNDU5Mi5qcGVn.jpeg,0,0,0,0,1771441850683,95,0.0,,label
28739158,3504445,"L'ètat De Mon Esprit EP","Plastic Machine",2023,REM002,https://www.discogs.com/release/28739158,https://i.discogs.com/eWBk6vx0NLOmDq5bXs9Xg6yHojX0zWUNmiRvtFG1uMI/rs:fit/g:sm/q:40/h:150/w:150/czM6Ly9kaXNjb2dz/LWRhdGFiYXNlLWlt/YWdlcy9SLTI4NzM5/MTU4LTE3MDA4NDM5/OTYtNjQwOS5wbmc.jpeg,0,0,0,0,1771441856398,39,0.0,,label
28757002,3504445,"Mtkvarze Records 001",Various,2023,MTKV001,https://www.discogs.com/release/28757002,https://i.discogs.com/Y-SkhHo3ZHIgidn0sJnStVPKDbWNduQyxUiOscVljJY/rs:fit/g:sm/q:40/h:150/w:150/czM6Ly9kaXNjb2dz/LWRhdGFiYXNlLWlt/YWdlcy9SLTI4NzU3/MDAyLTE3MDExMDUx/MTUtMzg0Ny5qcGVn.jpeg,0,0,0,0,1771441856398,40,0.0,,label
28757470,921036,"Protosphere EP","Primitive Needs",2023,CKNOWEP54,https://www.discogs.com/release/28757470,https://i.discogs.com/PGbyiGCUde31lMwzMTU3b2K7dCpriFOsjQvHglh-QOc/rs:fit/g:sm/q:40/h:150/w:150/czM6Ly9kaXNjb2dz/LWRhdGFiYXNlLWlt/YWdlcy9SLTI4NzU3/NDcwLTE2OTg3NjA5/MTItNDU0OS5qcGVn.jpeg,0,0,0,0,1771441861415,96,0.0,,label
28783057,1438825,Fantasi,"Eoin DJ",2023," PE021",https://www.discogs.com/release/28783057,https://i.discogs.com/AkKwXo0u-wsS1qTZzH7S0J9N1uQVqDuiYW4MjGAazEM/rs:fit/g:sm/q:40/h:150/w:150/czM6Ly9kaXNjb2dz/LWRhdGFiYXNlLWlt/YWdlcy9SLTI4Nzgz/MDU3LTE2OTg5ODgz/MDMtODkyMi5qcGVn.jpeg,0,0,0,0,1771441861047,29,0.0,,label
28789633,921036,"Friends In Low Places","Jerome Hill",2023,CKNOWEP50-DIGI,https://www.discogs.com/release/28789633,https://i.discogs.com/_F6F7JvhjiecytOS6FSYUHi-YQjACPin45ODSaOt9_E/rs:fit/g:sm/q:40/h:150/w:150/czM6Ly9kaXNjb2dz/LWRhdGFiYXNlLWlt/YWdlcy9SLTI4Nzg5/NjMzLTE2OTkwMjI4/NjgtNTM3NC5qcGVn.jpeg,0,0,0,0,1771441861415,91,0.0,,label
28837429,1592903,"Sheer Sky EP","C Powers",2023,FRS025,https://www.discogs.com/release/28837429,https://i.discogs.com/B2N9zlMwn9U07AHGdCfpVVtaWP-i0vdxownn88yJIYM/rs:fit/g:sm/q:40/h:150/w:150/czM6Ly9kaXNjb2dz/LWRhdGFiYXNlLWlt/YWdlcy9SLTI4ODM3/NDI5LTE3MDE5NjAz/NTItOTQxNi5qcGVn.jpeg,0,0,0,0,1771441866063,39,0.0,,label
28847056,363756,"Mondo Tempo","Freak Heat Waves",2023,none,https://www.discogs.com/release/28847056,https://i.discogs.com/mUtAcjsIkNLV07-lqWEY_CA56h0GdO1upx5bPiQJ4rg/rs:fit/g:sm/q:40/h:150/w:150/czM6Ly9kaXNjb2dz/LWRhdGFiYXNlLWlt/YWdlcy9SLTI4ODQ3/MDU2LTE2OTk1Mzk4/NDMtNTg3MS5qcGVn.jpeg,1,0,0,0,1771423452647,89,0.0,"Track match issue: YouTube API error 403: {
  ""error"": {
    ""code"": 403,
    ""message"": ""Requests to this API youtube method youtube.api.v3.V3DataSearchService.List are blocked."",
    ""errors"": [
      {
        ""message"": ""Requests to this API youtube method youtube.api.v3.V3DataSearchService.List are blocked."",
        ""domain"": ""global"",
        ""reason"": ""forbidden""
      }
    ],
    ""status"": ""PERMISSION_DENIED"",
    ""details"": [
      {
        ""@type"": ""type.googleapis.com/google.rpc.ErrorInfo"",
        ""reason"": ""API_KEY_SERVICE_BLOCKED"",
        ""domain"": ""googleapis.com"",
        ""metadata"": {
          ""apiName"": ""youtube"",
          ""service"": ""youtube.googleapis.com"",
          ""consumer"": ""projects/1097707475336"",
          ""methodName"": ""youtube.api.v3.V3DataSearchService.List""
        }
      },
      {
        ""@type"": ""type.googleapis.com/google.rpc.LocalizedMessage"",
        ""locale"": ""en-US"",
        ""message"": ""Requests to this API youtube method youtube.api.v3.V3DataSearchService.List are blocked.""
      }
    ]
  }
}
",label
28854565,1411307,"Liquid Wiggle EP","Anna Wall, Thoma Bulwer",2023,EYA025,https://www.discogs.com/release/28854565,https://i.discogs.com/_HFsWxifFrX-_dnL3ZAQKefm2MQ4B97FxvbIV4M8IU8/rs:fit/g:sm/q:40/h:150/w:150/czM6Ly9kaXNjb2dz/LWRhdGFiYXNlLWlt/YWdlcy9SLTI4ODU0/NTY1LTE3MDExODY4/MTAtOTU1MS5wbmc.jpeg,0,0,0,0,1771441863643,35,0.0,,label
28922830,363756,Homesoon,Cousin,2023,MH031,https://www.discogs.com/release/28922830,https://i.discogs.com/pM8T8IR-zuMdAHi7cyqNDnh5zTsu2kTyAje2Ou5Lels/rs:fit/g:sm/q:40/h:150/w:150/czM6Ly9kaXNjb2dz/LWRhdGFiYXNlLWlt/YWdlcy9SLTI4OTIy/ODMwLTE3MDAwNjI4/NDAtODU2NC5qcGVn.jpeg,1,0,0,0,1771423330929,65,0.0,"Track match issue: YouTube API error 403: {
  ""error"": {
    ""code"": 403,
    ""message"": ""Requests to this API youtube method youtube.api.v3.V3DataSearchService.List are blocked."",
    ""errors"": [
      {
        ""message"": ""Requests to this API youtube method youtube.api.v3.V3DataSearchService.List are blocked."",
        ""domain"": ""global"",
        ""reason"": ""forbidden""
      }
    ],
    ""status"": ""PERMISSION_DENIED"",
    ""details"": [
      {
        ""@type"": ""type.googleapis.com/google.rpc.ErrorInfo"",
        ""reason"": ""API_KEY_SERVICE_BLOCKED"",
        ""domain"": ""googleapis.com"",
        ""metadata"": {
          ""service"": ""youtube.googleapis.com"",
          ""consumer"": ""projects/1097707475336"",
          ""apiName"": ""youtube"",
          ""methodName"": ""youtube.api.v3.V3DataSearchService.List""
        }
      },
      {
        ""@type"": ""type.googleapis.com/google.rpc.LocalizedMessage"",
        ""locale"": ""en-US"",
        ""message"": ""Requests to this API youtube method youtube.api.v3.V3DataSearchService.List are blocked.""
      }
    ]
  }
}
",label
28998655,1120990,"Hear Me Neigh ","Maara (2)",2023,OYSTER53,https://www.discogs.com/release/28998655,https://i.discogs.com/_wRq68Iw0TW4_oJQq9jjFsC1i95qhIuI7vYPa-ck2kk/rs:fit/g:sm/q:40/h:150/w:150/czM6Ly9kaXNjb2dz/LWRhdGFiYXNlLWlt/YWdlcy9SLTI4OTk4/NjU1LTE3MDA3NTQ2/OTQtNTc4MS5qcGVn.jpeg,0,0,0,0,1771441850683,94,0.0,,label
29004577,3504445,"On Persephone's Island","Tape Hiss*",2023,EPHCS006,https://www.discogs.com/release/29004577,https://i.discogs.com/aMCPaBWU-FnveNCvGZJE0zFIqeAfAUz42It85SS5Reg/rs:fit/g:sm/q:40/h:150/w:150/czM6Ly9kaXNjb2dz/LWRhdGFiYXNlLWlt/YWdlcy9SLTI5MDA0/NTc3LTE3MjEwMjU5/NjItODA3Ni5qcGVn.jpeg,0,0,0,0,1771441856398,41,0.0,,label
29054173,852291,"Spaced Invaders (Original Motion Picture Soundtrack)","David Russo",2023,DDR754,https://www.discogs.com/release/29054173,https://i.discogs.com/fCU8ZlXmVsBeeM9mOMi2CJKnsUQjhIonwDF-wroYMWU/rs:fit/g:sm/q:40/h:150/w:150/czM6Ly9kaXNjb2dz/LWRhdGFiYXNlLWlt/YWdlcy9SLTI5MDU0/MTczLTE3MDE0ODc0/ODktMjYzNS5qcGVn.jpeg,0,0,0,0,1771441866461,28,0.0,,label
29132263,952963,"Atipic 017","Cezar Lazăr*",2023,ATIPIC017,https://www.discogs.com/release/29132263,https://i.discogs.com/TnGX0tBYJW9JFjEsAPYLLb4lzT3WOIqFt41wP-R5Apw/rs:fit/g:sm/q:40/h:150/w:150/czM6Ly9kaXNjb2dz/LWRhdGFiYXNlLWlt/YWdlcy9SLTI5MTMy/MjYzLTE3MDE5MjIw/MjUtNzYxNi5qcGVn.jpeg,1,1,0,0,1771444145785,22,1.0,,label
29187964,1390196,Numina,"Cousin + Priori (2)",2023,"ANIMA10, NAFF20",https://www.discogs.com/release/29187964,https://i.discogs.com/pCO3BHcijxhAmZBIS5GBK5m3wVkCYc3ZoQEc066xxBg/rs:fit/g:sm/q:40/h:150/w:150/czM6Ly9kaXNjb2dz/LWRhdGFiYXNlLWlt/YWdlcy9SLTI5MTg3/OTY0LTE3MDI0NDIy/MDYtOTI1Mi5qcGVn.jpeg,0,0,0,0,1771441853832,38,0.0,,label
29189884,3504445,"Decay Island GP","Andy Kas",2023,GRUB002,https://www.discogs.com/release/29189884,https://i.discogs.com/5ywenC4TizHJWCPlwpr4YcUdD1MTz1CQN3XiYNFurwU/rs:fit/g:sm/q:40/h:150/w:150/czM6Ly9kaXNjb2dz/LWRhdGFiYXNlLWlt/YWdlcy9SLTI5MTg5/ODg0LTE3MzA3NDIx/NDMtNDAyOC5qcGVn.jpeg,0,0,0,0,1771441856398,42,0.0,,label
29194804,921036,"Good People Only EP","Pascale Project",2023,CKNOWEP55,https://www.discogs.com/release/29194804,https://i.discogs.com/aAH4f3kwTHPW2TiqF5AOSG1RVLS9-XoFYyjhIUksEEk/rs:fit/g:sm/q:40/h:150/w:150/czM6Ly9kaXNjb2dz/LWRhdGFiYXNlLWlt/YWdlcy9SLTI5MTk0/ODA0LTE3MDI0OTgx/ODctMjM4Mi5qcGVn.jpeg,0,0,0,0,1771441861415,97,0.0,,label
29195962,1390196,Por,k2dj,2023,NAFF019,https://www.discogs.com/release/29195962,https://i.discogs.com/DoDz2xptyhHzxoUvN252I84GONKN8kSqlmXf9CSmoss/rs:fit/g:sm/q:40/h:150/w:150/czM6Ly9kaXNjb2dz/LWRhdGFiYXNlLWlt/YWdlcy9SLTI5MTk1/OTYyLTE3MDI1MDcy/NjAtNTE2My5wbmc.jpeg,0,0,0,0,1771441853832,26,0.0,,label
29209240,473973,"2 0 2 3","Inner Lakes",2023,AOD018,https://www.discogs.com/release/29209240,https://i.discogs.com/pYpXgZ0b03HqITbuudQ8Ua9aIs7uKI_xGzuuAF6_mKs/rs:fit/g:sm/q:40/h:150/w:150/czM6Ly9kaXNjb2dz/LWRhdGFiYXNlLWlt/YWdlcy9SLTI5MjA5/MjQwLTE3MDI2NDgy/MjktMjUwOS5qcGVn.jpeg,0,0,0,0,1771441859879,21,0.0,,label
29256271,921036,"Southern Seas","DJ Life (5)",2023,CKNOWEP56,https://www.discogs.com/release/29256271,https://i.discogs.com/ATlg2aFBDOTLOrjKKunK7aZNaA6DhpHnPb8zEygaa8c/rs:fit/g:sm/q:40/h:150/w:150/czM6Ly9kaXNjb2dz/LWRhdGFiYXNlLWlt/YWdlcy9SLTI5MjU2/MjcxLTE3MDcyNjYx/MjktOTM4OC5qcGVn.jpeg,0,0,0,0,1771441861415,98,0.0,,label
29261503,852291,"Akira Ifukube - National Forest (Bukimisha Orchestra Conducted By Takeo Yahiro)",Bukimisha*,2023,DDR781,https://www.discogs.com/release/29261503,https://i.discogs.com/ErHVDomXXm5djz7GibGOj2VKJSMCfLSMwUsZbklfGT8/rs:fit/g:sm/q:40/h:150/w:150/czM6Ly9kaXNjb2dz/LWRhdGFiYXNlLWlt/YWdlcy9SLTI5MjYx/NTAzLTE3MDMyOTY1/NDYtOTA5Ni5qcGVn.jpeg,0,0,0,0,1771441866461,29,0.0,,label
29389579,3504445,"The Roots","TxL (2)",2024,PANEA006,https://www.discogs.com/release/29389579,https://i.discogs.com/bXOgf58AnYFoqlLCigE86bivXYVb9TZ3XENADaljBEg/rs:fit/g:sm/q:40/h:150/w:150/czM6Ly9kaXNjb2dz/LWRhdGFiYXNlLWlt/YWdlcy9SLTI5Mzg5/NTc5LTE3MDQ0ODUz/NTQtODQ0NS5qcGVn.jpeg,0,0,0,0,1771441856398,43,0.0,,label
29430034,1411307,"System Error x EYA Records",Various,2023,COLLAB02,https://www.discogs.com/release/29430034,https://i.discogs.com/fEffDlN75b04zDRnXt8HYJuOM3rIXpuBEYpv_6c1wfI/rs:fit/g:sm/q:40/h:150/w:150/czM6Ly9kaXNjb2dz/LWRhdGFiYXNlLWlt/YWdlcy9SLTI5NDMw/MDM0LTE3MDQ3Mzcy/OTUtNTk1NS5qcGVn.jpeg,1,1,0,0,1771441883134,1,1.0,,label
29438434,1120990,"Fuzion EP","Reflex Blue",2024,OYSTER47,https://www.discogs.com/release/29438434,https://i.discogs.com/DJP6DbUa_dyCuI2We8phbh_DlYzUIFH0T32a6Gn-1b0/rs:fit/g:sm/q:40/h:150/w:150/czM6Ly9kaXNjb2dz/LWRhdGFiYXNlLWlt/YWdlcy9SLTI5NDM4/NDM0LTE3MDQ4MTYx/NzMtNTIwOC5qcGVn.jpeg,0,0,0,0,1771441850683,86,0.0,,label
29526781,1287914,"Wisdom Keepers","Matthias (52)",2024,REDISCO003,https://www.discogs.com/release/29526781,https://i.discogs.com/GSWXhckkrXX3TZs7OFiRSvKfy4AqINbqes1vGCCGVxM/rs:fit/g:sm/q:40/h:150/w:150/czM6Ly9kaXNjb2dz/LWRhdGFiYXNlLWlt/YWdlcy9SLTI5NTI2/NzgxLTE3MTk0Nzg2/NjktMjYyNy5qcGVn.jpeg,1,1,0,0,1771441853726,0,1.0,,label
29623288,921036,"Echo Chamber","Fader Cap",2024,CKNOWEP57,https://www.discogs.com/release/29623288,https://i.discogs.com/KnBB9-ENrNt5l9pMD2mLSIUfcsN6Xa3earzjQJxkmiA/rs:fit/g:sm/q:40/h:150/w:150/czM6Ly9kaXNjb2dz/LWRhdGFiYXNlLWlt/YWdlcy9SLTI5NjIz/Mjg4LTE3MDY0MzQ5/NDktNjQ2OC5qcGVn.jpeg,0,0,0,0,1771441861415,99,0.0,,label
29652496,3504445,"Paranoik Android E.P","Dɘiv",2023,RUD001,https://www.discogs.com/release/29652496,https://i.discogs.com/2ts54TAv-yr19KEkt2avlYtcPU8fn_Se0G2TZGStGD0/rs:fit/g:sm/q:40/h:150/w:150/czM6Ly9kaXNjb2dz/LWRhdGFiYXNlLWlt/YWdlcy9SLTI5NjUy/NDk2LTE3Mjk4NDk0/NjYtOTUxMC5qcGVn.jpeg,0,0,0,0,1771441856398,44,0.0,,label
29697031,3504445,"Beatscape Chronicles","Flipper (20)",2024,"CONNECTIONS 01",https://www.discogs.com/release/29697031,https://i.discogs.com/DXVdIXh3CirjYOGTMXUI3G_cebdalqtEaJzMih6Rr9s/rs:fit/g:sm/q:40/h:150/w:150/czM6Ly9kaXNjb2dz/LWRhdGFiYXNlLWlt/YWdlcy9SLTI5Njk3/MDMxLTE3MDc0OTgw/NDEtNTQ2NS5wbmc.jpeg,0,0,0,0,1771441856398,45,0.0,,label
29703514,3504445,"The Rise Of Poseidon II","The Force (25)",2024,CALYPSO004,https://www.discogs.com/release/29703514,https://i.discogs.com/scwbk3JLIipIEtL3_rTGZpZbBuR0tjJWzAxXkXb9lxw/rs:fit/g:sm/q:40/h:150/w:150/czM6Ly9kaXNjb2dz/LWRhdGFiYXNlLWlt/YWdlcy9SLTI5NzAz/NTE0LTE3MDg2MTk1/NzMtNzc5NC5qcGVn.jpeg,0,0,0,0,1771441856398,31,0.0,,label
29731267,952963,"Atipic 018","Christopher Ledger",2024,ATIPIC018,https://www.discogs.com/release/29731267,https://i.discogs.com/nhpxGOFgAQTwYYGzJ9HTkgZVCD6pAD5xCFce3SJiYYg/rs:fit/g:sm/q:40/h:150/w:150/czM6Ly9kaXNjb2dz/LWRhdGFiYXNlLWlt/YWdlcy9SLTI5NzMx/MjY3LTE3MTM5MjQ4/OTktMTg0MC5qcGVn.jpeg,1,1,0,0,1771444148493,23,1.0,,label
29759842,1592903,Ghanaprajna,"Decoder (9)",2024,FRS026,https://www.discogs.com/release/29759842,https://i.discogs.com/AKYr62Zjtq9GSIs0JrMHGrxdfYVGR9uUC5xH-79i1eU/rs:fit/g:sm/q:40/h:150/w:150/czM6Ly9kaXNjb2dz/LWRhdGFiYXNlLWlt/YWdlcy9SLTI5NzU5/ODQyLTE3MTA0MTE1/NjktNjIzNi5qcGVn.jpeg,0,0,0,0,1771441866063,40,0.0,,label
29846647,1798608,Esc,"Command D",2024,ANIMA9,https://www.discogs.com/release/29846647,https://i.discogs.com/hFCc4YNBwGWgt34dlfGO5J86NKrsxrLivOlFTf_4X14/rs:fit/g:sm/q:40/h:150/w:150/czM6Ly9kaXNjb2dz/LWRhdGFiYXNlLWlt/YWdlcy9SLTI5ODQ2/NjQ3LTE3MDgyOTcz/NDYtNDM3MS5qcGVn.jpeg,1,1,0,0,1771451187512,18,0.5,,label
29863024,3504445,"High Times EP","Pierre Codarin",2024,SPG004,https://www.discogs.com/release/29863024,https://i.discogs.com/B5H1OrtNrOWWma23bFYix_ZISPz3tO9xPacFdfu8b6Q/rs:fit/g:sm/q:40/h:150/w:150/czM6Ly9kaXNjb2dz/LWRhdGFiYXNlLWlt/YWdlcy9SLTI5ODYz/MDI0LTE3MDg0NDA2/MzQtNzc0MS5wbmc.jpeg,0,0,0,0,1771441856398,59,0.0,,label
29870578,1120990,"Icy Hookups","Olsvangèr",2024,OYSTER51,https://www.discogs.com/release/29870578,https://i.discogs.com/NGRs2-d4PMo4YJpcVcVfPUl26LdT7hxaEtPFjhrJPIg/rs:fit/g:sm/q:40/h:150/w:150/czM6Ly9kaXNjb2dz/LWRhdGFiYXNlLWlt/YWdlcy9SLTI5ODcw/NTc4LTE3MDg1MDEw/MzItMzcyOC5qcGVn.jpeg,0,0,0,0,1771441850683,91,0.0,,label
29884132,21050,Re-Melted,Merv,,"Styrax Records Merv 2023",https://www.discogs.com/releases/29884132,https://i.discogs.com/ldCocXoIpOLHgdqzZJh8bzs6kjApALVQCgWV97QKrjI/rs:fit/g:sm/q:40/h:150/w:150/czM6Ly9kaXNjb2dz/LWRhdGFiYXNlLWlt/YWdlcy9SLTI5ODg0/MTMyLTE3MDkxNTQy/MDAtMTcyNC5qcGVn.jpeg,1,0,0,1,1771445244032,59,0.0,,discogs_want
29927698,847737,"I've Lost Control","Andrei Rusu",2024,MT0035,https://www.discogs.com/release/29927698,https://i.discogs.com/2ROJmDwaYlbH9_Jg3U4LXu4p8mbtUwfBc6S__M9QgLE/rs:fit/g:sm/q:40/h:150/w:150/czM6Ly9kaXNjb2dz/LWRhdGFiYXNlLWlt/YWdlcy9SLTI5OTI3/Njk4LTE3MDg5NDc4/OTUtOTk0NS5qcGVn.jpeg,0,0,0,0,1771441863768,57,0.0,,label
29947963,1015857,"Heavy Consciousness","Invisible Menders",2016,AOP001TP,https://www.discogs.com/release/29947963,https://i.discogs.com/-VXYIepJDR11rDezHflm_kvhAnC6fuOyCjSiVcqicVs/rs:fit/g:sm/q:40/h:150/w:150/czM6Ly9kaXNjb2dz/LWRhdGFiYXNlLWlt/YWdlcy9SLTI5OTQ3/OTYzLTE3MDkxMTg0/OTQtMzY1NC5qcGVn.jpeg,1,1,0,0,1771444137526,9,1.0,"Track match issue: FOREIGN KEY constraint failed",label
29958181,473973,"EP Part II","Yu (33)",2024,AOD017,https://www.discogs.com/release/29958181,https://i.discogs.com/g1RnA6WLjxa1Ohqf2RXm2PBQ8POxJBNOboB7D6U_XFE/rs:fit/g:sm/q:40/h:150/w:150/czM6Ly9kaXNjb2dz/LWRhdGFiYXNlLWlt/YWdlcy9SLTI5OTU4/MTgxLTE3MTY1NzAw/NjgtMzc1NS5qcGVn.jpeg,0,0,0,0,1771441859879,20,0.0,,label
29971048,852291,"The John Ottman Collection - Volume 1","John Ottman",2024,DDR787,https://www.discogs.com/release/29971048,https://i.discogs.com/pBSgBm4VMzmtSpSaoUTJ-xBqstF627lNkp1QqqzP6Ao/rs:fit/g:sm/q:40/h:150/w:150/czM6Ly9kaXNjb2dz/LWRhdGFiYXNlLWlt/YWdlcy9SLTI5OTcx/MDQ4LTE3MDkzMTk3/ODQtMTAzNi5qcGVn.jpeg,0,0,0,0,1771441866461,30,0.0,,label
30046858,1411307,"Leather In Outer Space EP ","Norbert Thunder",2024,EYA027,https://www.discogs.com/release/30046858,https://i.discogs.com/9ZVljYfphr_UB005hibn1w8gqpjMwWPCfRh0kI8_aLs/rs:fit/g:sm/q:40/h:150/w:150/czM6Ly9kaXNjb2dz/LWRhdGFiYXNlLWlt/YWdlcy9SLTMwMDQ2/ODU4LTE3MTc5NTYx/NTYtMjMzMy5qcGVn.jpeg,0,0,0,0,1771441863643,36,0.0,,label
30086742,1120990,"The Chopper EP","Kosh (7)",2024,OYSTER55,https://www.discogs.com/release/30086742,https://i.discogs.com/_HjVG5ISrp9tfjL0aPkln8fylqELe4Cf1Q3clT5ChZQ/rs:fit/g:sm/q:40/h:150/w:150/czM6Ly9kaXNjb2dz/LWRhdGFiYXNlLWlt/YWdlcy9SLTMwMDg2/NzQyLTE3MTAzNDQ3/MTUtNTk3Mi5qcGVn.jpeg,0,0,0,0,1771441850683,21,0.0,,label
30104207,1390196,"Learn To Fly","Priori (2)",2024,none,https://www.discogs.com/release/30104207,https://i.discogs.com/gWwceLhzBNBKRb2a5xIr-5z7jX_TcU5UbuB5qmjHtWw/rs:fit/g:sm/q:40/h:150/w:150/czM6Ly9kaXNjb2dz/LWRhdGFiYXNlLWlt/YWdlcy9SLTMwMTA0/MjA3LTE3MTA1MTAy/NzAtOTM3NS5qcGVn.jpeg,0,0,0,0,1771441853832,39,0.0,,label
30196610,1798608,AbiaA,"Volodymyr Gnatenko",2024,ANIMA11,https://www.discogs.com/release/30196610,https://i.discogs.com/3_8UOhp4ijSQHheRV83PXU9sU28T2cD32LjhvJ5rwZA/rs:fit/g:sm/q:40/h:150/w:150/czM6Ly9kaXNjb2dz/LWRhdGFiYXNlLWlt/YWdlcy9SLTMwMTk2/NjEwLTE3MTEzMjM0/NDktODYwOS5qcGVn.jpeg,1,0,0,0,1771449576488,2,0.0,,label
30211289,1247544,"Midnight Picnic","Alfred Czital & Ayū",2024,HARMONY013,https://www.discogs.com/release/30211289,https://i.discogs.com/JAkvfeMe8WepIIr0A5NA7QDFUNXy2_ijd49cDAkmwNk/rs:fit/g:sm/q:40/h:150/w:150/czM6Ly9kaXNjb2dz/LWRhdGFiYXNlLWlt/YWdlcy9SLTMwMjEx/Mjg5LTE3MTE0NTg0/MjEtMjIwNS5qcGVn.jpeg,0,0,0,0,1771441860116,58,0.0,,label
30220379,3504445,"Temporary Realities",Kvrk,2024,EI001,https://www.discogs.com/release/30220379,https://i.discogs.com/phPEw2sDFeQqSgdaVFZCrGCNguz1twk7JrIf6hDZgj0/rs:fit/g:sm/q:40/h:150/w:150/czM6Ly9kaXNjb2dz/LWRhdGFiYXNlLWlt/YWdlcy9SLTMwMjIw/Mzc5LTE3MTQ2MzQy/OTEtNDM0MS5qcGVn.jpeg,0,0,0,0,1771441856398,58,0.0,,label
30222734,3496129,"Ancient Avenues","Square City",,ICE001,https://www.discogs.com/releases/30222734,https://i.discogs.com/x-vJmysU8SYVq6ZSglxDWQJCkLLYZTcCd666JhF40EA/rs:fit/g:sm/q:40/h:150/w:150/czM6Ly9kaXNjb2dz/LWRhdGFiYXNlLWlt/YWdlcy9SLTMwMjIy/NzM0LTE3NTgwMzMw/MTEtODc5Mi5qcGVn.jpeg,1,0,0,1,1771445244032,28,0.0,,discogs_want
30298232,1120990,"Bunch Of Amateurs","Ebbs N Flow",2024,OYSTER56,https://www.discogs.com/release/30298232,https://i.discogs.com/WHpzfoa2Z57upIgzEjHpv1kXlI-evNfCUSY36vzwOqI/rs:fit/g:sm/q:40/h:150/w:150/czM6Ly9kaXNjb2dz/LWRhdGFiYXNlLWlt/YWdlcy9SLTMwMjk4/MjMyLTE3MTIyMjA5/MTctNTgzMS5qcGVn.jpeg,0,0,0,0,1771441850683,97,0.0,,label
30344351,1592903,Push:Pull,"DJ Hockey",2024,FRS027,https://www.discogs.com/release/30344351,https://i.discogs.com/g2KeeNTHrAgljmfLsYaod-z4wwiXJcuvrGySiFbZyzA/rs:fit/g:sm/q:40/h:150/w:150/czM6Ly9kaXNjb2dz/LWRhdGFiYXNlLWlt/YWdlcy9SLTMwMzQ0/MzUxLTE3MTYzOTEy/OTYtNTgyOS5qcGVn.jpeg,0,0,0,0,1771441866063,43,0.0,,label
30407372,3504445,"Jooice 005",Deyayu,2024,JOOICE005,https://www.discogs.com/release/30407372,https://i.discogs.com/XIolcnOunGAEfnOI1hs_VW1ypkYRCEDBsZnSvAjWdEE/rs:fit/g:sm/q:40/h:150/w:150/czM6Ly9kaXNjb2dz/LWRhdGFiYXNlLWlt/YWdlcy9SLTMwNDA3/MzcyLTE3MTk2NjA5/MDktNDExOS5qcGVn.jpeg,0,0,0,0,1771441856398,57,0.0,,label
30411197,363756,"Water Seeds","Oro Azul",2024,MH033,https://www.discogs.com/release/30411197,https://i.discogs.com/aiAXPhC_obWcCNsXCCur-4TxXvSkXOoKG_wjxMFKBcE/rs:fit/g:sm/q:40/h:150/w:150/czM6Ly9kaXNjb2dz/LWRhdGFiYXNlLWlt/YWdlcy9SLTMwNDEx/MTk3LTE3MTMyNDcz/MTctOTI1MC5qcGVn.jpeg,1,0,0,0,1771423336286,67,0.0,"Track match issue: YouTube API error 403: {
  ""error"": {
    ""code"": 403,
    ""message"": ""Requests to this API youtube method youtube.api.v3.V3DataSearchService.List are blocked."",
    ""errors"": [
      {
        ""message"": ""Requests to this API youtube method youtube.api.v3.V3DataSearchService.List are blocked."",
        ""domain"": ""global"",
        ""reason"": ""forbidden""
      }
    ],
    ""status"": ""PERMISSION_DENIED"",
    ""details"": [
      {
        ""@type"": ""type.googleapis.com/google.rpc.ErrorInfo"",
        ""reason"": ""API_KEY_SERVICE_BLOCKED"",
        ""domain"": ""googleapis.com"",
        ""metadata"": {
          ""apiName"": ""youtube"",
          ""methodName"": ""youtube.api.v3.V3DataSearchService.List"",
          ""service"": ""youtube.googleapis.com"",
          ""consumer"": ""projects/1097707475336""
        }
      },
      {
        ""@type"": ""type.googleapis.com/google.rpc.LocalizedMessage"",
        ""locale"": ""en-US"",
        ""message"": ""Requests to this API youtube method youtube.api.v3.V3DataSearchService.List are blocked.""
      }
    ]
  }
}
",label
30428156,2223778,"Excelsior Ruth","Excelsior Ruth",2024,HPR002,https://www.discogs.com/release/30428156,https://i.discogs.com/OeVJ9g1yoDDPc426nkYoPlVaBf29UWBkwf9twndRj_4/rs:fit/g:sm/q:40/h:150/w:150/czM6Ly9kaXNjb2dz/LWRhdGFiYXNlLWlt/YWdlcy9SLTMwNDI4/MTU2LTE3MTMzOTU0/MDQtODc0Ni5qcGVn.jpeg,1,1,0,0,1771441878856,1,0.8,"Track match issue: YouTube quota exceeded for this key. Wait for quota reset or use another key.",label
30444221,3504445,"Lueurs De Monaco","Michka (2)",2024,FLUYO03,https://www.discogs.com/release/30444221,https://i.discogs.com/xfgsRXw_RAliaS5cf6qu3-PjXlG85MCB0OnKvULXPLU/rs:fit/g:sm/q:40/h:150/w:150/czM6Ly9kaXNjb2dz/LWRhdGFiYXNlLWlt/YWdlcy9SLTMwNDQ0/MjIxLTE3MTM1NDk1/NTAtMTEzOC5qcGVn.jpeg,0,0,0,0,1771441856398,56,0.0,,label
30450629,147719,"Heavier Than A Death In The Family","Les Rallizes Denudes",2024,none,https://www.discogs.com/release/30450629,https://i.discogs.com/SOrDevlr36vTuu4DvCDl5VBUTDsQNYAfTTi17EajK-0/rs:fit/g:sm/q:40/h:150/w:150/czM6Ly9kaXNjb2dz/LWRhdGFiYXNlLWlt/YWdlcy9SLTMwNDUw/NjI5LTE3MTM2MDc0/NjgtNzEwNy5qcGVn.jpeg,0,0,0,0,1771441865977,6,0.0,,label
30535864,1592903,Ghanaprajna,"Decoder (9)",2024,FRS026,https://www.discogs.com/release/30535864,https://i.discogs.com/wQR-DgrEr1UpvWzkkPa_pPP8g2F2vmRKNXsCgFDNk6I/rs:fit/g:sm/q:40/h:150/w:150/czM6Ly9kaXNjb2dz/LWRhdGFiYXNlLWlt/YWdlcy9SLTMwNTM1/ODY0LTE3MTQzODEw/NDAtOTU5Ny5qcGVn.jpeg,1,0,0,0,1771441869852,0,0.0,"Track match issue: YouTube quota exceeded for this key. Wait for quota reset or use another key.",label
30536818,3504445,"Laser Disko EP",Konerytmi,2024,"TLPA 01",https://www.discogs.com/release/30536818,https://i.discogs.com/qePTrNa9cObgDlDk72nmr1p-FY49Qi2Uz7EzApCbjyg/rs:fit/g:sm/q:40/h:150/w:150/czM6Ly9kaXNjb2dz/LWRhdGFiYXNlLWlt/YWdlcy9SLTMwNTM2/ODE4LTE3MzA3NDIy/ODMtODE0Ny5qcGVn.jpeg,0,0,0,0,1771441856398,55,0.0,,label
30580876,1798608,Elemental,"Zara (26)",2024,ANIMA12,https://www.discogs.com/release/30580876,https://i.discogs.com/rTaLrfzHgLmPC0qPeztS9zNHaNa8xom7zuDIbMzpKO8/rs:fit/g:sm/q:40/h:150/w:150/czM6Ly9kaXNjb2dz/LWRhdGFiYXNlLWlt/YWdlcy9SLTMwNTgw/ODc2LTE3MTQ4MTI5/NjEtMzMxNS5qcGVn.jpeg,1,0,0,0,1771449578122,3,0.0,,label
30588286,363756,Apodelia,Hotspring,2024,MH034,https://www.discogs.com/release/30588286,https://i.discogs.com/BXjgQT__1M0u675gyGKVaE7dPZY3pbNC5XYvRodjnmU/rs:fit/g:sm/q:40/h:150/w:150/czM6Ly9kaXNjb2dz/LWRhdGFiYXNlLWlt/YWdlcy9SLTMwNTg4/Mjg2LTE3MTUwNjcx/OTctOTU0MC5qcGVn.jpeg,1,0,0,0,1771423338855,68,0.0,"Track match issue: YouTube API error 403: {
  ""error"": {
    ""code"": 403,
    ""message"": ""Requests to this API youtube method youtube.api.v3.V3DataSearchService.List are blocked."",
    ""errors"": [
      {
        ""message"": ""Requests to this API youtube method youtube.api.v3.V3DataSearchService.List are blocked."",
        ""domain"": ""global"",
        ""reason"": ""forbidden""
      }
    ],
    ""status"": ""PERMISSION_DENIED"",
    ""details"": [
      {
        ""@type"": ""type.googleapis.com/google.rpc.ErrorInfo"",
        ""reason"": ""API_KEY_SERVICE_BLOCKED"",
        ""domain"": ""googleapis.com"",
        ""metadata"": {
          ""consumer"": ""projects/1097707475336"",
          ""service"": ""youtube.googleapis.com"",
          ""apiName"": ""youtube"",
          ""methodName"": ""youtube.api.v3.V3DataSearchService.List""
        }
      },
      {
        ""@type"": ""type.googleapis.com/google.rpc.LocalizedMessage"",
        ""locale"": ""en-US"",
        ""message"": ""Requests to this API youtube method youtube.api.v3.V3DataSearchService.List are blocked.""
      }
    ]
  }
}
",label
30611224,1120990,"Solstice Peaks",Buttechno,2024,OYSTER57,https://www.discogs.com/release/30611224,https://i.discogs.com/lHoqpatnmTCSyM6YObgLU7Uc6ImS4gw43bLaP2E_0PY/rs:fit/g:sm/q:40/h:150/w:150/czM6Ly9kaXNjb2dz/LWRhdGFiYXNlLWlt/YWdlcy9SLTMwNjEx/MjI0LTE3MTUwODAy/OTAtOTUxMy5qcGVn.jpeg,0,0,0,0,1771441850683,22,0.0,,label
30646648,852291,"Goliath Awaits (Music From The Mini-Series)","George Duning",2024,DDRCDR617,https://www.discogs.com/release/30646648,https://i.discogs.com/sd4zQa-aKdzXwZyePs7heThPSo28N3mEiPWFf8ZmVjM/rs:fit/g:sm/q:40/h:150/w:150/czM6Ly9kaXNjb2dz/LWRhdGFiYXNlLWlt/YWdlcy9SLTMwNjQ2/NjQ4LTE3MTY3NjA1/NTUtODkxMy5qcGVn.jpeg,0,0,0,0,1771441866461,31,0.0,,label
30672373,473973,"Top Secret I","L'Escucha",2024,AODRSD004,https://www.discogs.com/release/30672373,https://i.discogs.com/sun82A2bvIxR_yDEtGHidocFFw1atUEMv4OZWxpyBa4/rs:fit/g:sm/q:40/h:150/w:150/czM6Ly9kaXNjb2dz/LWRhdGFiYXNlLWlt/YWdlcy9SLTMwNjcy/MzczLTE3MTU2NDUy/MTgtNTY4Ny5qcGVn.jpeg,0,0,0,0,1771441859879,27,0.0,,label
30672655,3504445,SOS,"Mathew Jonson",2024,"DESET 04",https://www.discogs.com/release/30672655,https://i.discogs.com/6I9OnzOCDXxnmFHY61M7NZHNdtGM1CElGM7ur8WVeJQ/rs:fit/g:sm/q:40/h:150/w:150/czM6Ly9kaXNjb2dz/LWRhdGFiYXNlLWlt/YWdlcy9SLTMwNjcy/NjU1LTE3MTU2NDkw/OTgtODI5NS5qcGVn.jpeg,0,0,0,0,1771441856398,54,0.0,,label
30685762,2910968,"Everything's Happening So Fast",Various,2024,P&P003,https://www.discogs.com/release/30685762,https://i.discogs.com/GY7reap05m5tFnctBKyEFiXEPrxrqb8a2kkwxEi9VuQ/rs:fit/g:sm/q:40/h:150/w:150/czM6Ly9kaXNjb2dz/LWRhdGFiYXNlLWlt/YWdlcy9SLTMwNjg1/NzYyLTE3MjAyODU5/NTAtODQ5OS5qcGVn.jpeg,0,0,0,0,1771441854908,2,0.0,,label
30692971,473973,"Normal Gets You Nowhere Ep","Various, Log _In, Landed (2)",2024,AODVA1,https://www.discogs.com/release/30692971,https://i.discogs.com/-qLQjwZq1Ub0rMg2O2A7WrACXuZMBAsGpj2FYYkBXVM/rs:fit/g:sm/q:40/h:150/w:150/czM6Ly9kaXNjb2dz/LWRhdGFiYXNlLWlt/YWdlcy9SLTMwNjky/OTcxLTE3MTU4NjAy/MTEtNjkzMi5qcGVn.jpeg,0,0,0,0,1771441859879,28,0.0,,label
30729146,3373479,"Talk Up Straight","Christopher Ledger",2024,HDF002,https://www.discogs.com/release/30729146,https://i.discogs.com/HoDbByQIVEWLUsyd_iwu3gIYtTa6mkfiQhGq7rvPPfw/rs:fit/g:sm/q:40/h:150/w:150/czM6Ly9kaXNjb2dz/LWRhdGFiYXNlLWlt/YWdlcy9SLTMwNzI5/MTQ2LTE3MTYxOTI1/NTAtODM1NC5qcGVn.jpeg,0,0,0,0,1771441857364,2,0.0,,label
30732182,1592903,"Disclosure EP","Humanoid Gods",2024,FRS028,https://www.discogs.com/release/30732182,https://i.discogs.com/rHEX-j-JB1NJBU5ec8ospAXM2Tnh56h4PH46FwCbyQw/rs:fit/g:sm/q:40/h:150/w:150/czM6Ly9kaXNjb2dz/LWRhdGFiYXNlLWlt/YWdlcy9SLTMwNzMy/MTgyLTE3MzI1ODA4/NTEtNTM1MS5qcGVn.jpeg,0,0,0,0,1771441866063,44,0.0,,label
30734689,3504445,"Control The Code",Wolfdrifta,2024,WTD_002,https://www.discogs.com/release/30734689,https://i.discogs.com/PyxBaiRCbuA822yhR7RPZlEfl-Eu23m7Jqh456S52tw/rs:fit/g:sm/q:40/h:150/w:150/czM6Ly9kaXNjb2dz/LWRhdGFiYXNlLWlt/YWdlcy9SLTMwNzM0/Njg5LTE3NDQyOTQ3/ODktMzc1MS5qcGVn.jpeg,0,0,0,0,1771441856398,53,0.0,,label
30785658,1247544,"Ec 137",Various,2024,HARMONY014,https://www.discogs.com/release/30785658,https://i.discogs.com/6rcZSNjI4y1WBDqI6dAaKK6yMx2T7_DbkrH_dZtI6y8/rs:fit/g:sm/q:40/h:150/w:150/czM6Ly9kaXNjb2dz/LWRhdGFiYXNlLWlt/YWdlcy9SLTMwNzg1/NjU4LTE3MTY3Mjk5/OTYtMjgwNS5qcGVn.jpeg,0,0,0,0,1771441860116,59,0.0,,label
30812442,1120990,"myDEFINITION part II",SW.,2024,OYSTER45,https://www.discogs.com/release/30812442,https://i.discogs.com/G01YMGWIVImqBal8ffXwcCDmQY5ZZ4WfxSME2OzfKOE/rs:fit/g:sm/q:40/h:150/w:150/czM6Ly9kaXNjb2dz/LWRhdGFiYXNlLWlt/YWdlcy9SLTMwODEy/NDQyLTE3MTY5ODg0/OTEtODM1Ny5wbmc.jpeg,0,0,0,0,1771441850683,83,0.0,,label
30825189,1682339,"The Lonely Atom",Lamniformes,2024,"FH-089, PPR | 049",https://www.discogs.com/release/30825189,,0,0,0,0,1771441854974,4,0.0,,label
30879483,1798608,Uphoria,"Ulo S.",2024,ANIMA13,https://www.discogs.com/release/30879483,https://i.discogs.com/tnK-JQ_8V7xgfj27vbF3VY_DeQloxasX2mFZgrp0F6s/rs:fit/g:sm/q:40/h:150/w:150/czM6Ly9kaXNjb2dz/LWRhdGFiYXNlLWlt/YWdlcy9SLTMwODc5/NDgzLTE3MzA5MTcx/NTUtODEzNy5qcGVn.jpeg,1,1,1,0,1771449585545,4,1.0,,label
30906408,1390196,"This But More","Priori (2)",2024,NAFF022,https://www.discogs.com/release/30906408,https://i.discogs.com/_DeyrxN5FVoOCcv3KSrU9XhU6mm1p428TsPTjnGLAgY/rs:fit/g:sm/q:40/h:150/w:150/czM6Ly9kaXNjb2dz/LWRhdGFiYXNlLWlt/YWdlcy9SLTMwOTA2/NDA4LTE3MTc4NTA3/NzgtNzE4Ny5qcGVn.jpeg,0,0,0,0,1771441853832,27,0.0,,label
30933414,2891648,Duality,"Forest Witches",,SHROOM07,https://www.discogs.com/releases/30933414,https://i.discogs.com/bktq3Tu3116kEfC7cSI4KSeiVOvOpcBfVz3pefqGZiA/rs:fit/g:sm/q:40/h:150/w:150/czM6Ly9kaXNjb2dz/LWRhdGFiYXNlLWlt/YWdlcy9SLTMwOTMz/NDE0LTE3MTkxOTI0/NDItNDM3MS5qcGVn.jpeg,1,0,0,1,1771445244032,34,0.0,,discogs_want
31002862,1120990,"The Trick","Oma Totem",2024,OYSTER61,https://www.discogs.com/release/31002862,https://i.discogs.com/3jDsTXEb1IKQI8XA-RhTJupYxm3M7V2Xb9syx83b9v8/rs:fit/g:sm/q:40/h:150/w:150/czM6Ly9kaXNjb2dz/LWRhdGFiYXNlLWlt/YWdlcy9SLTMxMDAy/ODYyLTE3MTg4MDQ2/MDMtMTAyMS5qcGVn.jpeg,0,0,0,0,1771441850683,23,0.0,,label
31062812,847737,Zest,"Die Orangen",2017,MTLP001,https://www.discogs.com/release/31062812,https://i.discogs.com/GLsplnMTkkEgkRdimuq9PPptN-aYfPlW_rhIvguToOk/rs:fit/g:sm/q:40/h:150/w:150/czM6Ly9kaXNjb2dz/LWRhdGFiYXNlLWlt/YWdlcy9SLTMxMDYy/ODEyLTE3MTkzOTk3/ODMtMzkxNC5qcGVn.jpeg,0,0,0,0,1771441863768,96,0.0,,label
31062857,847737,"Zwei Orangen","Die Orangen",2019,MTLP008,https://www.discogs.com/release/31062857,https://i.discogs.com/ZCL4QS3Xwb3AgOSwzgJCVG85vm6jdvCVZfLCLsW3b-0/rs:fit/g:sm/q:40/h:150/w:150/czM6Ly9kaXNjb2dz/LWRhdGFiYXNlLWlt/YWdlcy9SLTMxMDYy/ODU3LTE3MTk0MDAx/NTEtOTk1Ny5qcGVn.jpeg,0,0,0,0,1771441863768,31,0.0,,label
31065719,1592903,"Sun Inside","Ali Berger",2024,FRS029,https://www.discogs.com/release/31065719,https://i.discogs.com/LQE0R-hIDQeskECclurDUwXNM1xV6g01DW7IpwvTdzA/rs:fit/g:sm/q:40/h:150/w:150/czM6Ly9kaXNjb2dz/LWRhdGFiYXNlLWlt/YWdlcy9SLTMxMDY1/NzE5LTE3MjQ0MzEw/MTAtMzY3OC5qcGVn.jpeg,0,0,0,0,1771441866063,45,0.0,,label
31077086,1682339,"Temporal Waves","Temporal Waves",2024,"PPR | 051",https://www.discogs.com/release/31077086,https://i.discogs.com/QIfI9GaJUYaSXndWLAw3D3X3y_U1s8dQDuDppAmIvnk/rs:fit/g:sm/q:40/h:150/w:150/czM6Ly9kaXNjb2dz/LWRhdGFiYXNlLWlt/YWdlcy9SLTMxMDc3/MDg2LTE3MzA1MzEw/NDQtMzQ2My5qcGVn.jpeg,0,0,0,0,1771441854974,5,0.0,,label
31108796,1682339,"Almost Touching","An Laurence",2022,"PPR | 033",https://www.discogs.com/release/31108796,https://i.discogs.com/fWGGnDDgWdycs4v0zgB5KQR7WbM8Q7ji9xu0SeQjTCM/rs:fit/g:sm/q:40/h:150/w:150/czM6Ly9kaXNjb2dz/LWRhdGFiYXNlLWlt/YWdlcy9SLTMxMTA4/Nzk2LTE3MTk4NTU4/MTEtNzE1NC5qcGVn.jpeg,0,0,0,0,1771441854974,3,0.0,,label
31115447,3504445,"New Home EP","Ian F",2024,HYP002,https://www.discogs.com/release/31115447,https://i.discogs.com/vW7PYdB6gtSky_Odez729aMEvxFr65Z0cws9fae8TpI/rs:fit/g:sm/q:40/h:150/w:150/czM6Ly9kaXNjb2dz/LWRhdGFiYXNlLWlt/YWdlcy9SLTMxMTE1/NDQ3LTE3MjQ0ODE1/MDMtMzA2Ny5qcGVn.jpeg,0,0,0,0,1771441856398,47,0.0,,label
31127996,1038740,"Beautiful Moment","Yu (33)",2024,DISCARDED-109,https://www.discogs.com/release/31127996,https://i.discogs.com/vZd-isMLjvdpcYLALvSkH8HIOSTCt8yVeQnz65TS1uE/rs:fit/g:sm/q:40/h:150/w:150/czM6Ly9kaXNjb2dz/LWRhdGFiYXNlLWlt/YWdlcy9SLTMxMTI3/OTk2LTE3MjczNTMw/MzYtNjAzOC5qcGVn.jpeg,1,1,0,0,1771447964657,7,0.25,"Track match issue: YouTube quota exceeded for this key. Wait for quota reset or use another key.",label
31241581,952963,Atipic019,DumitrEscu,2024,ATIPIC019,https://www.discogs.com/release/31241581,https://i.discogs.com/1yWQwEpF14QFc-QG1VVpEQPIRvexrzqovvSwNgj530k/rs:fit/g:sm/q:40/h:150/w:150/czM6Ly9kaXNjb2dz/LWRhdGFiYXNlLWlt/YWdlcy9SLTMxMjQx/NTgxLTE3MjExNzIy/NzQtMjE3OC5qcGVn.jpeg,1,1,0,0,1771444149705,24,1.0,,label
31299845,1015857,"Explorer Of The Mind EP","Ish (25)",2024,AOP009,https://www.discogs.com/release/31299845,https://i.discogs.com/zXB4pJ0jy38KFpCazbdkphlXnMgJri_7ErfeFNJt1xA/rs:fit/g:sm/q:40/h:150/w:150/czM6Ly9kaXNjb2dz/LWRhdGFiYXNlLWlt/YWdlcy9SLTMxMjk5/ODQ1LTE3MjE3NTY5/NjgtMTI2Mi5qcGVn.jpeg,1,1,0,0,1771444149623,13,1.0,"Track match issue: FOREIGN KEY constraint failed",label
31335991,1390196,"This but More","Priori (2)",2024,NAFF022,https://www.discogs.com/release/31335991,https://i.discogs.com/G3N63dmDjlsL-5ZgKuwHHeqlLslzhJsBAIC_2UzkdQM/rs:fit/g:sm/q:40/h:150/w:150/czM6Ly9kaXNjb2dz/LWRhdGFiYXNlLWlt/YWdlcy9SLTMxMzM1/OTkxLTE3MjIxMjU3/NTMtOTE2NC5wbmc.jpeg,0,0,0,0,1771441853832,28,0.0,,label
31416287,852291,"The David Michael Frank Collection - Volume 4 (The Two Sides Of David Michael Frank)","David Michael Frank",2024,DDR799,https://www.discogs.com/release/31416287,https://i.discogs.com/Bh9_--1GEqf3PhJWDRPBIg7DB_4bYzhzu0apwgboogw/rs:fit/g:sm/q:40/h:150/w:150/czM6Ly9kaXNjb2dz/LWRhdGFiYXNlLWlt/YWdlcy9SLTMxNDE2/Mjg3LTE3MjI5NTYz/NDItMTUxMC5qcGVn.jpeg,0,0,0,0,1771441866461,32,0.0,,label
31417805,3504445,"Illustrated Primer E.P. ","Relative Progress",2024,LIRICA001,https://www.discogs.com/release/31417805,https://i.discogs.com/1-p0L88_UnwPcEeEqg3DAH0CMtCFnyWbOoDGXmXNjVU/rs:fit/g:sm/q:40/h:150/w:150/czM6Ly9kaXNjb2dz/LWRhdGFiYXNlLWlt/YWdlcy9SLTMxNDE3/ODA1LTE3MjI5Njg5/MjMtOTE1My5qcGVn.jpeg,0,0,0,0,1771441856398,61,0.0,,label
31456511,852291,"The Golden Age Of Science Fiction Vol. 5 (Invaders From Mars / The Terrornauts)","Raoul Kraushaar, Elisabeth Lutyens",2024,DDR809,https://www.discogs.com/release/31456511,https://i.discogs.com/BrvDHN3CSCFhkjpHOX2CoJZ2CgiqfgbuDbC1dEq4auQ/rs:fit/g:sm/q:40/h:150/w:150/czM6Ly9kaXNjb2dz/LWRhdGFiYXNlLWlt/YWdlcy9SLTMxNDU2/NTExLTE3Mjg3ODE0/NDEtMzI3Ny5qcGVn.jpeg,0,0,0,0,1771441866461,33,0.0,,label
31462757,3504445,"Return Of The Jedi","Lukey (3)",2024,GRUB003,https://www.discogs.com/release/31462757,https://i.discogs.com/xdjiY_x3B0prc-y4P0Yj8Z_h7xYx4s7ZTOUBtQdST7g/rs:fit/g:sm/q:40/h:150/w:150/czM6Ly9kaXNjb2dz/LWRhdGFiYXNlLWlt/YWdlcy9SLTMxNDYy/NzU3LTE3Mjk4NDk5/NjAtMzQyMi5qcGVn.jpeg,0,0,0,0,1771441856398,52,0.0,,label
31467455,1247544,"Neon Affair","Ayū",2024,HARMONY015,https://www.discogs.com/release/31467455,https://i.discogs.com/CM38hDdDhuvR7kHUcLU72WHgz0iNouvWEvDvPYiNxok/rs:fit/g:sm/q:40/h:150/w:150/czM6Ly9kaXNjb2dz/LWRhdGFiYXNlLWlt/YWdlcy9SLTMxNDY3/NDU1LTE3MjM1MjU5/ODAtMjQ3MS5qcGVn.jpeg,0,0,0,0,1771441860116,61,0.0,,label
31467479,1247544,"Neon Affair","Ayū",2024,HARMONY015,https://www.discogs.com/release/31467479,https://i.discogs.com/x1CfyxGjZ3G0gc2NW99dbbA_7PIqqApb-PYmohA4Nhc/rs:fit/g:sm/q:40/h:150/w:150/czM6Ly9kaXNjb2dz/LWRhdGFiYXNlLWlt/YWdlcy9SLTMxNDY3/NDc5LTE3MjM1MjU2/NjEtMzA4Mi5qcGVn.jpeg,0,0,0,0,1771441860116,60,0.0,,label
31467518,1247544,"Midnight Picnic","Alfred Czital & Ayū",2024,HARMONY013,https://www.discogs.com/release/31467518,,0,0,0,0,1771441860116,57,0.0,,label
31467611,1247544,"Limping On Clouds","Polygonia & Shoal",2024,HARMONY016,https://www.discogs.com/release/31467611,https://i.discogs.com/q3jxraLbcT4oxlz7sNzk3qOPZkRGVpx49BQGijKK1Ck/rs:fit/g:sm/q:40/h:150/w:150/czM6Ly9kaXNjb2dz/LWRhdGFiYXNlLWlt/YWdlcy9SLTMxNDY3/NjExLTE3MjM1Mjc1/NjAtMTA5Ny5qcGVn.jpeg,0,0,0,0,1771441860116,62,0.0,,label
31467635,1247544,"Limping On Clouds","Polygonia & Shoal",2024,HARMONY016,https://www.discogs.com/release/31467635,https://i.discogs.com/NiI1TEdR-JTmifz61cybqZD5ZM6U5aYBeve_ed6Tv38/rs:fit/g:sm/q:40/h:150/w:150/czM6Ly9kaXNjb2dz/LWRhdGFiYXNlLWlt/YWdlcy9SLTMxNDY3/NjM1LTE3MjM1Mjc3/MDctODM1NC5qcGVn.jpeg,0,0,0,0,1771441860116,63,0.0,,label
31479443,1411307,"Delusions EP","Salomée (2)",2024,"EYA RECORDS 028",https://www.discogs.com/release/31479443,https://i.discogs.com/u9hCIOgJKhcL9_dgqCoSRa34idizmbbS8V6MLqECeK0/rs:fit/g:sm/q:40/h:150/w:150/czM6Ly9kaXNjb2dz/LWRhdGFiYXNlLWlt/YWdlcy9SLTMxNDc5/NDQzLTE3Mjk4NTAx/NTktNTcyNy5qcGVn.jpeg,0,0,0,0,1771441863643,7,0.0,,label
31502792,3504445,"Archiv 1","Michael Oswald (7)",2024,HPM002,https://www.discogs.com/release/31502792,https://i.discogs.com/UjiTMNykDUt99_dRsdC-Z2AIkuol30n31nuuiLS06qU/rs:fit/g:sm/q:40/h:150/w:150/czM6Ly9kaXNjb2dz/LWRhdGFiYXNlLWlt/YWdlcy9SLTMxNTAy/NzkyLTE3Mjk4NDk5/MDctMTcxNS5qcGVn.jpeg,0,0,0,0,1771441856398,51,0.0,,label
31589383,1592903,"The Hot Zone EP",JR2k*,2024,FRS030,https://www.discogs.com/release/31589383,https://i.discogs.com/hTRkR7u1y8CwPKwjgt28YOBybTeMDN29Z19d4LSFcuA/rs:fit/g:sm/q:40/h:150/w:150/czM6Ly9kaXNjb2dz/LWRhdGFiYXNlLWlt/YWdlcy9SLTMxNTg5/MzgzLTE3Mjg1MTU2/MDYtMjkxMi5qcGVn.jpeg,0,0,0,0,1771441866063,46,0.0,,label
31632496,3803408,LWS001,"AI Robot",2024,LWS001,https://www.discogs.com/release/31632496,https://i.discogs.com/-hbt5z1DUNEcjNTgN0LzixthGwidcZ4nBpAP8wly6FQ/rs:fit/g:sm/q:40/h:150/w:150/czM6Ly9kaXNjb2dz/LWRhdGFiYXNlLWlt/YWdlcy9SLTMxNjMy/NDk2LTE3MjU1NDgy/MDEtNjU1Ny5wbmc.jpeg,1,1,0,0,1771441858062,0,1.0,,label
31632517,3504445,"Angels Don't Play Haarp EP","Raffi Versace",2024,HDK-1,https://www.discogs.com/release/31632517,https://i.discogs.com/fUXem6ZgRFLlCPrYw7rwnYMe_p8Fe7KkqcxRuQJOdIk/rs:fit/g:sm/q:40/h:150/w:150/czM6Ly9kaXNjb2dz/LWRhdGFiYXNlLWlt/YWdlcy9SLTMxNjMy/NTE3LTE3MzE1OTI0/NDUtMTQ2MC5qcGVn.jpeg,0,0,0,0,1771441856398,48,0.0,,label
31632586,3504445,"Embrace The Unknown EP",Various,2024," T2F001",https://www.discogs.com/release/31632586,https://i.discogs.com/3Q7xKPlhYoZgZD6cFnFiUppr8Uhoz7mg_3gKekInG8A/rs:fit/g:sm/q:40/h:150/w:150/czM6Ly9kaXNjb2dz/LWRhdGFiYXNlLWlt/YWdlcy9SLTMxNjMy/NTg2LTE3Mjk4NDg5/OTYtNTMzMi5qcGVn.jpeg,0,0,0,0,1771441856398,46,0.0,,label
31658063,3504445,"The Rise Of Poseidon III","System (8)",2024,CALYPSO005,https://www.discogs.com/release/31658063,https://i.discogs.com/VeZknUmF7sUqOrEte6DE4DXIh4ZWssDU98-wv5KHjKQ/rs:fit/g:sm/q:40/h:150/w:150/czM6Ly9kaXNjb2dz/LWRhdGFiYXNlLWlt/YWdlcy9SLTMxNjU4/MDYzLTE3NjU0NTMx/NzEtOTMxMS5qcGVn.jpeg,1,1,0,0,1771441876453,1,0.333333333333333,"Track match issue: YouTube quota exceeded for this key. Wait for quota reset or use another key.",label
31706201,921036,"Pentaquark EP",Obergman*,2024,"CKNOWEP 63",https://www.discogs.com/release/31706201,https://i.discogs.com/2uRqmXvLP6yORNfIWRTI-rYKwLyk-24bbr9dUdyYrIQ/rs:fit/g:sm/q:40/h:150/w:150/czM6Ly9kaXNjb2dz/LWRhdGFiYXNlLWlt/YWdlcy9SLTMxNzA2/MjAxLTE3MjYwMzU4/ODgtMzc4OS5qcGVn.jpeg,0,0,0,0,1771441861415,23,0.0,,label
31776983,3504445,"The Bricks 009",Various,2024,THEBRICKS009,https://www.discogs.com/release/31776983,https://i.discogs.com/9rE0Cs_vmrdMBKImbYELWAGodiSjHTt4E3qO94uUADc/rs:fit/g:sm/q:40/h:150/w:150/czM6Ly9kaXNjb2dz/LWRhdGFiYXNlLWlt/YWdlcy9SLTMxNzc2/OTgzLTE3MzMzOTc4/OTctNTk3OS5qcGVn.jpeg,0,0,0,0,1771441856398,16,0.0,,label
31805327,3504445,"Downstream Drifting EP","Oliver Moon (2)",2024,DWS003,https://www.discogs.com/release/31805327,https://i.discogs.com/KTU0BH_AgumVUWAqbFx7FCBx-2Kly_hWs30HjUVN6zQ/rs:fit/g:sm/q:40/h:150/w:150/czM6Ly9kaXNjb2dz/LWRhdGFiYXNlLWlt/YWdlcy9SLTMxODA1/MzI3LTE3Mjk4NTAw/MDQtNzg4NS5qcGVn.jpeg,0,0,0,0,1771441856398,3,0.0,,label
31807652,3504445,"Lirica Compilation 001",Various,2024,001,https://www.discogs.com/release/31807652,https://i.discogs.com/6e-L8Duss0KFwKT48acfA6Zu9t9cWJm8btwFLpGyhhc/rs:fit/g:sm/q:40/h:150/w:150/czM6Ly9kaXNjb2dz/LWRhdGFiYXNlLWlt/YWdlcy9SLTMxODA3/NjUyLTE3MjcxMDc0/OTQtNzk2Mi5wbmc.jpeg,0,0,0,0,1771441856398,60,0.0,,label
31882807,1682339,"Temporal Waves","Temporal Waves",2024,"PPR 051",https://www.discogs.com/release/31882807,https://i.discogs.com/elm1WYr5GZxXFD6J0eaaPZYjWhOGssHHzGhWM2upNjI/rs:fit/g:sm/q:40/h:150/w:150/czM6Ly9kaXNjb2dz/LWRhdGFiYXNlLWlt/YWdlcy9SLTMxODgy/ODA3LTE3Mjc4MDU3/MzgtMzk5NS5qcGVn.jpeg,0,0,0,0,1771441854974,8,0.0,,label
31883512,1682339,"Temporal Waves","Temporal Waves",2024,"PPR | 051",https://www.discogs.com/release/31883512,https://i.discogs.com/2nf9Y1Ya0qG5j6yR2zrPvR9TXKqhSU1vOSMwSO3NN6c/rs:fit/g:sm/q:40/h:150/w:150/czM6Ly9kaXNjb2dz/LWRhdGFiYXNlLWlt/YWdlcy9SLTMxODgz/NTEyLTE3Mjc4MTEz/NjAtNzE1MS5qcGVn.jpeg,0,0,0,0,1771441854974,6,0.0,,label
31883824,1798608,"The Serious Cousin","Al Dente (11)",,ANIMA14,https://www.discogs.com/releases/31883824,https://i.discogs.com/O6TexWE3VeUCufSsqfP5WKF8MAIKQKwb_rg9VtJQhrU/rs:fit/g:sm/q:40/h:150/w:150/czM6Ly9kaXNjb2dz/LWRhdGFiYXNlLWlt/YWdlcy9SLTMxODgz/ODI0LTE3Mjc4ODM0/ODktNTU2MC5qcGVn.jpeg,1,0,0,1,1771445244032,7,0.0,,discogs_want
31901491,1592903,Boulder,Cratan,2021,FRS012,https://www.discogs.com/release/31901491,https://i.discogs.com/0DA3uTLOXdaTb206XulfcEeY31aXlLKTWagLiQXwV9o/rs:fit/g:sm/q:40/h:150/w:150/czM6Ly9kaXNjb2dz/LWRhdGFiYXNlLWlt/YWdlcy9SLTMxOTAx/NDkxLTE3Mjc5OTMy/ODctMTI3OC5qcGVn.jpeg,0,0,0,0,1771441866063,18,0.0,,label
31939546,852291,"The Golden Age Of Science Fiction Vol. 6 (Valley Of The Dragons / Island Of Terror)","Ruby Raksin, Malcolm Lockyer",2024,DDR813,https://www.discogs.com/release/31939546,https://i.discogs.com/GKTU2SeMHzUgG9tuFV9ul3uzoRnAyL3BFWkCyOQAlYY/rs:fit/g:sm/q:40/h:150/w:150/czM6Ly9kaXNjb2dz/LWRhdGFiYXNlLWlt/YWdlcy9SLTMxOTM5/NTQ2LTE3Mjg3ODMw/ODUtODAzNS5qcGVn.jpeg,0,0,0,0,1771441866461,34,0.0,,label
31946815,3504445,"Various Artists","Montei / Light Blue File / Dani Labb / Mich (20)",2024,PRYM004,https://www.discogs.com/release/31946815,https://i.discogs.com/qxzzJRiKMX6CDfn608KCbZkxz8rzff_0yAr95aIs_WU/rs:fit/g:sm/q:40/h:150/w:150/czM6Ly9kaXNjb2dz/LWRhdGFiYXNlLWlt/YWdlcy9SLTMxOTQ2/ODE1LTE3Mjk4NDk3/NTEtMzk1My5qcGVn.jpeg,0,0,0,0,1771441856398,4,0.0,,label
31953545,1390196,"Tilda's Goat Stare","Ciel (5), CCL (4)",2024,NAFF023,https://www.discogs.com/release/31953545,https://i.discogs.com/b_3uqSKqUA1ALfx33LBtZ4nkrJgsNMfRqROh9MSg9mY/rs:fit/g:sm/q:40/h:150/w:150/czM6Ly9kaXNjb2dz/LWRhdGFiYXNlLWlt/YWdlcy9SLTMxOTUz/NTQ1LTE3Mjg0ODU2/MjEtMjQ3MS5qcGVn.jpeg,0,0,0,0,1771441853832,29,0.0,,label
31959971,3504445,Shaggaday,"Flipper (20) & Riyu (2)",2024,"CONNECTIONS 02",https://www.discogs.com/release/31959971,https://i.discogs.com/d01K48NkRzptMkZfWAAW9l81YFZ5Zg38JnYb07FyJGI/rs:fit/g:sm/q:40/h:150/w:150/czM6Ly9kaXNjb2dz/LWRhdGFiYXNlLWlt/YWdlcy9SLTMxOTU5/OTcxLTE3Mjg1NTQ4/NjMtMjc2NS5qcGVn.jpeg,0,0,0,0,1771441856398,5,0.0,,label
32008442,3373479,NRG,"Christopher Ledger",2024,HDF003,https://www.discogs.com/release/32008442,https://i.discogs.com/oD8lhkVEw8kNNl1tggbqyO5127NMSthtVlIYX_thSYM/rs:fit/g:sm/q:40/h:150/w:150/czM6Ly9kaXNjb2dz/LWRhdGFiYXNlLWlt/YWdlcy9SLTMyMDA4/NDQyLTE3MjkwMDAx/NjQtOTQwNi5qcGVn.jpeg,0,0,0,0,1771441857364,4,0.0,,label
32110491,1247544,"Twisted Utopia",Jeku,2024,HARMONY017,https://www.discogs.com/release/32110491,https://i.discogs.com/WxKgT-AwS4pD0E3YPb1fbi-HVpglNOW6_FJsHraDDis/rs:fit/g:sm/q:40/h:150/w:150/czM6Ly9kaXNjb2dz/LWRhdGFiYXNlLWlt/YWdlcy9SLTMyMTEw/NDkxLTE3Mjk5NDQy/NDgtMjAxMS5qcGVn.jpeg,0,0,0,0,1771441860116,64,0.0,,label
32122596,1411307,"Zero Market EP",Zolaa.,2020,EYA009,https://www.discogs.com/release/32122596,,0,0,0,0,1771441863643,15,0.0,,label
32123202,921036,"Pentaquark ",Obergman*,2024,"CKNOWEP 63",https://www.discogs.com/release/32123202,https://i.discogs.com/hAZvkj1mLRXhJ9HvoxMZGp4pmCK5rOAwnGprHSNKLHc/rs:fit/g:sm/q:40/h:150/w:150/czM6Ly9kaXNjb2dz/LWRhdGFiYXNlLWlt/YWdlcy9SLTMyMTIz/MjAyLTE3MzAwNTIx/NzktODQ5Ni5qcGVn.jpeg,0,0,0,0,1771441861415,24,0.0,,label
32151717,3504445,"Travelling Across EP","Luis Malon",2024,OPIA017,https://www.discogs.com/release/32151717,https://i.discogs.com/LEIoxUJBCFWWTHsArxZhx-wtmNY3skZKdrQIRn8QM20/rs:fit/g:sm/q:40/h:150/w:150/czM6Ly9kaXNjb2dz/LWRhdGFiYXNlLWlt/YWdlcy9SLTMyMTUx/NzE3LTE3MzAzMTUx/NzQtMjU5MC5qcGVn.jpeg,0,0,0,0,1771441856398,6,0.0,,label
32152068,3504445,"You Are The Music",PersistentRain,2024,EPHCS007,https://www.discogs.com/release/32152068,https://i.discogs.com/R7KX1sLRRmR7poRFbaXwiFwUCp2Z-YkwVM2N6Xdy82E/rs:fit/g:sm/q:40/h:150/w:150/czM6Ly9kaXNjb2dz/LWRhdGFiYXNlLWlt/YWdlcy9SLTMyMTUy/MDY4LTE3NjE2MTE0/ODAtNDk0Ni5qcGVn.jpeg,0,0,0,0,1771441856398,7,0.0,,label
32230512,3504445,"What Reality? EP","Velvet Velour",2024,CHIDO002,https://www.discogs.com/release/32230512,https://i.discogs.com/ahsR2rFiWMjDPvv15PyNfZSHMWkme8qH7W2bgJZG1fA/rs:fit/g:sm/q:40/h:150/w:150/czM6Ly9kaXNjb2dz/LWRhdGFiYXNlLWlt/YWdlcy9SLTMyMjMw/NTEyLTE3MzMzOTc3/OTMtMTMzNy5qcGVn.jpeg,0,0,0,0,1771441856398,8,0.0,,label
32256042,363756,"Blue Desert","Jack J*",2024,MH035,https://www.discogs.com/release/32256042,https://i.discogs.com/1cvYXV5B369nF3Qq_J3Ma7Z8RHJ7AGOgTdn5RyC09KE/rs:fit/g:sm/q:40/h:150/w:150/czM6Ly9kaXNjb2dz/LWRhdGFiYXNlLWlt/YWdlcy9SLTMyMjU2/MDQyLTE3MzEyOTIw/MzUtMTAxMy5qcGVn.jpeg,1,0,0,0,1771423342405,69,0.0,"Track match issue: YouTube API error 403: {
  ""error"": {
    ""code"": 403,
    ""message"": ""Requests to this API youtube method youtube.api.v3.V3DataSearchService.List are blocked."",
    ""errors"": [
      {
        ""message"": ""Requests to this API youtube method youtube.api.v3.V3DataSearchService.List are blocked."",
        ""domain"": ""global"",
        ""reason"": ""forbidden""
      }
    ],
    ""status"": ""PERMISSION_DENIED"",
    ""details"": [
      {
        ""@type"": ""type.googleapis.com/google.rpc.ErrorInfo"",
        ""reason"": ""API_KEY_SERVICE_BLOCKED"",
        ""domain"": ""googleapis.com"",
        ""metadata"": {
          ""consumer"": ""projects/1097707475336"",
          ""apiName"": ""youtube"",
          ""service"": ""youtube.googleapis.com"",
          ""methodName"": ""youtube.api.v3.V3DataSearchService.List""
        }
      },
      {
        ""@type"": ""type.googleapis.com/google.rpc.LocalizedMessage"",
        ""locale"": ""en-US"",
        ""message"": ""Requests to this API youtube method youtube.api.v3.V3DataSearchService.List are blocked.""
      }
    ]
  }
}
",label
32259207,3504445,"OP-5 Story","Severed Heads",2024,PANAVISION01,https://www.discogs.com/release/32259207,https://i.discogs.com/j4m0gQOo6Po0JrRRnbjUoWZ9cPuVKFCbHu9NROnHlYU/rs:fit/g:sm/q:40/h:150/w:150/czM6Ly9kaXNjb2dz/LWRhdGFiYXNlLWlt/YWdlcy9SLTMyMjU5/MjA3LTE3MzMzOTkz/MTItNDM3MS5qcGVn.jpeg,0,0,0,0,1771441856398,10,0.0,,label
32270187,363756,"Blue Desert","Jack J*",2024,MH035,https://www.discogs.com/release/32270187,https://i.discogs.com/nQfYvh90n0Vslz7LYKWTkt42vQTWBf4diQJR9POs2Qo/rs:fit/g:sm/q:40/h:150/w:150/czM6Ly9kaXNjb2dz/LWRhdGFiYXNlLWlt/YWdlcy9SLTMyMjcw/MTg3LTE3MzE5ODY4/NDgtMjYwNy5qcGVn.jpeg,1,0,0,0,1771423345340,70,0.0,"Track match issue: YouTube API error 403: {
  ""error"": {
    ""code"": 403,
    ""message"": ""Requests to this API youtube method youtube.api.v3.V3DataSearchService.List are blocked."",
    ""errors"": [
      {
        ""message"": ""Requests to this API youtube method youtube.api.v3.V3DataSearchService.List are blocked."",
        ""domain"": ""global"",
        ""reason"": ""forbidden""
      }
    ],
    ""status"": ""PERMISSION_DENIED"",
    ""details"": [
      {
        ""@type"": ""type.googleapis.com/google.rpc.ErrorInfo"",
        ""reason"": ""API_KEY_SERVICE_BLOCKED"",
        ""domain"": ""googleapis.com"",
        ""metadata"": {
          ""service"": ""youtube.googleapis.com"",
          ""apiName"": ""youtube"",
          ""methodName"": ""youtube.api.v3.V3DataSearchService.List"",
          ""consumer"": ""projects/1097707475336""
        }
      },
      {
        ""@type"": ""type.googleapis.com/google.rpc.LocalizedMessage"",
        ""locale"": ""en-US"",
        ""message"": ""Requests to this API youtube method youtube.api.v3.V3DataSearchService.List are blocked.""
      }
    ]
  }
}
",label
32282763,852291,"The Intruder Within / Starcrossed (Original Scores From The Motion Pictures)","Gil Mellé",2024,DDR817,https://www.discogs.com/release/32282763,https://i.discogs.com/ppO2aRBxlGCo2Cg4XA2L-Q0TWtkl8aWS7DNHlfhlZbI/rs:fit/g:sm/q:40/h:150/w:150/czM6Ly9kaXNjb2dz/LWRhdGFiYXNlLWlt/YWdlcy9SLTMyMjgy/NzYzLTE3MzE1MzU2/MzctMTc1My5qcGVn.jpeg,0,0,0,0,1771441866461,37,0.0,,label
32306172,847737,"Met Him On A Wednesday","Ed Rain",2024,MTLP0013,https://www.discogs.com/release/32306172,https://i.discogs.com/FZ4Mss2sAh-VMna1KhcqCF5G74q-LpW2_fhlgx_pGvk/rs:fit/g:sm/q:40/h:150/w:150/czM6Ly9kaXNjb2dz/LWRhdGFiYXNlLWlt/YWdlcy9SLTMyMzA2/MTcyLTE3Mzg3MDA5/NzYtODg5MC5qcGVn.jpeg,0,0,0,0,1771441863768,99,0.0,,label
32330601,852291,"The Golden Age Of Horror Vol. 1 (Dr. Terror's House Of Horrors / The Skull / Paranoiac)","Elisabeth Lutyens",2024,DDR812,https://www.discogs.com/release/32330601,https://i.discogs.com/IWz6Cvv6Q7Es7RZvhkBHqms_s0tjSvH9lEgvM5Lf1H8/rs:fit/g:sm/q:40/h:150/w:150/czM6Ly9kaXNjb2dz/LWRhdGFiYXNlLWlt/YWdlcy9SLTMyMzMw/NjAxLTE3MzE5ODE4/NjMtNTI0Mi5qcGVn.jpeg,0,0,0,0,1771441866461,38,0.0,,label
32339157,852291,"Night Of The Living Dead (Original Score From The Motion Picture)","Paul McCollough",2024,DDR834,https://www.discogs.com/release/32339157,https://i.discogs.com/N3s8MwZBor_nIBLQu_THJ_tue-yWpTe4M45xJXuNyD0/rs:fit/g:sm/q:40/h:150/w:150/czM6Ly9kaXNjb2dz/LWRhdGFiYXNlLWlt/YWdlcy9SLTMyMzM5/MTU3LTE3MzIwNjU4/NzItNTUzNC5qcGVn.jpeg,0,0,0,0,1771441866461,41,0.0,,label
32348493,852291,"I, Desire (Original Motion Picture Soundtrack)","Don Peake",2024,DDR837,https://www.discogs.com/release/32348493,https://i.discogs.com/mEq3aFFy6n8QP3KCKMFqYlltJRr6Fz9MTFP23gpmoXY/rs:fit/g:sm/q:40/h:150/w:150/czM6Ly9kaXNjb2dz/LWRhdGFiYXNlLWlt/YWdlcy9SLTMyMzQ4/NDkzLTE3MzIxNTI1/MzktMTM0MC5qcGVn.jpeg,0,0,0,0,1771441866461,42,0.0,,label
32405301,1592903,Gokaider,"Mazewski & Verlake",2024,FRS-DS001,https://www.discogs.com/release/32405301,https://i.discogs.com/I2KUvqRHwF_xY5O3we_bGor91sUO-4cCuISHCiXx5hw/rs:fit/g:sm/q:40/h:150/w:150/czM6Ly9kaXNjb2dz/LWRhdGFiYXNlLWlt/YWdlcy9SLTMyNDA1/MzAxLTE3MzI2NDM0/MDEtMjc0MC5qcGVn.jpeg,0,0,0,0,1771441866063,2,0.0,,label
32420079,1390196,"Soft Focus",pondlicker,2024,NAFF024,https://www.discogs.com/release/32420079,https://i.discogs.com/BlgdZt-pTYO6vWf_I_fdXuDnelqg56Ge78LHiPtUIcw/rs:fit/g:sm/q:40/h:150/w:150/czM6Ly9kaXNjb2dz/LWRhdGFiYXNlLWlt/YWdlcy9SLTMyNDIw/MDc5LTE3MzI4MDE4/ODEtNjkzOS5qcGVn.jpeg,0,0,0,0,1771441853832,30,0.0,,label
32480748,3504445,"Fiesta Demente EP","Andy Somoza, Aka Juanjo",2024,G002,https://www.discogs.com/release/32480748,https://i.discogs.com/PRGCkHF-ZyzxBWhJn5C0C_r6HtHDUSpC3yz5KFEXa2s/rs:fit/g:sm/q:40/h:150/w:150/czM6Ly9kaXNjb2dz/LWRhdGFiYXNlLWlt/YWdlcy9SLTMyNDgw/NzQ4LTE3MzM0MDIw/NDAtODMxNS5qcGVn.jpeg,0,0,0,0,1771441856398,11,0.0,,label
32481222,1411307,"All Possible Futures 001 presents Rebalance ","Unknown Artist",,APF001,https://www.discogs.com/release/32481222,https://i.discogs.com/pg7zk_cwi0SSOOnuMW3wLiwyLod-nmwUFmCBm50WTWw/rs:fit/g:sm/q:40/h:150/w:150/czM6Ly9kaXNjb2dz/LWRhdGFiYXNlLWlt/YWdlcy9SLTMyNDgx/MjIyLTE3MzM0MDY5/OTMtODMxNS5qcGVn.jpeg,1,1,0,0,1771441865645,0,1.0,,label
32586567,1682339,"Shift Circuit","Kamra (3)",2024,PPR057,https://www.discogs.com/release/32586567,https://i.discogs.com/NmdBB2IhjZkKsgdEzh0i0ZoBCseGcQ-g5tRWnrdUvas/rs:fit/g:sm/q:40/h:150/w:150/czM6Ly9kaXNjb2dz/LWRhdGFiYXNlLWlt/YWdlcy9SLTMyNTg2/NTY3LTE3MzQzOTMz/MDQtOTY5NC5qcGVn.jpeg,0,0,0,0,1771441854974,11,0.0,,label
32619477,921036,"Pioneers EP","Derek Carr",2018,CKNOWEP10,https://www.discogs.com/release/32619477,https://i.discogs.com/MJYmE-MZWYlYh8geul9ADV9YHiNqsSXIxJU4-eSKCCo/rs:fit/g:sm/q:40/h:150/w:150/czM6Ly9kaXNjb2dz/LWRhdGFiYXNlLWlt/YWdlcy9SLTMyNjE5/NDc3LTE3MzQ3MTAw/MzQtOTMyMS5qcGVn.jpeg,0,0,0,0,1771441861415,31,0.0,,label
32648355,1056771,"The Medusa Hunter","Caim (10)",,LONELY009,https://www.discogs.com/releases/32648355,https://i.discogs.com/yi1BrG_B5mCSvMBFkHY3M0mo8FIdeUHfDmuW11f9-bo/rs:fit/g:sm/q:40/h:150/w:150/czM6Ly9kaXNjb2dz/LWRhdGFiYXNlLWlt/YWdlcy9SLTMyNjQ4/MzU1LTE3NDQ2NzE3/NzAtODkzNy5wbmc.jpeg,1,0,0,1,1771445244032,35,0.0,,discogs_want
32695398,921036,"Far Away Places","Escape Artist (2)",2024,CKNOWEP38,https://www.discogs.com/release/32695398,https://i.discogs.com/9YH5ssWdofBwoLnbq7ncdS40YsSNYr9sRG407hL9R9o/rs:fit/g:sm/q:40/h:150/w:150/czM6Ly9kaXNjb2dz/LWRhdGFiYXNlLWlt/YWdlcy9SLTMyNjk1/Mzk4LTE3MzU0Nzkz/NzgtNTA2Mi5qcGVn.jpeg,0,0,0,0,1771441861415,74,0.0,,label
32796696,1592903,"Flip To Raw","Torn Hawk",2025,FRS031,https://www.discogs.com/release/32796696,https://i.discogs.com/WSbgdn2zK_Rku0qML5cjbuhqTm-NVYrDqzZd9ONvYQI/rs:fit/g:sm/q:40/h:150/w:150/czM6Ly9kaXNjb2dz/LWRhdGFiYXNlLWlt/YWdlcy9SLTMyNzk2/Njk2LTE3MzY0Mzcw/NDctNjM0Mi5qcGVn.jpeg,0,0,0,0,1771441866063,47,0.0,,label
32862162,852291,"Miracle Mile (Original MGM Motion Picture Soundtrack)","Tangerine Dream",2017,DDR633,https://www.discogs.com/release/32862162,https://i.discogs.com/ds2barc8ATAGa2a79JdRVZz_zZ9Qk3TbSadJDy56xc8/rs:fit/g:sm/q:40/h:150/w:150/czM6Ly9kaXNjb2dz/LWRhdGFiYXNlLWlt/YWdlcy9SLTMyODYy/MTYyLTE3MzcwNTUx/NjUtOTMyNi5qcGVn.jpeg,0,0,0,0,1771441866461,43,0.0,,label
32885460,852291,"Gold Of The Amazon Women (Original Score From The Motion Picture)","Gil Mellé",2025,DDR827,https://www.discogs.com/release/32885460,https://i.discogs.com/a7CSRYsJq0vBkNJ9OGiaC6vMC1HU5BsT34narzn3uCY/rs:fit/g:sm/q:40/h:150/w:150/czM6Ly9kaXNjb2dz/LWRhdGFiYXNlLWlt/YWdlcy9SLTMyODg1/NDYwLTE3MzcyNjY3/NzYtNjA2NS5qcGVn.jpeg,0,0,0,0,1771441866461,44,0.0,,label
32934399,487390,"V.A. Vol.1",Various,,OUTVA001,https://www.discogs.com/releases/32934399,https://i.discogs.com/pDEqRR9-xppiA8ULYf5Vu0qFw0aWfi4HIGOFO4XKgvQ/rs:fit/g:sm/q:40/h:150/w:150/czM6Ly9kaXNjb2dz/LWRhdGFiYXNlLWlt/YWdlcy9SLTMyOTM0/Mzk5LTE3NDEzNzA1/MjktNTEwMS5qcGVn.jpeg,1,0,0,1,1771445244032,42,0.0,,discogs_want
33002763,852291,"The Golden Age Of Science Fiction Vol. 7 (The Time Travelers / Journey To The Seventh Planet / Reptilicus)",Various,2025,DDR824,https://www.discogs.com/release/33002763,https://i.discogs.com/7cFG8adcwp-hTjRk3FOY-0njENVHc1DHK4ExFo8MR2I/rs:fit/g:sm/q:40/h:150/w:150/czM6Ly9kaXNjb2dz/LWRhdGFiYXNlLWlt/YWdlcy9SLTMzMDAy/NzYzLTE3Mzg1NDY2/ODktOTM2OS5qcGVn.jpeg,0,0,0,0,1771441866461,45,0.0,,label
33026256,1247544,EC359,Various,2025,HARMONY018,https://www.discogs.com/release/33026256,https://i.discogs.com/n0maHJA5bjU7qbv7iDFMkKwkFKDWpn61fKCiT9dyu98/rs:fit/g:sm/q:40/h:150/w:150/czM6Ly9kaXNjb2dz/LWRhdGFiYXNlLWlt/YWdlcy9SLTMzMDI2/MjU2LTE3Mzg1MDU2/MzItNTE5MS5qcGVn.jpeg,0,0,0,0,1771441860116,65,0.0,,label
33026286,1247544,EC359,Various,2025,HARMONY018,https://www.discogs.com/release/33026286,,0,0,0,0,1771441860116,66,0.0,,label
33055125,1927891,"Nobody Cares Till Everybody Does","Kofi Stone",,TC005,https://www.discogs.com/releases/33055125,https://i.discogs.com/3GmrNcoDjgeejcksFD33ZRmbLMew-iRqyXtu2iQyDb8/rs:fit/g:sm/q:40/h:150/w:150/czM6Ly9kaXNjb2dz/LWRhdGFiYXNlLWlt/YWdlcy9SLTMzMDU1/MTI1LTE3Mzg4NTI5/MDctMzExOS5qcGVn.jpeg,1,0,0,1,1771445244032,62,0.0,,discogs_want
33066594,1798608,Biome,o.utlier,2025,ANIMA15,https://www.discogs.com/release/33066594,https://i.discogs.com/9hHTzQPtqbVlOOd24nAhaqzWimH6MIJCiXJWGZZH5yY/rs:fit/g:sm/q:40/h:150/w:150/czM6Ly9kaXNjb2dz/LWRhdGFiYXNlLWlt/YWdlcy9SLTMzMDY2/NTk0LTE3Mzg4ODM0/NTctMjY4MC5qcGVn.jpeg,1,1,1,0,1771450723856,6,1.0,,label
33069279,921036,"Sceptical Soul","Domenic Cappello",2025,"CKNOWEP 64",https://www.discogs.com/release/33069279,https://i.discogs.com/qq0aWsooha34W-Vy0-hs1pNs7pQbA6MHXzSLEbX-SLQ/rs:fit/g:sm/q:40/h:150/w:150/czM6Ly9kaXNjb2dz/LWRhdGFiYXNlLWlt/YWdlcy9SLTMzMDY5/Mjc5LTE3Mzk0Nzg2/OTktNzM3MC5qcGVn.jpeg,0,0,0,0,1771441861415,25,0.0,,label
33244023,1682339,Problematica,"India Gailey",2024,PPR050,https://www.discogs.com/release/33244023,https://i.discogs.com/xO-Y5Vmge3cEWV4rErACe2ulWnTkTrCUsOIR8ceLbF0/rs:fit/g:sm/q:40/h:150/w:150/czM6Ly9kaXNjb2dz/LWRhdGFiYXNlLWlt/YWdlcy9SLTMzMjQ0/MDIzLTE3NDA0ODgx/OTEtNTcyNC5qcGVn.jpeg,0,0,0,0,1771441854974,10,0.0,,label
33320016,1592903,Guidance,"Daystar (10)",2025,FRS032,https://www.discogs.com/release/33320016,https://i.discogs.com/COh-t4_6b61eUW4_p0bJxWYAnQgRDlIkgdvFareht9c/rs:fit/g:sm/q:40/h:150/w:150/czM6Ly9kaXNjb2dz/LWRhdGFiYXNlLWlt/YWdlcy9SLTMzMzIw/MDE2LTE3NDQ3NzM2/MDUtNDE4MS5qcGVn.jpeg,0,0,0,0,1771441866063,48,0.0,,label
33394232,1120990,Apego,Juaan,2025,OYSTER67,https://www.discogs.com/release/33394232,https://i.discogs.com/jkBguuJpW_TzQV9-WxUlIbUv_kQijn0czOixh_YeJCU/rs:fit/g:sm/q:40/h:150/w:150/czM6Ly9kaXNjb2dz/LWRhdGFiYXNlLWlt/YWdlcy9SLTMzMzk0/MjMyLTE3NDE4NjEz/MDMtNjc5Mi5qcGVn.jpeg,0,0,0,0,1771441850683,24,0.0,,label
33397700,1390196,Serpentine,"OK EG, Priori (2)",2025,ANINAFF02,https://www.discogs.com/release/33397700,https://i.discogs.com/zM6bDi1m3ziDHGAtP57VaFW55aOmBBetcWXdaA4a-FE/rs:fit/g:sm/q:40/h:150/w:150/czM6Ly9kaXNjb2dz/LWRhdGFiYXNlLWlt/YWdlcy9SLTMzMzk3/NzAwLTE3NDQ3NDcw/OTYtOTEyMi5qcGVn.jpeg,1,1,0,0,1771441855883,0,1.0,,label
33402446,852291,"The Golden Age Of Horror, Vol. 2 (The Shuttered Room / The Deathhead Virgin / Hand Of Death)","Basil Kirchin, Richard LaSalle, Sonny Burke",2025,DDR823,https://www.discogs.com/release/33402446,https://i.discogs.com/iLc82mr5POwHeu5gRILfX-D6SikaFY_4Aqk_A8_CDoc/rs:fit/g:sm/q:40/h:150/w:150/czM6Ly9kaXNjb2dz/LWRhdGFiYXNlLWlt/YWdlcy9SLTMzNDAy/NDQ2LTE3NjcwMDA1/ODYtOTIwOC5qcGVn.jpeg,0,0,0,0,1771441866461,48,0.0,,label
33408602,3504445,NSR012,"Picasso (20)",2025,NSR012,https://www.discogs.com/release/33408602,https://i.discogs.com/AwVKZJ2f3u29yd8GCehxGG6myvJa8gcLXNcJlfGoRjw/rs:fit/g:sm/q:40/h:150/w:150/czM6Ly9kaXNjb2dz/LWRhdGFiYXNlLWlt/YWdlcy9SLTMzNDA4/NjAyLTE3NDI5MjAw/MjktNzA5NC5qcGVn.jpeg,0,0,0,0,1771441856398,12,0.0,,label
33414860,3504445,"Jooice V.A 01",Various,2025,"Jooice 006",https://www.discogs.com/release/33414860,https://i.discogs.com/J2-hSV11BvUfDBgl5Pghf41WudtX8VC3-cGZemajDbM/rs:fit/g:sm/q:40/h:150/w:150/czM6Ly9kaXNjb2dz/LWRhdGFiYXNlLWlt/YWdlcy9SLTMzNDE0/ODYwLTE3NDI5MTk0/NzctMjgxMy5qcGVn.jpeg,0,0,0,0,1771441856398,13,0.0,,label
33448751,1247544,"Align Align",Jamida,2025,HARMONY-X001,https://www.discogs.com/release/33448751,https://i.discogs.com/RfHtDIcC3KC2lcw7aerOLxnOCcyBIY43g-Tij9s7Ib0/rs:fit/g:sm/q:40/h:150/w:150/czM6Ly9kaXNjb2dz/LWRhdGFiYXNlLWlt/YWdlcy9SLTMzNDQ4/NzUxLTE3NjcyMDY0/MjEtMzY2NS5qcGVn.jpeg,1,1,0,0,1771441880722,1,1.0,,label
33509885,1287914,"The Edge Of Night (Gatefold)","Matthias (52)",2025,"superluminal 01",https://www.discogs.com/release/33509885,https://i.discogs.com/qWA_--ntMdvcBZZ6GeKJ7FIBeddJ2DbBUdRzPXmeqvw/rs:fit/g:sm/q:40/h:150/w:150/czM6Ly9kaXNjb2dz/LWRhdGFiYXNlLWlt/YWdlcy9SLTMzNTA5/ODg1LTE3NDI5MTQw/NjUtMzQ4Ni5qcGVn.jpeg,0,0,0,0,1771441851663,7,0.0,,label
33536796,3504445,"Untitled One",Felon5,2025,FEL001,https://www.discogs.com/release/33536796,https://i.discogs.com/uaO9vbM0bSY0dsYBPyKJsXPD6KPh8qVNec1D_Twi65I/rs:fit/g:sm/q:40/h:150/w:150/czM6Ly9kaXNjb2dz/LWRhdGFiYXNlLWlt/YWdlcy9SLTMzNTM2/Nzk2LTE3NDMxNTc5/OTItMjg3Mi5qcGVn.jpeg,0,0,0,0,1771441856398,14,0.0,,label
33578844,852291,"Slipstream (Original Motion Picture Soundtrack)","Elmer Bernstein, London Symphony Orchestra",2025,DDR848,https://www.discogs.com/release/33578844,https://i.discogs.com/WdZw6NAAUzQOcW_NHlw-U_TQbb33x_xly8MhtyXS4QQ/rs:fit/g:sm/q:40/h:150/w:150/czM6Ly9kaXNjb2dz/LWRhdGFiYXNlLWlt/YWdlcy9SLTMzNTc4/ODQ0LTE3NDQ0OTgy/NjAtNDQ2NC5qcGVn.jpeg,0,0,0,0,1771441866461,51,0.0,,label
33590103,3504445,"Time Piercer EP",Anazanaut,2025,"TLPA 02",https://www.discogs.com/release/33590103,https://i.discogs.com/qH6fV9wcb5WwYEg0bhXP-c2RpKTWrbye9zkOL1K90fU/rs:fit/g:sm/q:40/h:150/w:150/czM6Ly9kaXNjb2dz/LWRhdGFiYXNlLWlt/YWdlcy9SLTMzNTkw/MTAzLTE3NDM2Njcy/MzEtNTExNy5wbmc.jpeg,0,0,0,0,1771441856398,15,0.0,,label
33785445,1411307,"The Plan EP","Mennie (2)",2025,EYA029,https://www.discogs.com/release/33785445,https://i.discogs.com/V_HKt79PG86gBAxTNCy8x7sLn5zfMU2L5zL5GVVv9mM/rs:fit/g:sm/q:40/h:150/w:150/czM6Ly9kaXNjb2dz/LWRhdGFiYXNlLWlt/YWdlcy9SLTMzNzg1/NDQ1LTE3NDk0OTc0/OTYtNTAxNS5qcGVn.jpeg,0,0,0,0,1771441863643,37,0.0,,label
33792720,3373479,"Matter Of Time","Christopher Ledger",2025,HDF004,https://www.discogs.com/release/33792720,https://i.discogs.com/M8SgtbFDc4NuCbd_xtHcGcdIsYdds7Y-7HhpObQDeLg/rs:fit/g:sm/q:40/h:150/w:150/czM6Ly9kaXNjb2dz/LWRhdGFiYXNlLWlt/YWdlcy9SLTMzNzky/NzIwLTE3NDU0Nzg1/NTctMjI3Ni5qcGVn.jpeg,0,0,0,0,1771441857364,6,0.0,,label
33796983,1483632,"Contact In the Zone","Sweater (7)",,BLKMUSIC014,https://www.discogs.com/releases/33796983,https://i.discogs.com/bCdG3qubX7MGaf4h1FIuwlbh7izxOPmPZ10ao8VjxLM/rs:fit/g:sm/q:40/h:150/w:150/czM6Ly9kaXNjb2dz/LWRhdGFiYXNlLWlt/YWdlcy9SLTMzNzk2/OTgzLTE3NDcyMzE2/OTQtNjkxOS5qcGVn.jpeg,1,0,0,1,1771445244032,16,0.0,,discogs_want
33806655,852291,"Gerald Fried Disasters! - Disaster On The Coastliner / Condominium","Gerald Fried",2025,DDR852,https://www.discogs.com/release/33806655,https://i.discogs.com/dUoUGOjADY2BgvcVdL1-7T98IdlZka94gyBEOiynrJk/rs:fit/g:sm/q:40/h:150/w:150/czM6Ly9kaXNjb2dz/LWRhdGFiYXNlLWlt/YWdlcy9SLTMzODA2/NjU1LTE3NDU1OTgy/NTgtNzc1MC5qcGVn.jpeg,0,0,0,0,1771441866461,52,0.0,,label
33840246,1798608,"Temporal Blend ",Shoal,2025,ANIMA16,https://www.discogs.com/release/33840246,https://i.discogs.com/1OC5VEsFmm2DlXrMLEvJ3H6j1cusEDZ1CSPl34Q_bS4/rs:fit/g:sm/q:40/h:150/w:150/czM6Ly9kaXNjb2dz/LWRhdGFiYXNlLWlt/YWdlcy9SLTMzODQw/MjQ2LTE3NDU5MTg5/NTItNDU4MS5qcGVn.jpeg,1,1,1,0,1771451144866,7,1.0,,label
33843876,1015857,"Butter EP","Miro SundayMusiq",2017,"AOP 002",https://www.discogs.com/release/33843876,,1,0,0,0,1771444120129,3,0.0,"Track match issue: FOREIGN KEY constraint failed",label
33852378,852291,"The Golden Age Of Science Fiction Vol. 8 (The Day Mars Invaded Earth / Flight To Mars /  12 To The Moon / Target Earth)","Richard LaSalle, Marlin Skiles, Michael Anderson*, Paul Dunlap",2025,DDR826,https://www.discogs.com/release/33852378,https://i.discogs.com/6lDC4od9lnZHizm_cK_yxoOPxA-atyYp1JstS2hVDHY/rs:fit/g:sm/q:40/h:150/w:150/czM6Ly9kaXNjb2dz/LWRhdGFiYXNlLWlt/YWdlcy9SLTMzODUy/Mzc4LTE3NDYwMjU1/MDAtODMwMi5qcGVn.jpeg,0,0,0,0,1771441866461,53,0.0,,label
33995250,1592903,"The Rush","SPF 50",2025,FRS033,https://www.discogs.com/release/33995250,https://i.discogs.com/yE043p8xNqsRn5K-Jr0ybDYiHgV62AR4ASbgdh0pTmo/rs:fit/g:sm/q:40/h:150/w:150/czM6Ly9kaXNjb2dz/LWRhdGFiYXNlLWlt/YWdlcy9SLTMzOTk1/MjUwLTE3NDg3MTU3/NTUtMTY2NS5qcGVn.jpeg,0,0,0,0,1771441866063,49,0.0,,label
34025028,473973,"Opcion1 EP",Juaan,2025,"AOD 019",https://www.discogs.com/release/34025028,https://i.discogs.com/NLqOD8kHb_qvLcAUN5KMrd_eKd8ZfXypAph7T4bNqN8/rs:fit/g:sm/q:40/h:150/w:150/czM6Ly9kaXNjb2dz/LWRhdGFiYXNlLWlt/YWdlcy9SLTM0MDI1/MDI4LTE3NDc3MDQ1/NjItODc1Mi5qcGVn.jpeg,1,1,0,0,1771441878764,1,1.0,,label
34035327,1390196,"This But More (Loidis Reconfiguration)","Priori (2), Loidis",2025,NAFF026,https://www.discogs.com/release/34035327,https://i.discogs.com/TBA5H1RRe_YU3HyY7dB8BR1rpHXzHk_8n2IfTwF5HIY/rs:fit/g:sm/q:40/h:150/w:150/czM6Ly9kaXNjb2dz/LWRhdGFiYXNlLWlt/YWdlcy9SLTM0MDM1/MzI3LTE3NDc3NTk4/MzgtOTgxOC5qcGVn.jpeg,0,0,0,0,1771441853832,31,0.0,,label
34035426,1390196,"This but More (Loidis Reconfiguration)","Priori (2)",2025,NAFF026,https://www.discogs.com/release/34035426,https://i.discogs.com/wusTyuNzjSRVQJxVXYWb5OBuN18pzQBZ2Xx_qoAmT70/rs:fit/g:sm/q:40/h:150/w:150/czM6Ly9kaXNjb2dz/LWRhdGFiYXNlLWlt/YWdlcy9SLTM0MDM1/NDI2LTE3NTU0NTY5/MzUtMzc0Mi5qcGVn.jpeg,0,0,0,0,1771441853832,32,0.0,,label
34093834,3504445,Voices,Jewellery,2025,LIRICA002,https://www.discogs.com/release/34093834,https://i.discogs.com/enmuBo5Tf9VyQe9P817ELjtBi-aYY3ioaTqq-Bm-Jbs/rs:fit/g:sm/q:40/h:150/w:150/czM6Ly9kaXNjb2dz/LWRhdGFiYXNlLWlt/YWdlcy9SLTM0MDkz/ODM0LTE3NjgzODcz/MDUtNTg1NS5qcGVn.jpeg,0,0,0,0,1771441856398,62,0.0,,label
34096642,147719,"チャー坊追悼ライブ","裸のラリーズ*",,none,https://www.discogs.com/release/34096642,https://i.discogs.com/OnDrE_HLXHaWpfjpcR9s0QpfOUshYduHt3v_GWsUAP4/rs:fit/g:sm/q:40/h:150/w:150/czM6Ly9kaXNjb2dz/LWRhdGFiYXNlLWlt/YWdlcy9SLTM0MDk2/NjQyLTE3NDgzNDMw/MTQtMzUyMC5qcGVn.jpeg,0,0,0,0,1771441865977,5,0.0,,label
34100077,1927891,"Nobody Cares Till Everybody Does","Kofi Stone",,TC005,https://www.discogs.com/releases/34100077,https://i.discogs.com/z4-MAsPehnXnJyAbzqf-U6mfp_WU0tllzN42aZkTFAE/rs:fit/g:sm/q:40/h:150/w:150/czM6Ly9kaXNjb2dz/LWRhdGFiYXNlLWlt/YWdlcy9SLTM0MTAw/MDc3LTE3NDkyMTU0/OTItMzIwMS5qcGVn.jpeg,1,0,0,1,1771445244032,63,0.0,,discogs_want
34105114,3504445,"Syncrosonix EP","The Eyes Of Goa",,HDK-2,https://www.discogs.com/release/34105114,https://i.discogs.com/xLaMlIJH0b95nZR7ARJUjwDO9A1SBk_MxnuJrp3lUV4/rs:fit/g:sm/q:40/h:150/w:150/czM6Ly9kaXNjb2dz/LWRhdGFiYXNlLWlt/YWdlcy9SLTM0MTA1/MTE0LTE3NDg0MzA1/ODItODI4NS5qcGVn.jpeg,1,1,0,0,1771441860113,0,1.0,,label
34115107,3504445,"Shifting Life",Various,,FLUYO04,https://www.discogs.com/release/34115107,https://i.discogs.com/JokT108JgtHEFOxsRercKplPU2ghhlnb43Bh8YjDxHs/rs:fit/g:sm/q:40/h:150/w:150/czM6Ly9kaXNjb2dz/LWRhdGFiYXNlLWlt/YWdlcy9SLTM0MTE1/MTA3LTE3NDg1MjQx/MTktNzU1My5qcGVn.jpeg,0,0,0,0,1771441856398,18,0.0,,label
34189306,3504445,"Montevideo Dystopia","Nico Lampariello",2025,PRYM005,https://www.discogs.com/release/34189306,https://i.discogs.com/Y1E-RfjtMxoQdxVaos9YgKPL0lf_y2Yk5YoN6bnVL8U/rs:fit/g:sm/q:40/h:150/w:150/czM6Ly9kaXNjb2dz/LWRhdGFiYXNlLWlt/YWdlcy9SLTM0MTg5/MzA2LTE3NDk0NTg4/MDEtODcwMi5qcGVn.jpeg,0,0,0,0,1771441856398,19,0.0,,label
34189378,3504445,"Revenant EP","Jack Michael, The Apricots (3)",2025,ORBLDN007,https://www.discogs.com/release/34189378,https://i.discogs.com/AUYKXrWoPfiONcCP7LyDMqJ4FHgudSnv2R7H0mjaq80/rs:fit/g:sm/q:40/h:150/w:150/czM6Ly9kaXNjb2dz/LWRhdGFiYXNlLWlt/YWdlcy9SLTM0MTg5/Mzc4LTE3NTIwOTEz/NTYtODUzOC5qcGVn.jpeg,0,0,0,0,1771441856398,20,0.0,,label
34203577,1247544,"Night Out","Alfred Czital & Ayū",2025,HARMONY019,https://www.discogs.com/release/34203577,https://i.discogs.com/QB3lVWatX_FZKCLJsWoqLqMhFMpa6pJG8z9WBuYOUZg/rs:fit/g:sm/q:40/h:150/w:150/czM6Ly9kaXNjb2dz/LWRhdGFiYXNlLWlt/YWdlcy9SLTM0MjAz/NTc3LTE3NTAyNDM1/OTktODQ5Mi5qcGVn.jpeg,0,0,0,0,1771441860116,67,0.0,,label
34223494,147719,"December's Black Children - Shibuya Yaneura 1980/12/13","Les Rallizes Denudes",1989,none,https://www.discogs.com/release/34223494,https://i.discogs.com/GVII-st40W2NBmc_rFsavkRAoveRe4EDqKJQknRJobw/rs:fit/g:sm/q:40/h:150/w:150/czM6Ly9kaXNjb2dz/LWRhdGFiYXNlLWlt/YWdlcy9SLTM0MjIz/NDk0LTE3NDk1MDA2/NTMtNDgxMS5qcGVn.jpeg,0,0,0,0,1771441865977,4,0.0,,label
34249708,852291,"Too Late The Hero  (Original Motion Picture Score)","Gerald Fried",2025,DDR889,https://www.discogs.com/release/34249708,https://i.discogs.com/8VtKQ0yPPY-B-SKvDv4aYmjjNQAuQ3hzatX38OsoFqY/rs:fit/g:sm/q:40/h:150/w:150/czM6Ly9kaXNjb2dz/LWRhdGFiYXNlLWlt/YWdlcy9SLTM0MjQ5/NzA4LTE3NDk5NDU0/MjAtODI0Mi5qcGVn.jpeg,0,0,0,0,1771441866461,56,0.0,,label
34281835,1015857,"E-Tribes EP",Krijka,2025,AOP010,https://www.discogs.com/release/34281835,https://i.discogs.com/QlWHEvMaLQjCtPeWJBYNcuCB94z-z7S-TeAlLIoYzOc/rs:fit/g:sm/q:40/h:150/w:150/czM6Ly9kaXNjb2dz/LWRhdGFiYXNlLWlt/YWdlcy9SLTM0Mjgx/ODM1LTE3NTI1ODY3/ODYtMTQxMS5qcGVn.jpeg,1,1,0,0,1771444154028,14,1.0,"Track match issue: FOREIGN KEY constraint failed",label
34311811,1390196,"Nothingburger EP","Car Culture",2025,NAFF028EP,https://www.discogs.com/release/34311811,https://i.discogs.com/7Ghvh4yshkCKXUObuJYsZbCliMMNJtYqj6o7kwHGKac/rs:fit/g:sm/q:40/h:150/w:150/czM6Ly9kaXNjb2dz/LWRhdGFiYXNlLWlt/YWdlcy9SLTM0MzEx/ODExLTE3NTIwOTI1/NjAtNjMyMS5qcGVn.jpeg,0,0,0,0,1771441853832,35,0.0,,label
34338670,1390196,"Nothingburger EP","Car Culture",2024,none,https://www.discogs.com/release/34338670,https://i.discogs.com/Wn4w3OnzL2B2uHdeXQgpLiRMbHQrHA97Fnm-4HE7QCw/rs:fit/g:sm/q:40/h:150/w:150/czM6Ly9kaXNjb2dz/LWRhdGFiYXNlLWlt/YWdlcy9SLTM0MzM4/NjcwLTE3NTA1ODcx/OTMtMjA1OC5qcGVn.jpeg,0,0,0,0,1771441853832,40,0.0,,label
34463545,852291,"The Inquirer: The Film Music of Bernard Herrmann","Bernard Herrmann",2025,DDR868,https://www.discogs.com/release/34463545,https://i.discogs.com/tydoOY6P9gm1xVjKelKe3j5vXAal2eq1MQSLYCXPPCo/rs:fit/g:sm/q:40/h:150/w:150/czM6Ly9kaXNjb2dz/LWRhdGFiYXNlLWlt/YWdlcy9SLTM0NDYz/NTQ1LTE3NTQzOTUz/MTItNDYwNy5qcGVn.jpeg,0,0,0,0,1771441866461,57,0.0,,label
34483018,847737,"Met Him On A Wednesday Remixes","Ed Rain feat. Fantastic Twins",2025,MT0036,https://www.discogs.com/release/34483018,https://i.discogs.com/tAkfKDeIiXIy6166xV5LC5HZ_gI_FSfy6D1ePmG8gRo/rs:fit/g:sm/q:40/h:150/w:150/czM6Ly9kaXNjb2dz/LWRhdGFiYXNlLWlt/YWdlcy9SLTM0NDgz/MDE4LTE3NTE5Nzgw/MjUtOTU0Mi5qcGVn.jpeg,0,0,0,0,1771441863768,58,0.0,,label
34503580,1592903,"No Haterade EP","Gladstone Deluxe",2025,FRS034,https://www.discogs.com/release/34503580,https://i.discogs.com/HPJpk_drBWYIFDUrQpiTV1og5ZBM74yYkaU4ae7_0m4/rs:fit/g:sm/q:40/h:150/w:150/czM6Ly9kaXNjb2dz/LWRhdGFiYXNlLWlt/YWdlcy9SLTM0NTAz/NTgwLTE3NTIxNzkw/MDAtMjUxOS5qcGVn.jpeg,0,0,0,0,1771441866063,50,0.0,,label
34536832,1120990,"Fancy Feast EP","Maara (2)",2022,OYSTER41,https://www.discogs.com/release/34536832,https://i.discogs.com/UlpEjKlYCzEMGVgzyv8Zn0LPGfZ1-XGHssNhyPzYgH0/rs:fit/g:sm/q:40/h:150/w:150/czM6Ly9kaXNjb2dz/LWRhdGFiYXNlLWlt/YWdlcy9SLTM0NTM2/ODMyLTE3NTMwNDM1/MTYtMjgyMC5qcGVn.jpeg,0,0,0,0,1771441850683,77,0.0,,label
34537243,1120990,"Sans Musique",Sansibar,2021,OYSTER34,https://www.discogs.com/release/34537243,https://i.discogs.com/Vlv3Y6GLebXcW1jKeL819QzGcdkahaR9it0vpnLRCVg/rs:fit/g:sm/q:40/h:150/w:150/czM6Ly9kaXNjb2dz/LWRhdGFiYXNlLWlt/YWdlcy9SLTM0NTM3/MjQzLTE3NTMwNDM4/ODItNTI2MS5qcGVn.jpeg,0,0,0,0,1771441850683,25,0.0,,label
34549567,3504445,"Connecting Realms EP","Doublure, Swales (2)",2025,T2F002,https://www.discogs.com/release/34549567,https://i.discogs.com/DP_2P0hkFgnwGRmRkENUIUjc6pAJov3gbR5VYjKbWtI/rs:fit/g:sm/q:40/h:150/w:150/czM6Ly9kaXNjb2dz/LWRhdGFiYXNlLWlt/YWdlcy9SLTM0NTQ5/NTY3LTE3NjU3Mzc0/MTctNjMyOC5wbmc.jpeg,0,0,0,0,1771441856398,64,0.0,,label
34624522,1287914,"Lost In Dreams EP",Electrodynamique,2022," SUPLU009",https://www.discogs.com/release/34624522,https://i.discogs.com/nfWmxHLqnDBhs9nKxk5JEm4WeQY1iAyjLEj_Sz1zWB8/rs:fit/g:sm/q:40/h:150/w:150/czM6Ly9kaXNjb2dz/LWRhdGFiYXNlLWlt/YWdlcy9SLTM0NjI0/NTIyLTE3NTMzMTA1/NjgtNjU2My5qcGVn.jpeg,0,0,0,0,1771441851663,19,0.0,,label
34636816,3504445,"Infinity Corridor EP",Eversines,2025,RESURRECTION001,https://www.discogs.com/release/34636816,https://i.discogs.com/Ws_JtSoyb5eksIKqSAB-xVS2HpEeIZFucuz2qwepBTw/rs:fit/g:sm/q:40/h:150/w:150/czM6Ly9kaXNjb2dz/LWRhdGFiYXNlLWlt/YWdlcy9SLTM0NjM2/ODE2LTE3NTM0NDIz/NjctMzkzNy5qcGVn.jpeg,0,0,0,0,1771441856398,21,0.0,,label
34637656,3504445,"Pindorama EP","Trajano / Villaça / Criminal Issues / Simas",2025,WTVR001,https://www.discogs.com/release/34637656,https://i.discogs.com/58AuAyVUwuI5sX3AMVCnsdYmAemfzweTS3BmqOr-xRs/rs:fit/g:sm/q:40/h:150/w:150/czM6Ly9kaXNjb2dz/LWRhdGFiYXNlLWlt/YWdlcy9SLTM0NjM3/NjU2LTE3NTM0NTE2/NzgtNjgyMC5wbmc.jpeg,0,0,0,0,1771441856398,22,0.0,,label
34646215,4369585,"Temple Ov Ghosts","Tyler Ov Gaia",,EKSTASIS001,https://www.discogs.com/releases/34646215,https://i.discogs.com/CJyMDlR__8O4NFZseALvtqR5gmJDd81S5uFm_OHycUs/rs:fit/g:sm/q:40/h:150/w:150/czM6Ly9kaXNjb2dz/LWRhdGFiYXNlLWlt/YWdlcy9SLTM0NjQ2/MjE1LTE3NjU3MzA5/MjItOTkzMC5wbmc.jpeg,1,0,0,1,1771445244032,22,0.0,,discogs_want
34708164,921036,"Hi-Tee EP","Data Memory Access",2023,CKNOWEP51,https://www.discogs.com/release/34708164,https://i.discogs.com/Oc7XcaOgyP4NAZvYy9_EuhYqJSoG5qXUxA-53e9EpKU/rs:fit/g:sm/q:40/h:150/w:150/czM6Ly9kaXNjb2dz/LWRhdGFiYXNlLWlt/YWdlcy9SLTM0NzA4/MTY0LTE3NTQxMDE0/NjAtNzIxOC5qcGVn.jpeg,0,0,0,0,1771441861415,93,0.0,,label
34761095,3373479,"Matter Of Time","Christopher Ledger",2025,HDF004,https://www.discogs.com/release/34761095,https://i.discogs.com/PvngueFWNBrC3hMfiAj0obv2V2jOvkY90WoEWDrlkRA/rs:fit/g:sm/q:40/h:150/w:150/czM6Ly9kaXNjb2dz/LWRhdGFiYXNlLWlt/YWdlcy9SLTM0NzYx/MDk1LTE3NTQ1OTcz/MjYtNDg5NC5qcGVn.jpeg,0,0,0,0,1771441857364,7,0.0,,label
34761167,3373479,NRG,"Christopher Ledger",2024,HDF003,https://www.discogs.com/release/34761167,https://i.discogs.com/xHxH1Q47cHkbBMWL6LffWZTlVLmBgY7LcqTxRYNPiRs/rs:fit/g:sm/q:40/h:150/w:150/czM6Ly9kaXNjb2dz/LWRhdGFiYXNlLWlt/YWdlcy9SLTM0NzYx/MTY3LTE3NTQ1OTc4/MDctNDY0NC5qcGVn.jpeg,0,0,0,0,1771441857364,5,0.0,,label
34761245,3373479,"Talk Up Straight","Christopher Ledger",2024,HDF002,https://www.discogs.com/release/34761245,https://i.discogs.com/wcnRWGF1Uz5WV1O_LJ4CtFIJbflH0eJtKrayLt72Jh4/rs:fit/g:sm/q:40/h:150/w:150/czM6Ly9kaXNjb2dz/LWRhdGFiYXNlLWlt/YWdlcy9SLTM0NzYx/MjQ1LTE3NTQ1OTgy/ODMtOTMzOS5qcGVn.jpeg,0,0,0,0,1771441857364,3,0.0,,label
34761374,3373479,Inizializzazione,"Christopher Ledger",2023,HDF001,https://www.discogs.com/release/34761374,https://i.discogs.com/jQc2MVmaikQuf69tDJvZ_NK-5jv0b_tfevAZeAE6Yvw/rs:fit/g:sm/q:40/h:150/w:150/czM6Ly9kaXNjb2dz/LWRhdGFiYXNlLWlt/YWdlcy9SLTM0NzYx/Mzc0LTE3NTQ1OTkz/NTYtNzY1NC5qcGVn.jpeg,1,1,0,0,1771441878168,1,1.0,,label
34761419,3373479,"Echoes In The Night","Taylor Aaron",2023,HDF999,https://www.discogs.com/release/34761419,https://i.discogs.com/ftna5YrmqMItbby891RxDCXH65w8jdiBWqUPDcfSgMI/rs:fit/g:sm/q:40/h:150/w:150/czM6Ly9kaXNjb2dz/LWRhdGFiYXNlLWlt/YWdlcy9SLTM0NzYx/NDE5LTE3NTQ1OTk2/MDQtMTE3MS5qcGVn.jpeg,0,0,0,0,1771441857364,9,0.0,,label
34777334,1592903,Ghanaprajna,"Decoder (9)",2024,FRS026,https://www.discogs.com/release/34777334,https://i.discogs.com/m06n1vq-r-gVC7XuiTJD8h9DuQBR8ytJsBSwavoYFw8/rs:fit/g:sm/q:40/h:150/w:150/czM6Ly9kaXNjb2dz/LWRhdGFiYXNlLWlt/YWdlcy9SLTM0Nzc3/MzM0LTE3NTQ3NTgy/MzEtOTkwOC5qcGVn.jpeg,1,0,0,0,1771441880928,1,0.0,"Track match issue: YouTube quota exceeded for this key. Wait for quota reset or use another key.",label
34780457,1120990,"Icy Hookups","Olsvangèr",2024,OYSTER51,https://www.discogs.com/release/34780457,https://i.discogs.com/whl0foc_DaZTay70Uq6uOQ3IMbgbqlI7drkb35hjjys/rs:fit/g:sm/q:40/h:150/w:150/czM6Ly9kaXNjb2dz/LWRhdGFiYXNlLWlt/YWdlcy9SLTM0Nzgw/NDU3LTE3NTQ3OTM1/MTUtNzkwNS5qcGVn.jpeg,0,0,0,0,1771441850683,92,0.0,,label
34780493,1120990,Hallways,"Olsvangèr & MYKI",2023,OYSTER44,https://www.discogs.com/release/34780493,https://i.discogs.com/BBl7dliB5GTrxY9NMh9HjH30juzgD0b4H_qBxzP7ykQ/rs:fit/g:sm/q:40/h:150/w:150/czM6Ly9kaXNjb2dz/LWRhdGFiYXNlLWlt/YWdlcy9SLTM0Nzgw/NDkzLTE3NTQ3OTM4/ODItMTM1Ny5qcGVn.jpeg,0,0,0,0,1771441850683,82,0.0,,label
34793558,1247544,"Neon Affair (Remixes)","Ayū",2025,HARMONY020,https://www.discogs.com/release/34793558,https://i.discogs.com/zEs6wHxxk3hQ7p8xQlTDSl3B-a1EnmtSere-LWrIyS8/rs:fit/g:sm/q:40/h:150/w:150/czM6Ly9kaXNjb2dz/LWRhdGFiYXNlLWlt/YWdlcy9SLTM0Nzkz/NTU4LTE3NTYzMDUx/OTQtNTAwMC5qcGVn.jpeg,0,0,0,0,1771441860116,69,0.0,,label
34813826,1411307,"Existential Instinct  ","Desirée Falessi",2025,EYA030,https://www.discogs.com/release/34813826,https://i.discogs.com/65br1sOgwqc2TR10so8_Oo9s37L7zDMufRFO1qTW8_w/rs:fit/g:sm/q:40/h:150/w:150/czM6Ly9kaXNjb2dz/LWRhdGFiYXNlLWlt/YWdlcy9SLTM0ODEz/ODI2LTE3NTUxNTY1/NDItNjM4MC5qcGVn.jpeg,0,0,0,0,1771441863643,38,0.0,,label
34815752,852291,"The Night Digger (Original Motion Picture Soundtrack)","Bernard Herrmann",2025,DDR864,https://www.discogs.com/release/34815752,https://i.discogs.com/J7--s9qWZmhnKamsKGkz3PhhIfWQPCar5YBftjtLV_c/rs:fit/g:sm/q:40/h:150/w:150/czM6Ly9kaXNjb2dz/LWRhdGFiYXNlLWlt/YWdlcy9SLTM0ODE1/NzUyLTE3NTUxNzY3/MjgtOTExNS5qcGVn.jpeg,0,0,0,0,1771441866461,59,0.0,,label
34855637,852291,"Hammersmith Is Out (Music From The Original Score)","Dominic Frontiere",2025,DDR870,https://www.discogs.com/release/34855637,https://i.discogs.com/ktDHmZSw7UQIiKQhFrkNNDwfMeA2PUtsMLMsyRwQS3Q/rs:fit/g:sm/q:40/h:150/w:150/czM6Ly9kaXNjb2dz/LWRhdGFiYXNlLWlt/YWdlcy9SLTM0ODU1/NjM3LTE3NTU1NjI5/NzEtMjg0OC5qcGVn.jpeg,0,0,0,0,1771441866461,60,0.0,,label
34880441,847737,Microb,Khidja,2017,MT011,https://www.discogs.com/release/34880441,,0,0,0,0,1771441863768,33,0.0,,label
34881284,847737,"Wabi Sabi",J.A.K.A.M.,2017,MT010,https://www.discogs.com/release/34881284,,0,0,0,0,1771441863768,35,0.0,,label
34889576,1411307,"Made In Japan ",EDMX,2021,EYA014,https://www.discogs.com/release/34889576,,0,0,0,0,1771441863643,24,0.0,,label
34889588,1411307,"Advanced Electronic Systems","Matthew Dexter",2021,EYA013,https://www.discogs.com/release/34889588,,0,0,0,0,1771441863643,22,0.0,,label
34890212,1411307,"All Ears EP",A:G,2020,EYA007,https://www.discogs.com/release/34890212,,0,0,0,0,1771441863643,13,0.0,,label
34890221,1411307,"EYA 005",Various,2019,"EYA 005",https://www.discogs.com/release/34890221,,0,0,0,0,1771441863643,5,0.0,,label
34891922,847737,"Screaming Remixes Vol. 1","C Cat Trance",2017,"ERC046-1, MT0012",https://www.discogs.com/release/34891922,,0,0,0,0,1771441863768,49,0.0,,label
34894295,1015857,"Mazatec EP",Various,2018,AOP004,https://www.discogs.com/release/34894295,,1,1,0,0,1771444142683,11,1.0,,label
34894301,1015857,"Sunken Gardens","Memphis (3)",2018,"AOP 003",https://www.discogs.com/release/34894301,,1,1,0,0,1771444126931,5,1.0,,label
34900319,1411307,"Sleepshop EP",Zots*,2020,EYA011,https://www.discogs.com/release/34900319,,0,0,0,0,1771441863643,18,0.0,,label
34904645,1247544,"Neon Affair (Remixes)","Ayū",2025,HARMONY020,https://www.discogs.com/release/34904645,https://i.discogs.com/KNNp-fGIoOq09LkiFkjyAf0peWORA6Jv9W5yiaTNBFo/rs:fit/g:sm/q:40/h:150/w:150/czM6Ly9kaXNjb2dz/LWRhdGFiYXNlLWlt/YWdlcy9SLTM0OTA0/NjQ1LTE3NTU5ODM5/MzUtNDQ5Mi5qcGVn.jpeg,0,0,0,0,1771441860116,68,0.0,,label
34987385,1798608,Wavelengths,"Sub Basics",2025,ANIMA17,https://www.discogs.com/release/34987385,https://i.discogs.com/ry-CMn7t1bVruhW-YOLI-HmlsQjdFPFumconjwzZSk8/rs:fit/g:sm/q:40/h:150/w:150/czM6Ly9kaXNjb2dz/LWRhdGFiYXNlLWlt/YWdlcy9SLTM0OTg3/Mzg1LTE3NjM2NDQw/MDQtOTk0Ny5qcGVn.jpeg,1,0,0,0,1771451148673,8,0.0,,label
34988522,952963,"Atipic 20",Sublee,2025,ATIPIC020,https://www.discogs.com/release/34988522,,1,0,0,0,1771444151995,25,0.0,"Track match issue: YouTube quota exceeded for this key. Wait for quota reset or use another key.",label
35061497,363756,Possessions,"Hussain Bokhari",2025,MH026,https://www.discogs.com/release/35061497,https://i.discogs.com/xrM6AlMSIUQ_iUX2y0kKbJITDDYNr7cgJS2j67VFl1E/rs:fit/g:sm/q:40/h:150/w:150/czM6Ly9kaXNjb2dz/LWRhdGFiYXNlLWlt/YWdlcy9SLTM1MDYx/NDk3LTE3NTc1MTIx/ODAtNDcyNi5qcGVn.jpeg,1,0,0,0,1771423310711,59,0.0,"Track match issue: YouTube API error 403: {
  ""error"": {
    ""code"": 403,
    ""message"": ""Requests to this API youtube method youtube.api.v3.V3DataSearchService.List are blocked."",
    ""errors"": [
      {
        ""message"": ""Requests to this API youtube method youtube.api.v3.V3DataSearchService.List are blocked."",
        ""domain"": ""global"",
        ""reason"": ""forbidden""
      }
    ],
    ""status"": ""PERMISSION_DENIED"",
    ""details"": [
      {
        ""@type"": ""type.googleapis.com/google.rpc.ErrorInfo"",
        ""reason"": ""API_KEY_SERVICE_BLOCKED"",
        ""domain"": ""googleapis.com"",
        ""metadata"": {
          ""service"": ""youtube.googleapis.com"",
          ""apiName"": ""youtube"",
          ""consumer"": ""projects/1097707475336"",
          ""methodName"": ""youtube.api.v3.V3DataSearchService.List""
        }
      },
      {
        ""@type"": ""type.googleapis.com/google.rpc.LocalizedMessage"",
        ""locale"": ""en-US"",
        ""message"": ""Requests to this API youtube method youtube.api.v3.V3DataSearchService.List are blocked.""
      }
    ]
  }
}
",label
35067209,952963,"Atipic 20",Sublee,2025,ATIPIC020,https://www.discogs.com/release/35067209,https://i.discogs.com/P1YnoJavTWl-nkpLdVPyVonEyLKICPFEyGYKVPlSbw8/rs:fit/g:sm/q:40/h:150/w:150/czM6Ly9kaXNjb2dz/LWRhdGFiYXNlLWlt/YWdlcy9SLTM1MDY3/MjA5LTE3NTc1NzI1/OTQtNDk2MC5qcGVn.jpeg,1,0,0,0,1771444152191,26,0.0,"Track match issue: YouTube quota exceeded for this key. Wait for quota reset or use another key.",label
35250790,1120990,Rainalice,"Volodymyr Gnatenko",2022,OYSTER38,https://www.discogs.com/release/35250790,https://i.discogs.com/OZ4d1CDOzCvOgXIwI1XdVTt77uorT4S4UBoskc8tJ8c/rs:fit/g:sm/q:40/h:150/w:150/czM6Ly9kaXNjb2dz/LWRhdGFiYXNlLWlt/YWdlcy9SLTM1MjUw/NzkwLTE3NTkyODUz/NzctODA3My5qcGVn.jpeg,0,0,0,0,1771441850683,70,0.0,,label
35286694,1592903,"Electro Tropical","Marcela Dias Sindaco",2025,FRS035,https://www.discogs.com/release/35286694,https://i.discogs.com/nZySAUANWdE69zT0ToH517kdrkSibFA5KNEROaQvGBY/rs:fit/g:sm/q:40/h:150/w:150/czM6Ly9kaXNjb2dz/LWRhdGFiYXNlLWlt/YWdlcy9SLTM1Mjg2/Njk0LTE3NjMwMTQw/NjQtMjQzMC5qcGVn.jpeg,0,0,0,0,1771441866063,51,0.0,,label
35310094,921036,"Time To Throw Down EP",Dawl,2019,CKNOWEP19,https://www.discogs.com/release/35310094,https://i.discogs.com/8wcf8lfxdroR0SocJfZmcrBYp0mnV63ctSuiKkAxz4Y/rs:fit/g:sm/q:40/h:150/w:150/czM6Ly9kaXNjb2dz/LWRhdGFiYXNlLWlt/YWdlcy9SLTM1MzEw/MDk0LTE3NTk4NDU3/NDEtOTU5NS5qcGVn.jpeg,0,0,0,0,1771441861415,49,0.0,,label
35328169,1390196,"Rest Here","Car Culture",2025,NAFF028,https://www.discogs.com/release/35328169,https://i.discogs.com/VSVY8OUkMfEjm-mpe1-CW60O2Y2ZEAC7VeAX9Q5Ktyo/rs:fit/g:sm/q:40/h:150/w:150/czM6Ly9kaXNjb2dz/LWRhdGFiYXNlLWlt/YWdlcy9SLTM1MzI4/MTY5LTE3NjAwMjIw/MjQtNjg2MC5wbmc.jpeg,0,0,0,0,1771441853832,34,0.0,,label
35378884,3504445,"The Future EP","Aged Machine",2025,searchingforsomething?...01,https://www.discogs.com/release/35378884,https://i.discogs.com/iFqypZ1CreXspdqviTx4Vs7o8rYF9n4yamreNO7NO0g/rs:fit/g:sm/q:40/h:150/w:150/czM6Ly9kaXNjb2dz/LWRhdGFiYXNlLWlt/YWdlcy9SLTM1Mzc4/ODg0LTE3NjA1MTEx/ODctMzUxNC5qcGVn.jpeg,0,0,0,0,1771441856398,23,0.0,,label
35381386,3504445,"Voice Of Tempo","Ildec / Matole",2025,"VOFT 002",https://www.discogs.com/release/35381386,,0,0,0,0,1771441856398,24,0.0,,label
35441260,852291,"The Outer Limits Season 2 (Original Music From The Television Series)","Harry Lubin",2025,DDR845,https://www.discogs.com/release/35441260,https://i.discogs.com/nLheuyrREvR-U9zv3my4YGIpHtDR-Q302TjPGc-_ejM/rs:fit/g:sm/q:40/h:150/w:150/czM6Ly9kaXNjb2dz/LWRhdGFiYXNlLWlt/YWdlcy9SLTM1NDQx/MjYwLTE3NjEwODkx/MDMtMjg3Ny5qcGVn.jpeg,0,0,0,0,1771441866461,61,0.0,,label
35454049,1411307,"Eya Digital Audio Frequencies Vol.4","Polygon 2",2023,EYADAF004,https://www.discogs.com/release/35454049,https://i.discogs.com/tKLTbefm4nVqXUIZQ1NLhAxudr8v7AtCDonpPQHXnMk/rs:fit/g:sm/q:40/h:150/w:150/czM6Ly9kaXNjb2dz/LWRhdGFiYXNlLWlt/YWdlcy9SLTM1NDU0/MDQ5LTE3NjEyMjEz/MDYtMzUyNy5qcGVn.jpeg,0,0,0,0,1771441863643,42,0.0,,label
35462299,1247544,"Eastern Timbres","Kohra, Monophonik (2)",2025,HARMONY021,https://www.discogs.com/release/35462299,https://i.discogs.com/1TI7TpByjsjg62o9xMjqrB4y1MzaiHG-3_f0JSJhgdk/rs:fit/g:sm/q:40/h:150/w:150/czM6Ly9kaXNjb2dz/LWRhdGFiYXNlLWlt/YWdlcy9SLTM1NDYy/Mjk5LTE3NjEzMDIw/MjAtODU3MC5wbmc.jpeg,0,0,0,0,1771441860116,70,0.0,,label
35492083,952963,"Atipic 21",Lizz,2025,ATIPIC021,https://www.discogs.com/release/35492083,https://i.discogs.com/tmKBwUAe65mJWrGrC-o3RJUPpbq2wxkM17v6nTAma6Q/rs:fit/g:sm/q:40/h:150/w:150/czM6Ly9kaXNjb2dz/LWRhdGFiYXNlLWlt/YWdlcy9SLTM1NDky/MDgzLTE3Njc1MDQ1/MjgtODk3OS5qcGVn.jpeg,1,0,0,0,1771444155788,27,0.0,"Track match issue: YouTube quota exceeded for this key. Wait for quota reset or use another key.",label
35520316,1390196,"Fly In Amber","Cousin & Priori (2)",2025,"NAFF027, MSH016",https://www.discogs.com/release/35520316,https://i.discogs.com/zHcmXfa5stcQN12YH6RRLOrXoBDG_bjQ3KOzugDShZ4/rs:fit/g:sm/q:40/h:150/w:150/czM6Ly9kaXNjb2dz/LWRhdGFiYXNlLWlt/YWdlcy9SLTM1NTIw/MzE2LTE3NjE4MzQw/OTgtODQ1OS5wbmc.jpeg,0,0,0,0,1771441853832,33,0.0,,label
35539267,852291,"Psycho (Complete Music For Alfred Hitchcock's Classic Suspense Thriller)","Bernard Herrmann, National Philharmonic Orchestra",2025,DDR892,https://www.discogs.com/release/35539267,https://i.discogs.com/KQbyMh8k68HZVYAqpTupe5ejOq14953kiQ69Tk6Grw8/rs:fit/g:sm/q:40/h:150/w:150/czM6Ly9kaXNjb2dz/LWRhdGFiYXNlLWlt/YWdlcy9SLTM1NTM5/MjY3LTE3NjIwMDgy/NzEtODc5My5qcGVn.jpeg,0,0,0,0,1771441866461,62,0.0,,label
35549317,1411307,"Beginning To Fly Ep","Dominik Marz",2025,EYA031,https://www.discogs.com/release/35549317,https://i.discogs.com/WcMx-cmQngmR2vsQ_YIHxiwlyus-uyRHhxsutZVjErg/rs:fit/g:sm/q:40/h:150/w:150/czM6Ly9kaXNjb2dz/LWRhdGFiYXNlLWlt/YWdlcy9SLTM1NTQ5/MzE3LTE3NjIwOTEz/NTgtMTc0Ny5qcGVn.jpeg,0,0,0,0,1771441863643,39,0.0,,label
35559607,1038740,Reason,M.O.H,2025,DISCARDED-110,https://www.discogs.com/release/35559607,https://i.discogs.com/ZiQQOCr8VHgkjRrwHsbLYm0mVB8snVc1Twy3D0I49uU/rs:fit/g:sm/q:40/h:150/w:150/czM6Ly9kaXNjb2dz/LWRhdGFiYXNlLWlt/YWdlcy9SLTM1NTU5/NjA3LTE3NjIxODQ5/NTAtNTc3Ny5qcGVn.jpeg,1,0,0,0,1771447968001,8,0.0,"Track match issue: YouTube quota exceeded for this key. Wait for quota reset or use another key.",label
35585914,363756,Simulacra,"Slow Riffs",2025,MH037,https://www.discogs.com/release/35585914,https://i.discogs.com/m4aWAwpnVCQlUFVQbOpv1HzwqpRsG8wVluC6a77XFxY/rs:fit/g:sm/q:40/h:150/w:150/czM6Ly9kaXNjb2dz/LWRhdGFiYXNlLWlt/YWdlcy9SLTM1NTg1/OTE0LTE3NjI0Mzc4/NTEtODEwMS5qcGVn.jpeg,1,0,0,0,1771423352619,72,0.0,"Track match issue: YouTube API error 403: {
  ""error"": {
    ""code"": 403,
    ""message"": ""Requests to this API youtube method youtube.api.v3.V3DataSearchService.List are blocked."",
    ""errors"": [
      {
        ""message"": ""Requests to this API youtube method youtube.api.v3.V3DataSearchService.List are blocked."",
        ""domain"": ""global"",
        ""reason"": ""forbidden""
      }
    ],
    ""status"": ""PERMISSION_DENIED"",
    ""details"": [
      {
        ""@type"": ""type.googleapis.com/google.rpc.ErrorInfo"",
        ""reason"": ""API_KEY_SERVICE_BLOCKED"",
        ""domain"": ""googleapis.com"",
        ""metadata"": {
          ""service"": ""youtube.googleapis.com"",
          ""consumer"": ""projects/1097707475336"",
          ""apiName"": ""youtube"",
          ""methodName"": ""youtube.api.v3.V3DataSearchService.List""
        }
      },
      {
        ""@type"": ""type.googleapis.com/google.rpc.LocalizedMessage"",
        ""locale"": ""en-US"",
        ""message"": ""Requests to this API youtube method youtube.api.v3.V3DataSearchService.List are blocked.""
      }
    ]
  }
}
",label
35592202,2910968,"Glow EP",Dreamphaze,2025,P&P004,https://www.discogs.com/release/35592202,https://i.discogs.com/ClrECFjWxJhsMkjMsDhK6PduOYfaC_zEXlt3515OrYg/rs:fit/g:sm/q:40/h:150/w:150/czM6Ly9kaXNjb2dz/LWRhdGFiYXNlLWlt/YWdlcy9SLTM1NTky/MjAyLTE3NjI1NDgy/MzYtNzg2NC5qcGVn.jpeg,0,0,0,0,1771441854908,3,0.0,,label
35600362,3504445,"Voice of tempo","Ildec, Matole",2025,"VOFT 002",https://www.discogs.com/release/35600362,https://i.discogs.com/3spwD8zlpXgFMS6dg8kyKfOnEOchI5QxGgTSOoX_5EU/rs:fit/g:sm/q:40/h:150/w:150/czM6Ly9kaXNjb2dz/LWRhdGFiYXNlLWlt/YWdlcy9SLTM1NjAw/MzYyLTE3NjI1Njcx/MjUtOTY5Ni5qcGVn.jpeg,0,0,0,0,1771441856398,63,0.0,,label
35623822,147719,"Lost Ones ","Les Rallizes Denudes",2000,001,https://www.discogs.com/release/35623822,https://i.discogs.com/m_yszqlHUCg7UsKepFwKgJHtFDcstdsSE38OrnxUKkE/rs:fit/g:sm/q:40/h:150/w:150/czM6Ly9kaXNjb2dz/LWRhdGFiYXNlLWlt/YWdlcy9SLTM1NjIz/ODIyLTE3NjI3ODAy/NTctODMyMi5qcGVn.jpeg,1,0,0,0,1771441871226,0,0.0,"Track match issue: YouTube quota exceeded for this key. Wait for quota reset or use another key.",label
35643226,1247544,"The Golden Mother","The Evil B-Side Twins",2025,HARMONY022,https://www.discogs.com/release/35643226,https://i.discogs.com/lOU0oYvQa7qcN9ZuJk9QSoKBy3d-ApoRH0MzbUN1HeA/rs:fit/g:sm/q:40/h:150/w:150/czM6Ly9kaXNjb2dz/LWRhdGFiYXNlLWlt/YWdlcy9SLTM1NjQz/MjI2LTE3NjcyMDc1/NzAtMzM4My5qcGVn.jpeg,0,0,0,0,1771441860116,71,0.0,,label
35648863,363756,"Mondo Tempo","Freak Heat Waves",2023,none,https://www.discogs.com/release/35648863,https://i.discogs.com/OTI1zmm8opHr2VI3MpZWYLxmyJZ_0u26IKMlBaB5v9Q/rs:fit/g:sm/q:40/h:150/w:150/czM6Ly9kaXNjb2dz/LWRhdGFiYXNlLWlt/YWdlcy9SLTM1NjQ4/ODYzLTE3NjMwMTEx/OTAtODE5NS5qcGVn.jpeg,1,0,0,0,1771423458912,91,0.0,"Track match issue: YouTube API error 403: {
  ""error"": {
    ""code"": 403,
    ""message"": ""Requests to this API youtube method youtube.api.v3.V3DataSearchService.List are blocked."",
    ""errors"": [
      {
        ""message"": ""Requests to this API youtube method youtube.api.v3.V3DataSearchService.List are blocked."",
        ""domain"": ""global"",
        ""reason"": ""forbidden""
      }
    ],
    ""status"": ""PERMISSION_DENIED"",
    ""details"": [
      {
        ""@type"": ""type.googleapis.com/google.rpc.ErrorInfo"",
        ""reason"": ""API_KEY_SERVICE_BLOCKED"",
        ""domain"": ""googleapis.com"",
        ""metadata"": {
          ""service"": ""youtube.googleapis.com"",
          ""consumer"": ""projects/1097707475336"",
          ""methodName"": ""youtube.api.v3.V3DataSearchService.List"",
          ""apiName"": ""youtube""
        }
      },
      {
        ""@type"": ""type.googleapis.com/google.rpc.LocalizedMessage"",
        ""locale"": ""en-US"",
        ""message"": ""Requests to this API youtube method youtube.api.v3.V3DataSearchService.List are blocked.""
      }
    ]
  }
}
",label
35714869,1390196,Allergic,"B. McQueen, Priori (2)",2025,NAFF030,https://www.discogs.com/release/35714869,https://i.discogs.com/-HhOTJCBPYZ34aIwRznsNQxaGUFHX6niBUB-AXbCa5c/rs:fit/g:sm/q:40/h:150/w:150/czM6Ly9kaXNjb2dz/LWRhdGFiYXNlLWlt/YWdlcy9SLTM1NzE0/ODY5LTE3NjM2NTIy/NTEtNDgxNS5wbmc.jpeg,0,0,0,0,1771441853832,37,0.0,,label
35723503,3803408,LWS002,"Francesco Carvetta",2025,LWS002,https://www.discogs.com/release/35723503,https://i.discogs.com/NOrxmsvwyc64h5Caa1a9gAiC3L0-rPQezIAIaRdgVpo/rs:fit/g:sm/q:40/h:150/w:150/czM6Ly9kaXNjb2dz/LWRhdGFiYXNlLWlt/YWdlcy9SLTM1NzIz/NTAzLTE3NjM3Mzc1/OTYtMjg5Mi5qcGVn.jpeg,1,1,0,0,1771441878498,1,0.25,"Track match issue: YouTube quota exceeded for this key. Wait for quota reset or use another key.",label
35723587,3504445,"Nocturnal Rites",Twovi,2025,001,https://www.discogs.com/release/35723587,https://i.discogs.com/ZhZNNCsJ1w-o4t34hSs4br2cBHuewARRrmUTB89r8ZA/rs:fit/g:sm/q:40/h:150/w:150/czM6Ly9kaXNjb2dz/LWRhdGFiYXNlLWlt/YWdlcy9SLTM1NzIz/NTg3LTE3NjQzNTA0/MTItMjg1MC5qcGVn.jpeg,0,0,0,0,1771441856398,26,0.0,,label
35724121,3504445,"Heaven In Hell","S. Ugo R.*",2025,PANAVISION02,https://www.discogs.com/release/35724121,https://i.discogs.com/ZNaX5q1-bPpWixH-QsahkdzrD25JkBPvNV204Ja5qSg/rs:fit/g:sm/q:40/h:150/w:150/czM6Ly9kaXNjb2dz/LWRhdGFiYXNlLWlt/YWdlcy9SLTM1NzI0/MTIxLTE3NjU2NTA0/OTMtNjIxNC5qcGVn.jpeg,0,0,0,0,1771441856398,27,0.0,,label
35785963,1120990,MINERAL06,"Charles Ostrov, Blueberry",2023,MINERAL06,https://www.discogs.com/release/35785963,https://i.discogs.com/wjeLSYIJbap_si_x1BiYHdDgHQr4ze2KvckmosJYpVU/rs:fit/g:sm/q:40/h:150/w:150/czM6Ly9kaXNjb2dz/LWRhdGFiYXNlLWlt/YWdlcy9SLTM1Nzg1/OTYzLTE3NjQzMzUy/MDAtNTExNS5qcGVn.jpeg,0,0,0,0,1771441850683,26,0.0,,label
35812927,473973,"Shattering The Shutters EP","Muster Men",2025,AOD020,https://www.discogs.com/release/35812927,https://i.discogs.com/Ru-R2TbzoVBeXZLd-pvOgRkgqYdWxC_S-FZg6_cHnhQ/rs:fit/g:sm/q:40/h:150/w:150/czM6Ly9kaXNjb2dz/LWRhdGFiYXNlLWlt/YWdlcy9SLTM1ODEy/OTI3LTE3NjgyOTQ5/NzQtNDY3Ny5wbmc.jpeg,0,0,0,0,1771441859879,22,0.0,,label
35846992,3504445,"Neural Echoes EP",Twineffect,2025,X2S005,https://www.discogs.com/release/35846992,https://i.discogs.com/__AU6Q_5dV1WoJ4SfuDxFwlPXjIqu9CeMMKyPa7n6UQ/rs:fit/g:sm/q:40/h:150/w:150/czM6Ly9kaXNjb2dz/LWRhdGFiYXNlLWlt/YWdlcy9SLTM1ODQ2/OTkyLTE3NjQ5NDMw/MDUtMTMyNi5qcGVn.jpeg,0,0,0,0,1771441856398,28,0.0,,label
35847475,3504445,"Xylo EP",A:G,2025,NE002,https://www.discogs.com/release/35847475,https://i.discogs.com/DuSn_ATejTLpXRrEcyklLU4610Q3VysyF88yOSwlucg/rs:fit/g:sm/q:40/h:150/w:150/czM6Ly9kaXNjb2dz/LWRhdGFiYXNlLWlt/YWdlcy9SLTM1ODQ3/NDc1LTE3NjgzODc2/NjAtNDg3Ni5qcGVn.jpeg,0,0,0,0,1771441856398,29,0.0,,label
35849794,363756,Selfless,Musicentrydelete,2025,MH036,https://www.discogs.com/release/35849794,https://i.discogs.com/WwXcxkuTW-xk5Ce05qpkzKhKuTD69mogGrQ-w6bWIMM/rs:fit/g:sm/q:40/h:150/w:150/czM6Ly9kaXNjb2dz/LWRhdGFiYXNlLWlt/YWdlcy9SLTM1ODQ5/Nzk0LTE3NjQ5NjE3/NjAtMTUyNC5qcGVn.jpeg,1,0,0,0,1771423349768,71,0.0,"Track match issue: YouTube API error 403: {
  ""error"": {
    ""code"": 403,
    ""message"": ""Requests to this API youtube method youtube.api.v3.V3DataSearchService.List are blocked."",
    ""errors"": [
      {
        ""message"": ""Requests to this API youtube method youtube.api.v3.V3DataSearchService.List are blocked."",
        ""domain"": ""global"",
        ""reason"": ""forbidden""
      }
    ],
    ""status"": ""PERMISSION_DENIED"",
    ""details"": [
      {
        ""@type"": ""type.googleapis.com/google.rpc.ErrorInfo"",
        ""reason"": ""API_KEY_SERVICE_BLOCKED"",
        ""domain"": ""googleapis.com"",
        ""metadata"": {
          ""service"": ""youtube.googleapis.com"",
          ""consumer"": ""projects/1097707475336"",
          ""apiName"": ""youtube"",
          ""methodName"": ""youtube.api.v3.V3DataSearchService.List""
        }
      },
      {
        ""@type"": ""type.googleapis.com/google.rpc.LocalizedMessage"",
        ""locale"": ""en-US"",
        ""message"": ""Requests to this API youtube method youtube.api.v3.V3DataSearchService.List are blocked.""
      }
    ]
  }
}
",label
35983177,4377691,"Peaking In Parallel","Paddy Lee (2)",,IM001,https://www.discogs.com/releases/35983177,https://i.discogs.com/cMO3R7tYpTFdEYBc-4v6AgyVI4xYw6QIxOibWC2ABTg/rs:fit/g:sm/q:40/h:150/w:150/czM6Ly9kaXNjb2dz/LWRhdGFiYXNlLWlt/YWdlcy9SLTM1OTgz/MTc3LTE3NjYzNDM4/MTktODY3Ni5qcGVn.jpeg,1,0,0,1,1771445244032,33,0.0,,discogs_want
36003811,1120990,"A Detroit Summer EP","Placid Angles",2025,OYSTER58,https://www.discogs.com/release/36003811,https://i.discogs.com/xZ8ainajszQ-BLHf6vINHtKfFbYjJVzoXqlb0su9Vts/rs:fit/g:sm/q:40/h:150/w:150/czM6Ly9kaXNjb2dz/LWRhdGFiYXNlLWlt/YWdlcy9SLTM2MDAz/ODExLTE3Njc4OTQy/MjgtMjc0Ni5qcGVn.jpeg,0,0,0,0,1771441850683,99,0.0,,label
36066400,1247544,"Align Align",Jamida,2025,HARMONY-X001,https://www.discogs.com/release/36066400,https://i.discogs.com/iBL0SuKuTNkMxoCsK9cjF17DLBeu2tqLWtZoTk80N_s/rs:fit/g:sm/q:40/h:150/w:150/czM6Ly9kaXNjb2dz/LWRhdGFiYXNlLWlt/YWdlcy9SLTM2MDY2/NDAwLTE3NjcyMDU1/NjctNTc2MC5qcGVn.jpeg,0,0,0,0,1771441860116,2,0.0,,label
36066526,1247544,"Default Mode","Raleigh (4) And Takenaga",2025,HARMONY-X002,https://www.discogs.com/release/36066526,https://i.discogs.com/y856x25lKu8qK0qUCNjai1IUq8Cz2NH1ickD_4Mnr6Y/rs:fit/g:sm/q:40/h:150/w:150/czM6Ly9kaXNjb2dz/LWRhdGFiYXNlLWlt/YWdlcy9SLTM2MDY2/NTI2LTE3NjcyMDcw/NDItNzMyOC5qcGVn.jpeg,0,0,0,0,1771441860116,21,0.0,,label
36066592,1247544,"Default Mode","Raleigh (4), Takenaga",2025,HARMONY-X002,https://www.discogs.com/release/36066592,https://i.discogs.com/rtaWqjgcxK9chUvK8Ckc_BG_lMjkorkPWE45bMewWvI/rs:fit/g:sm/q:40/h:150/w:150/czM6Ly9kaXNjb2dz/LWRhdGFiYXNlLWlt/YWdlcy9SLTM2MDY2/NTkyLTE3NjcyMDcx/NzQtODk0MC5qcGVn.jpeg,0,0,0,0,1771441860116,22,0.0,,label
36176317,1682339,"What Brings You In","Leslie Ting (2)",2024,"PPR 045",https://www.discogs.com/release/36176317,https://i.discogs.com/voqW8cX0tq8qM6Mqdp4saE9HkZOwtsMSemsPyUlRhdY/rs:fit/g:sm/q:40/h:150/w:150/czM6Ly9kaXNjb2dz/LWRhdGFiYXNlLWlt/YWdlcy9SLTM2MTc2/MzE3LTE3NjgxODIx/NzMtNzEyMy5qcGVn.jpeg,0,0,0,0,1771441854974,7,0.0,,label
36276853,1798608,Saense,Aedis,2025,ANIMA18,https://www.discogs.com/release/36276853,https://i.discogs.com/GeM6Gqz6wg3nug04FXPqcRWbfJq-UoJeTsS9XCzOZG8/rs:fit/g:sm/q:40/h:150/w:150/czM6Ly9kaXNjb2dz/LWRhdGFiYXNlLWlt/YWdlcy9SLTM2Mjc2/ODUzLTE3NjkwMTA2/MzYtOTgyOC5qcGVn.jpeg,1,1,0,1,1771451153227,9,0.75,,label
36294067,852291,"The Hills Have Eyes (Original Motion Picture Soundtrack)","Don Peake",2026,"SILLP 1817",https://www.discogs.com/release/36294067,https://i.discogs.com/xGpxVItj1YZI9lprE2qE6HuUl1W0fcDOYy2AqJ_Z_0w/rs:fit/g:sm/q:40/h:150/w:150/czM6Ly9kaXNjb2dz/LWRhdGFiYXNlLWlt/YWdlcy9SLTM2Mjk0/MDY3LTE3NjkxNzU5/ODctNzg3Mi5qcGVn.jpeg,0,0,0,0,1771441866461,63,0.0,,label
36350635,3504445,"Ghosts of Azerbaijan (with Cristi Cons Remix)","Reformed Society",2026,EPHCS008,https://www.discogs.com/release/36350635,https://i.discogs.com/HK5R3lhj9SAME7QTWopeZIQUzeo_atzs40BuLxhCnDI/rs:fit/g:sm/q:40/h:150/w:150/czM6Ly9kaXNjb2dz/LWRhdGFiYXNlLWlt/YWdlcy9SLTM2MzUw/NjM1LTE3Njk3MDc3/NTktODMyMy5qcGVn.jpeg,0,0,0,0,1771441856398,30,0.0,,label
36350917,473973,"Storm In The Matrix","Otis (31)",2026,AOD021,https://www.discogs.com/release/36350917,https://i.discogs.com/fhbO5d9kvEzP_nbhbQDUvoZbVI0xAW4F5w25h5lRtpg/rs:fit/g:sm/q:40/h:150/w:150/czM6Ly9kaXNjb2dz/LWRhdGFiYXNlLWlt/YWdlcy9SLTM2MzUw/OTE3LTE3Njk3MDkz/MjQtNjUxOC5qcGVn.jpeg,0,0,0,0,1771441859879,23,0.0,,label
36398809,1247544,"Spiral Motion","Ayū",2026,HARMONY023,https://www.discogs.com/release/36398809,https://i.discogs.com/_AGOYx88dJc8jYRz9Zc8XBTzRjJUrDblDczp1FMXKWo/rs:fit/g:sm/q:40/h:150/w:150/czM6Ly9kaXNjb2dz/LWRhdGFiYXNlLWlt/YWdlcy9SLTM2Mzk4/ODA5LTE3NzAxNTQ4/MTgtMTYyNC5qcGVn.jpeg,0,0,0,0,1771441860116,72,0.0,,label
36415069,1390196,"Ultra Villain","Maara (2)",2026,NAFF029,https://www.discogs.com/release/36415069,https://i.discogs.com/eLBcEq3B_n9Q2oyXlcWQJQZjX5UtJ3oaIxgc7a9rmN8/rs:fit/g:sm/q:40/h:150/w:150/czM6Ly9kaXNjb2dz/LWRhdGFiYXNlLWlt/YWdlcy9SLTM2NDE1/MDY5LTE3NzAzMTY4/MDgtODA3NS5wbmc.jpeg,0,0,0,0,1771441853832,36,0.0,,label
36418525,473973,"Caracal EP",BufoBufo,2022,AOD012,https://www.discogs.com/release/36418525,https://i.discogs.com/8Wp8ai3UCEmWa8TK97uDelbfV8wkIOMUAvYY_tTX6Xg/rs:fit/g:sm/q:40/h:150/w:150/czM6Ly9kaXNjb2dz/LWRhdGFiYXNlLWlt/YWdlcy9SLTM2NDE4/NTI1LTE3NzAzNDky/MjAtMTkzOC5qcGVn.jpeg,0,0,0,0,1771441859879,14,0.0,,label
36437701,1682339,"For Electric Guitar","Tim Brady",2025,"PPR 070",https://www.discogs.com/release/36437701,https://i.discogs.com/mcTd4TLoLb4bq7yyqv2MFVJEQLsICYEOrVI3pSKVzTs/rs:fit/g:sm/q:40/h:150/w:150/czM6Ly9kaXNjb2dz/LWRhdGFiYXNlLWlt/YWdlcy9SLTM2NDM3/NzAxLTE3NzA1MDAz/NzgtMzAyMi5qcGVn.jpeg,0,0,0,0,1771441854974,9,0.0,,label
36452751,1411307,"Espiralia EP",LVCA,2025,EYA032,https://www.discogs.com/release/36452751,https://i.discogs.com/lWhY9HrytK6HOkwoL73DLW4zZHdVfnw1QJu0lcKF07Y/rs:fit/g:sm/q:40/h:150/w:150/czM6Ly9kaXNjb2dz/LWRhdGFiYXNlLWlt/YWdlcy9SLTM2NDUy/NzUxLTE3NzA2NDE3/NzgtNjA0NC5qcGVn.jpeg,0,0,0,0,1771441863643,40,0.0,,label
36460854,2430592,"New Era E.P.","Planet Love",2021,BKSP001,https://www.discogs.com/release/36460854,https://i.discogs.com/zfxU-wHjJDBFtVZf4omxXg3h88zKP7imOEmcpmUQvOI/rs:fit/g:sm/q:40/h:150/w:150/czM6Ly9kaXNjb2dz/LWRhdGFiYXNlLWlt/YWdlcy9SLTM2NDYw/ODU0LTE3NzA3MTQ1/MDQtMzgxNi5qcGVn.jpeg,1,1,0,0,1771441887208,1,1.0,,label
36471355,1120990,"Trip 2 Fantasy","Furious Frank",2020,OYSTER28,https://www.discogs.com/release/36471355,https://i.discogs.com/6XakYORA09zaykb5zcULYJsMpAHtnh64toSVhR41qYk/rs:fit/g:sm/q:40/h:150/w:150/czM6Ly9kaXNjb2dz/LWRhdGFiYXNlLWlt/YWdlcy9SLTM2NDcx/MzU1LTE3NzA4MTEw/MDctNDUzNi5qcGVn.jpeg,0,0,0,0,1771441850683,56,0.0,,label
